Timestamp,Temperature_C,Battery_Voltage_V,Battery_Current_A,Power_Consumption_W,Solar_Panel_Output_W,Gyro_X,Gyro_Y,Gyro_Z,Signal_Strength_dBm,Ground_Truth,dT_dt,dV_dt,Power_Delta,Gyro_Magnitude,Gyro_Rolling_Std
2026-09-19 00:00:00,22.394903451255857,28.16170449245217,2.0668904756925595,123.28530630002508,180.99342830602245,-0.0010850920572829572,0.004910563441123365,0.05346146943952402,-62.29566561208543,0,0.0,0.0,57.70812200599737,0.05369748385832651,0.0
2026-09-19 00:01:00,21.32731845373856,28.089500757394692,2.142039818545447,123.6378995420948,180.7218055641259,-0.02593825226543965,0.01117116306563144,0.042234567104698216,-61.62684350819126,0,-1.0675849975172973,-0.07220373505747801,57.0839060220311,0.050806953001983596,0.0020439139697490337
2026-09-19 00:02:00,22.03250858296586,28.44668270957637,1.7716871669009189,128.17940446642848,183.282070384152,0.017416351037269285,0.011813760896883818,0.05746394873522204,-61.00193797601011,0,0.7051901292273008,0.35718195218167637,55.10266591772353,0.061196402134654604,0.0053623626202585414
2026-09-19 00:03:00,22.323062840986857,28.51515919239369,1.670043826259813,131.37305975816065,186.00126177942946,0.014870213406691932,-0.028179685999034698,0.052653280549999,-63.12977536562665,0,0.29055425802099677,0.06847648281732077,54.628202021268805,0.06154336603113008,0.005396591617047721
2026-09-19 00:04:00,22.54876281632003,28.684012963282264,2.2238841353300103,121.7574854718243,183.42587667363983,-0.013511370571824326,0.016481731610885272,0.04659604843284136,-61.154219595713045,0,0.2256999753331712,0.16885377088857467,61.66839120181554,0.05123862157765481,0.005296488961196849
2026-09-19 00:05:00,23.09049472237386,28.620955883855242,1.9299868717795743,128.5008094715451,184.32598147214367,0.014149744144107237,0.006063076567525467,0.04287959344581977,-61.63898518740721,0,0.5417319060538333,-0.06305707942702199,55.82517200059857,0.04555914497536321,0.006290478370471846
2026-09-19 00:06:00,23.269092167561528,28.753254520451055,2.2818438607235527,128.42125643044773,188.80485036496512,0.0074981537260155155,-0.012705227691172178,0.04815115016901314,-62.87504180513549,0,0.17859744518766618,0.13229863659581298,60.38359393451739,0.05036048433625657,0.005905478461663828
2026-09-19 00:07:00,23.48978840147431,29.102723107363268,1.9058766307552537,134.16501333462534,187.97704633068273,-0.025612242907222166,-0.014993339018918278,0.04183098748172431,-63.58281811618204,0,0.2206962339127827,0.34946858691221294,53.81203299605738,0.05128955756653537,0.005522287568983055
2026-09-19 00:08:00,23.736497817474348,29.295706983669913,2.0906464097134942,128.8449345648614,186.2346121371253,-0.01707857829142715,-0.0066810616411369095,0.05058438694883588,-62.52610550037659,0,0.24670941600003715,0.19298387630664493,57.389677572263906,0.05380608352313551,0.005169427757058239
2026-09-19 00:09:00,23.454830765701224,29.299086400713815,1.7385171450554657,131.14896695422277,188.91838918344678,0.022765628897791587,-0.02597483373220984,0.0508543868521991,-63.86452187708063,0,-0.28166705177312323,0.003379417043902322,57.769422229224006,0.06147466558380802,0.005520236097861613
2026-09-19 00:10:00,23.552249334374615,29.43705516662671,2.4156910680011245,130.4237714202624,187.48787446245404,0.006188323702841007,0.03444534781974051,0.0526170728347634,-61.95908241858822,0,0.09741856867339038,0.13796876591289475,57.06410304219165,0.06319282942211753,0.006216556333509532
2026-09-19 00:11:00,24.209644820324993,29.729521863608777,2.266162800597002,123.6083005605784,187.98061409347383,-0.011286058916212522,0.029723026502866887,0.06766242409671855,-64.29847639772807,0,0.6573954859503779,0.29246669698206773,64.37231353289543,0.07475986266035102,0.008570388196117447
2026-09-19 00:12:00,24.06950027148621,29.84967567529452,2.193077885243166,132.3046216498952,189.80431540280435,-0.01716951782345284,0.009034004019518786,0.04867555280300428,-62.831386889232434,0,-0.14014454883878358,0.1201538116857428,57.49969375290914,0.05239957071954506,0.008593653398208183
2026-09-19 00:13:00,23.949603109333765,29.891664076245807,1.8028828034020563,130.64618951636885,185.80902136485633,-0.010307875962308418,-0.004467968326841818,0.06004597867124482,-63.67545868949563,0,-0.11989716215244428,0.04198840095128631,55.162831848487485,0.06108792517684314,0.008565483306212667
2026-09-19 00:14:00,24.86827403431321,30.087040831354635,2.0215968274375666,131.52480591902378,186.40466163485854,-0.00888959059755409,-0.003942159758747906,0.05229587396975702,-64.38096884504613,0,0.9186709249794447,0.19537675510882835,54.879855715834765,0.05319232913509544,0.00845326031026888
2026-09-19 00:15:00,25.145085612044028,29.986257232447727,1.420561821875394,141.77871311930897,188.85037480755858,-0.016919260652585033,0.015161314123479363,0.04761755698101546,-64.15686441913348,0,0.2768115777308182,-0.10078359890690791,47.071661688249606,0.05275944048055458,0.007667877312158786
2026-09-19 00:16:00,25.33657263050769,30.15339455781637,2.384071160803433,123.74766118150424,187.9700737897462,-0.03483528224766605,0.03515653799003901,0.04880840730048766,-63.21430411045682,0,0.19148701846366123,0.16713732536864256,64.22241260824197,0.06951071626684559,0.008085463427658214
2026-09-19 00:17:00,25.061223937003586,30.42936116457182,1.9063427838525446,135.1740899492833,190.54514276971523,0.02280026572801571,-0.011407934791934865,0.0494117359083195,-65.7316970036941,0,-0.2753486935041032,0.2759666067554498,55.37105282043191,0.05560137353482085,0.007714474581446579
2026-09-19 00:18:00,25.321087267301802,30.336929927912045,2.105294197784992,129.13765744179892,187.92242815773952,0.019412673452228864,-0.022351720852466485,0.05279767707728217,-65.19994495018871,0,0.2598633302982165,-0.09243123665977393,58.784770715940596,0.060531363939584436,0.007423629257649044
2026-09-19 00:19:00,25.664622486166067,30.397901122440906,2.1316093332043953,130.86198671320903,186.63839347420355,-0.02546510903613719,0.030952815471905423,0.040406792347810305,-65.78935359904862,0,0.34353521886426464,0.060971194528860906,55.77640676099452,0.0569144747116166,0.007493494201695575
2026-09-19 00:20:00,25.173459202224556,30.660439412005058,1.9735208142560743,129.86346326409628,192.02427180609993,0.0027262259112733533,-0.03574277175168903,0.03534659616555033,-65.32578777759184,0,-0.49116328394151054,0.2625382895641515,62.16080854200365,0.05034242644830635,0.007970811911726826
2026-09-19 00:21:00,25.802896207592294,30.323690108386273,1.986432013367077,128.72729099980586,188.18054106551568,-0.018044764054295333,-0.020170616165052925,0.05654297393474276,-66.21941905946113,0,0.6294370053677376,-0.3367493036187845,59.453250065709824,0.06268632360920588,0.005920204182570034
2026-09-19 00:22:00,25.647448310488706,30.56610154650185,2.231804828799068,128.2905012152837,188.22002044757173,-0.005231344464530706,-0.004937157850217056,0.05898123832581259,-67.54667562124311,0,-0.15544789710358842,0.2424114381155782,59.929519232288015,0.059418254492965714,0.0056582493244208215
2026-09-19 00:23:00,25.925169256744862,30.66464448830406,2.3346096357172508,130.98852620671903,184.60755574934026,-0.00689533159747313,-0.031208669356100623,0.057456358328028034,-67.07218436056013,0,0.2777209462561565,0.0985429418022079,53.619029542621234,0.06574769770217267,0.006096964257890533
2026-09-19 00:24:00,25.783984250131684,30.466448214953907,2.123004513298996,125.44847890998496,185.66586635646115,-0.00855668431435745,0.022242981256131965,0.05154972018556473,-64.61068549110331,0,-0.14118500661317768,-0.19819627335015255,60.217387446476195,0.05679208318794292,0.005838373641195363
2026-09-19 00:25:00,26.184815490346747,30.574482973064896,2.0451854063667154,132.2517375025653,186.2065666204593,0.040058941681525725,0.017138105410102,0.05767224627453289,-66.22444128464858,0,0.4008312402150622,0.10803475811098906,53.95482911789401,0.07228085124043587,0.00670753999634552
2026-09-19 00:26:00,25.92128987043123,30.368847838736738,1.9108060552435107,128.75141678534425,182.85302656337004,-0.008806513693523808,-0.011495864544306343,0.05713429026017142,-66.47132588451915,0,-0.2635256199155158,-0.2056351343281584,54.10160977802579,0.05894095951533858,0.006010975784776798
2026-09-19 00:27:00,25.45769971346641,30.365945837638755,2.4747135066709283,126.60979198287893,185.02519483902964,-0.016165276501338494,0.025592282383554956,0.05787629358954955,-67.16713325817686,0,-0.46359015696481976,-0.002902001097982776,58.415402856150706,0.0653142131670288,0.00601933120284972
2026-09-19 00:28:00,26.377376909648255,30.42986848531568,1.56122147716798,128.64996142601257,182.14860412172143,-0.015251628589940959,0.028985848568076525,0.04140459178657887,-67.1238998433588,0,0.9196771961818442,0.06392264767692524,53.49864269570887,0.05279329325653215,0.006545886242353881
2026-09-19 00:29:00,25.68659274185872,30.417356894063452,1.7345548568612117,133.77144765058773,181.80910579255325,0.020875539128035105,-0.002263412965801271,0.03903048202845369,-67.67545742466288,0,-0.6907841677895341,-0.01251159125222756,48.03765814196552,0.04432030798080411,0.008227381326639997
2026-09-19 00:30:00,26.365897409489392,30.38533721830483,1.5253837689014642,128.39399473895133,180.20778685613988,-0.0330420466338587,-0.00901336355136015,0.0461143075324773,-66.87650231559974,0,0.6793046676306709,-0.03201967575862241,51.81379211718854,0.05744168283975473,0.007699777442922832
2026-09-19 00:31:00,25.972062192325332,30.35585020273785,1.393150047989868,131.07536085462885,184.12036299335077,-0.015252458328710404,0.045192040554849565,0.049826158904573446,-67.44372650181414,0,-0.3938352171640602,-0.029487015566978414,53.04500213872191,0.06897538782612259,0.008221441520561203
2026-09-19 00:32:00,26.351097707725334,30.10801725155935,1.901711444316233,127.80713117285359,179.38926411624834,0.02893645680223068,0.0144232364416831,0.047580788728677104,-68.83924791479774,0,0.3790355154000018,-0.24783295117850201,51.582132943394754,0.05752633951298365,0.008263155599043118
2026-09-19 00:33:00,26.327890698275706,30.140602185066236,1.600519403903951,132.27376554977087,176.30712120065573,0.0048797237599529355,0.005126493059377067,0.031233096686621248,-67.51918263279319,0,-0.023207009449627947,0.03258493350688596,44.03335565088486,0.03202497406239577,0.011791038440034977
2026-09-19 00:34:00,26.095702134104485,29.884509660615223,1.6227881691503974,132.0565232163706,179.08967880393806,0.0038384401007222646,0.02727091893279225,0.06721692612135143,-70.31733133198499,0,-0.2321885641712207,-0.25609252445101305,47.03315558756745,0.07263987747132408,0.012832610325217925
2026-09-19 00:35:00,26.08850438278389,29.89792383550464,1.3539273935374962,135.54582649988924,174.05048042316176,0.04264292920287403,0.006038612700060428,0.047259540111142646,-67.5105726518842,0,-0.007197751320596524,0.013414174889415875,38.504653923272514,0.06394019382093988,0.01206572729248432
2026-09-19 00:36:00,26.02217910867055,29.709406831163093,2.2810604080127734,129.47330816350237,175.99252275706098,0.0049269590589699755,-0.010112411718383769,0.05172704416576954,-69.37933434663786,0,-0.0663252741133391,-0.18851700434154495,46.519214593558615,0.052936026432462265,0.01212931779340759
2026-09-19 00:37:00,25.240953385016876,29.606666621939667,1.3332340412823487,132.0059644142737,170.7822983431555,-0.014163723227191649,0.0016031952097510696,0.06244548990763059,-68.09096530344247,0,-0.781225723653673,-0.10274020922342686,38.7763339288818,0.06405170177552702,0.01203696604963768
2026-09-19 00:38:00,25.820699416419117,29.470950407990323,1.5638408141842697,130.29420261861682,171.22504899277595,-0.005641541137526973,0.020773085746394703,0.02655027730478795,-69.19368459340642,0,0.5797460314022409,-0.13571621394934397,40.93084637415913,0.03417989617881561,0.013983879966793114
2026-09-19 00:39:00,25.38101960719391,29.12828292857388,1.2854286623025617,133.88761534558904,173.5160608798985,-0.022708646180611376,-0.03984371132698427,0.04488306128088288,-67.97956582870854,0,-0.43967980922520766,-0.34266747941644127,39.62844553430946,0.0641692538027967,0.013737040539339303
2026-09-19 00:40:00,25.688545850426426,29.03076938070345,1.7042395639273242,127.84350283717382,173.90890820691152,0.025118740800313937,-0.00576061478878442,0.046128827264201956,-67.36674349485702,0,0.3075262432325161,-0.09751354787043098,46.065405369737704,0.05283942209097957,0.01378971976308849
2026-09-19 00:41:00,25.20656671061854,29.002784922146127,1.378244319028305,132.23501593863185,172.15996545173584,0.011491234350734307,0.0276611479716321,0.046636899545493556,-66.38438820565408,0,-0.481979139807887,-0.027984458557323677,39.924949513103996,0.055427321541172095,0.013055077597660145
2026-09-19 00:42:00,25.09735188422767,28.668742467425645,1.4049333605768286,129.41590811164997,171.05294571108766,0.022488282999417783,-0.010237368021870353,0.04826513409286048,-69.35072771688387,0,-0.10921482639086832,-0.3340424547204819,41.63703759943769,0.05422222556552728,0.013025066307990399
2026-09-19 00:43:00,25.82907551372016,28.761810370725684,1.8076617697490787,129.8074354686745,170.23613324132688,0.024259678570987413,0.030922171208628196,0.06447134798444845,-66.73655365046646,0,0.7317236294924889,0.09306790330003878,40.428697772652384,0.0755067373653185,0.011839282414867341
2026-09-19 00:44:00,25.554819831715616,28.604048462356022,1.5658540578877562,130.27525745334512,167.52693528037,-0.008284215618550653,0.028294876387196254,0.05673458875727223,-67.46470782343124,0,-0.27425568200454364,-0.15776190836966109,37.25167782702488,0.06393779648719648,0.011015788736715194
2026-09-19 00:45:00,25.11105001206844,28.38551707543745,1.3855025158112602,130.75672118928003,168.78501040655962,-0.018895057040177795,-0.0013105823097790265,0.0595803526862883,-67.9123452248433,0,-0.44376981964717643,-0.2185313869185741,38.02828921727959,0.06251847113265631,0.010941263298172828
2026-09-19 00:46:00,25.038251443781586,28.075026353861524,0.9495325967794803,129.65131287063411,169.14181242174578,-0.0010342622261609168,-0.011370786097780014,0.05047120271810924,-66.55055401420027,0,-0.07279856828685283,-0.31049072157592406,39.49049955111167,0.05174656296457194,0.011008436747890893
2026-09-19 00:47:00,24.771518603440473,28.15866195977011,1.4089007384668168,130.64413954951158,172.11501187679684,-0.017455221415770765,-0.00574717748299269,0.036006269538544994,-67.37903258296379,0,-0.26673284034111333,0.08363560590858654,41.470872327285264,0.04042482219845813,0.012020785421161808
2026-09-19 00:48:00,24.87281563499846,28.05778570540289,1.8260068099557303,134.73435417268655,170.72559049077853,0.0032991375081804935,0.05329228984002869,0.029203029648539932,-66.24340034619016,0,0.10129703155798708,-0.10087625436722192,35.99123631809198,0.0608586017366897,0.009449471913451789
2026-09-19 00:49:00,24.348242498573374,27.70283726112985,1.1571906847501146,132.95634905684565,166.64939356303123,0.022641937616693784,0.037488488938664875,0.034705922767683695,-67.75741400971378,0,-0.5245731364250865,-0.3549484442730382,33.69304450618557,0.055879738878229175,0.009225173518680763
2026-09-19 00:50:00,24.692010655276214,27.57463363065641,1.5939099935059997,132.6074637774907,171.0589251921582,-0.003362792920983344,0.002507819436134766,0.053597657041660196,-67.19010390845015,0,0.3437681567028399,-0.12820363047343974,38.451461414667506,0.053761569684200046,0.009179726624452982
2026-09-19 00:51:00,24.154808817261436,27.38132111041253,1.7647565944605796,128.6333814219284,169.97168861589006,0.002999901798154783,-0.012163071032408188,0.050317697126976355,-65.39466241694679,0,-0.5372018380147772,-0.19331252024388235,41.33830719396167,0.051853739999156316,0.009334534385605529
2026-09-19 00:52:00,23.936051388536487,27.25458961007882,1.5609117805594637,127.33227751531503,169.81160944218655,-0.0018769123244673305,0.002340820711625263,0.04789836352443993,-64.62472942731719,0,-0.21875742872494897,-0.12673150033370817,42.479331926871524,0.04799224385040887,0.009744680323373101
2026-09-19 00:53:00,23.894636070704983,27.033549602346334,1.261449119366708,132.86590167471326,172.90067815544273,0.016054551448753954,0.004876538532335294,0.046314230932598635,-65.90932455574735,0,-0.041415317831503984,-0.221040007732487,40.03477648072948,0.04925989481470819,0.0072585149661828965
2026-09-19 00:54:00,23.532175471957636,26.89024246777849,1.0024451690663743,132.62814037758938,174.33435416943203,-0.013355647885765801,-0.024867174752187082,0.07011721575442748,-68.41967632364812,0,-0.36246059874734726,-0.14330713456784494,41.70621379184266,0.07558553866816922,0.009614215917811928
2026-09-19 00:55:00,23.625248673058273,26.837379138578875,1.5793021044102025,134.41801202725296,174.80715698252848,-0.04392892523286198,0.0016008253843052037,0.04177096409023526,-65.58514238427874,0,0.09307320110063699,-0.05286332919961367,40.389144955275526,0.060639315258775285,0.009467928439268625
2026-09-19 00:56:00,23.1787438238296,26.840045963906437,1.4020788156045472,128.18805812209231,172.0088985748315,0.009417377187507616,0.0264480864962346,0.05927819456116059,-65.10469303639331,0,-0.44650484922867406,0.00266682532756235,43.82084045273919,0.06559033940173586,0.009970580821528205
2026-09-19 00:57:00,23.290469130215826,26.33034814920303,1.6267788685347617,129.31135403391895,173.8747198223212,0.019756688426159873,-0.03598713362432947,0.05001912936020994,-65.11996691802925,0,0.11172530638622646,-0.5096978147034079,44.56336578840225,0.06470945700604448,0.008563757798540685
2026-09-19 00:58:00,23.321799278529372,26.331641652579076,1.5691415590909084,125.0815475124237,176.01650506866957,0.008927484895170715,0.016531679302744965,0.04939060488214003,-64.3017122917371,0,0.03133014831354686,0.001293503376047056,50.93495755624588,0.05284343154779014,0.008704169693936866
2026-09-19 00:59:00,22.545894083401656,26.1030105392028,1.7108716677675657,128.82258668181737,178.21232360594234,-0.012804609909360278,0.027495959401095595,0.061766375486167445,-64.868330174551,0,-0.7759051951277165,-0.22863111337627728,49.389736924124975,0.0688118518789882,0.009323891177930504
2026-09-19 01:00:00,13.268114604538672,26.267196251587787,-4.7428887437247305,132.98971153173835,0.0,-0.02270024196372138,-0.011211146901887363,0.06462530382691445,-63.310142582932286,0,-9.277779478862984,0.16418571238498814,-132.98971153173835,0.06940764147259434,0.009635207025120097
2026-09-19 01:01:00,13.34195017861827,25.94456294146469,-4.539156778873834,128.6005138623154,0.0,0.009889950635606428,0.033883515163821126,0.04760450543115162,-65.07922612272925,0,0.07383557407959707,-0.3226333101230985,-128.6005138623154,0.059262911342391644,0.009154892475117
2026-09-19 01:02:00,12.96371034665531,25.76323040842344,-4.9344444155277145,131.92143938560247,0.0,0.002829579058693473,-0.013806741248966907,0.05799202719242143,-62.44671117377378,0,-0.3782398319629596,-0.18133253304124963,-131.92143938560247,0.05968004557179784,0.007913409580816518
2026-09-19 01:03:00,13.1198178109294,25.884879268850888,-4.383063906033677,129.42849068200655,0.0,-0.0025158525531665953,0.008821653237208075,0.05363891362150054,-61.91366474431339,0,0.15610746427408984,0.12164886042744882,-129.42849068200655,0.054417682185128165,0.007072217071750161
2026-09-19 01:04:00,13.028839130229414,25.918682350653143,-4.7969564956844195,130.9721710846647,0.0,0.03644926685987582,-0.006135453693272608,0.05007437138809915,-64.16764926848279,0,-0.09097868069998505,0.03380308180225455,-130.9721710846647,0.06223853723022431,0.005548245464881728
2026-09-19 01:05:00,13.065065166813367,25.74382353367917,-4.854784100324685,126.556925830553,0.0,-0.018936001883626635,-0.006139927143252071,0.05204254942657026,-63.971149211422585,0,0.03622603658395285,-0.17485881697397332,-126.556925830553,0.05571981535753832,0.005867577498546514
2026-09-19 01:06:00,12.432868726131366,25.6414746030044,-4.673791410739182,130.2556283489017,0.0,0.03550074042254931,-0.01234598139516091,0.043119911851551625,-62.46329536334869,0,-0.6321964406820015,-0.10234893067476847,-130.2556283489017,0.057201858582081655,0.005779977818848639
2026-09-19 01:07:00,12.203681437831891,25.61600941690567,-4.315503227026773,121.02659208729783,0.0,0.0006356780974127987,0.013971509617240396,0.04693900606668915,-63.892407789829754,0,-0.22918728829947455,-0.025465186098731607,-121.02659208729783,0.048978336620967976,0.006572096115862845
2026-09-19 01:08:00,12.263927579215132,25.681453263353916,-4.590714667848292,129.43931152551406,0.0,-0.03671140953741749,0.016976109154628983,0.04419364720247294,-63.044913932696524,0,0.06024614138324047,0.06544384644824675,-129.43931152551406,0.05990821584148964,0.006224450920993537
2026-09-19 01:09:00,11.933979352005979,25.428352563914924,-4.195737100293505,125.10858026885458,0.0,-0.0035840530863828174,-0.0012884439915437737,0.0590137671642892,-61.31389579205942,0,-0.32994822720915273,-0.25310069943899194,-125.10858026885458,0.05913653895322497,0.005312119654999224
2026-09-19 01:10:00,12.26076223069141,25.491427996846546,-4.819360608405759,133.61798354964046,0.0,0.01918992153198882,-0.027199364273445485,0.04904798884458938,-61.56085879923618,0,0.32678287868543165,0.06307543293162254,-133.61798354964046,0.059277008316736386,0.003760314579838052
2026-09-19 01:11:00,11.609588966507241,25.455279297505328,-4.750074712669952,132.33222205829352,0.0,-0.007301100656099414,0.008063403332687796,0.03702285975384962,-60.21906183868065,0,-0.6511732641841697,-0.03614869934121856,-132.33222205829352,0.03858777900384154,0.007011676598709673
2026-09-19 01:12:00,12.524906958596913,25.392801947181226,-4.913494481457271,131.40001294589825,0.0,-0.0294955708247679,0.008440287188213878,0.042765627768369126,-61.94870499244869,0,0.9153179920896726,-0.06247735032410162,-131.40001294589825,0.05263198708505248,0.006899784449630493
2026-09-19 01:13:00,12.081445548876035,25.49685551434101,-4.641711395189497,134.56301868147813,0.0,-0.003290290635923399,-0.004334300227728548,0.01800735354787822,-62.67055007619652,0,-0.44346140972087866,0.10405356715978442,-134.56301868147813,0.01881161749375144,0.013322486075959044
2026-09-19 01:14:00,11.565470496342323,25.671544788549888,-4.504325702810289,127.15325043752549,0.0,-0.017143447477834115,0.037344625743616175,0.045055073981178514,-61.969098348665284,0,-0.5159750525337117,0.1746892742088768,-127.15325043752549,0.060979328914030254,0.013212573790906615
2026-09-19 01:15:00,11.69289397697294,25.659349528181426,-4.914080173806927,135.24208959374667,0.0,0.009836288021759253,-0.03127858529801308,0.050376450650971495,-62.15224008473513,0,0.12742348063061648,-0.012195260368461192,-135.24208959374667,0.0601073143675697,0.013452835110020213
2026-09-19 01:16:00,10.815133441311252,25.719687766300552,-5.123669749149562,132.79657469278115,0.0,0.015467996321352227,-0.044345674205071364,0.048638641511330266,-62.14032855551728,0,-0.8777605356616878,0.060338238119125975,-132.79657469278115,0.06761298084663475,0.014313147871683567
2026-09-19 01:17:00,11.9397669007325,25.73288890257561,-4.328629494501238,129.29033413834316,0.0,-0.021125408154962125,-0.014616697993953418,0.06980154351531392,-62.05048995974784,0,1.1246334594212488,0.013201136275057479,-129.29033413834316,0.07437866768825888,0.015777318561467416
2026-09-19 01:18:00,10.885902273739099,25.843695738972475,-5.010066722946527,133.40686044154884,0.0,-0.014116081102312992,0.01420849068182899,0.05574906040915037,-63.002003831662165,0,-1.053864626993402,0.11080683639686484,-133.40686044154884,0.05923767964434289,0.015756227620001017
2026-09-19 01:19:00,10.911192239736609,25.794238873518182,-4.642581296972695,126.6811194627651,0.0,0.015132849302138754,-0.021116892748676817,0.05530451853089151,-61.851904043210325,0,0.025289965997510322,-0.0494568654542924,-126.6811194627651,0.061102504509177716,0.015824637269804178
2026-09-19 01:20:00,10.279613034125127,25.935725532488327,-4.482847437621119,127.52645751541698,0.0,-0.017176885565979183,-0.019619418370521505,0.033567309654297224,-63.62656015860566,0,-0.631579205611482,0.14148665897014467,-127.52645751541698,0.042505661415531186,0.016236470746508424
2026-09-19 01:21:00,10.876500439536999,26.0872892048069,-4.816962686804797,128.1742308302809,0.0,-0.021643162716559902,0.019020426723563095,0.046353579458828675,-63.03780757384089,0,0.5968874054118718,0.1515636723185736,-128.1742308302809,0.05457891033877339,0.015357838942321674
2026-09-19 01:22:00,10.298571854063157,26.205835719481474,-4.884882915500912,128.41306687580794,0.0,-0.023573822635925095,0.009250958455954993,0.04513337192676305,-62.56153733912123,0,-0.5779285854738418,0.11854651467457344,-128.41306687580794,0.0517525517004078,0.015376650547074476
2026-09-19 01:23:00,10.5669172060277,26.328192676825225,-4.95444405481582,126.83032707171924,0.0,0.0070407722591624075,0.007541218192567997,0.042139188011919924,-64.84163853912733,0,0.2683453519645429,0.12235695734375085,-126.83032707171924,0.04338379434924112,0.009931351522712911
2026-09-19 01:24:00,10.285585913102139,26.407999877117557,-4.629702366607657,133.66924920128596,0.0,0.006183154390349284,0.015628578389310564,0.04200119334486654,-61.96930170062517,0,-0.2813312929255609,0.07980720029233268,-133.66924920128596,0.045239187692514796,0.01055748866102456
2026-09-19 01:25:00,10.044884193917031,26.516762055526193,-4.724159991762782,129.2234367988905,0.0,-0.013680920607580834,-0.008503859065457687,0.031918770460583765,-64.96335296709294,0,-0.24070171918510752,0.10876217840863589,-129.2234367988905,0.0357531972750904,0.01218562479934649
2026-09-19 01:26:00,10.053487781272842,27.0093745601078,-4.0951715138292855,131.05751490507063,0.0,0.00010170792256468169,-0.007579681481163826,0.03724146795318672,-62.42702010083632,0,0.008603587355811015,0.4926125045816079,-131.05751490507063,0.03800511611830233,0.011985573540711468
2026-09-19 01:27:00,10.296697376343019,26.92917327875885,-4.780619081010423,128.28894590075896,0.0,0.030542647683102612,0.0161955854512285,0.058740934027649495,-64.58903677006208,0,0.24320959507017648,-0.08020128134895188,-128.28894590075896,0.06815898800629927,0.01070738222987168
2026-09-19 01:28:00,9.786546778308752,27.029866753501135,-4.6320827081984435,124.53819009835445,0.0,-0.019481203138364434,-0.026897735615623992,0.04857085308006818,-63.91259076735215,0,-0.5101505980342669,0.10069347474228607,-124.53819009835445,0.05883989484942845,0.010669807000311194
2026-09-19 01:29:00,9.896509577894701,27.119782270255367,-4.784870453884733,130.81017207517428,0.0,-0.03903485218020899,-0.04285439692797093,0.04493597581725666,-63.21034341862744,0,0.1099627995859489,0.08991551675423182,-130.81017207517428,0.07334480856502337,0.012618309185227251
2026-09-19 01:30:00,22.198982014379343,27.95487811730561,2.0461597890618197,124.26323507374067,180.1941550986961,0.009101511514407409,-0.008665683472557088,0.04994588665347292,-59.80186048052052,0,12.302472436484642,0.8350958470502441,55.93092002495541,0.051502652120983095,0.012248305864025777
2026-09-19 01:31:00,22.980660639545004,28.153463177935787,1.803870985306884,129.79409786174358,182.93562414753407,-0.00220802327803177,0.018617465781313833,0.06167390678701151,-61.893958662190975,0,0.7816786251656609,0.198585060630176,53.14152628579049,0.06446050090782499,0.01285791035599009
2026-09-19 01:32:00,22.542610312453217,28.361629440914452,2.0755925941110145,125.89505488350157,180.5825871201959,-0.014200501736302027,0.005111193979736065,0.05004210520875786,-64.02419663351073,0,-0.43805032709178704,0.20816626297866492,54.68753223669434,0.05226844982573711,0.012853186727298883
2026-09-19 01:33:00,22.32257403724121,28.308629772581344,1.4592126711353206,135.9618279976924,182.29987777341785,0.01304160474709816,0.017145830082460307,0.05540374130931038,-61.13956760223229,0,-0.22003627521200642,-0.05299966833310776,46.33804977572544,0.0594444067567767,0.012503473465603267
2026-09-19 01:34:00,22.68454307215855,28.501854518321366,1.5228201902464988,132.73408816652417,183.1099671168222,0.0167845028933758,-0.04032588620846331,0.04153395157611743,-62.397047565914804,0,0.36196903491734034,0.19322474574002158,50.375878950298016,0.06027408870653242,0.012137813195217154
2026-09-19 01:35:00,22.999092538863867,28.754298503096486,1.4814271991168706,130.31726137381443,181.8672254897778,-0.044165560397601854,0.006309936166469835,0.04381370049253281,-62.18676414575968,0,0.3145494667053157,0.25244398477511965,51.54996411596338,0.06253041156516173,0.009865540450989956
2026-09-19 01:36:00,23.077253341454647,28.994259799449484,1.4284117826666847,133.79112003296402,186.2386652880795,-0.013051958186629766,0.013077290092847558,0.05353976885063676,-61.80938928444127,0,0.07816080259078007,0.23996129635299823,52.44754525511547,0.056638114174623035,0.006752753796623884
2026-09-19 01:37:00,23.642508679842887,29.100852386674816,2.021501744288342,127.4610520676028,186.96428741673668,0.0463503246239371,-0.027015948452213695,0.06892653708337114,-64.72148417741074,0,0.5652553383882406,0.10659258722533238,59.50323534913389,0.0873446139027608,0.010677667847858065
2026-09-19 01:38:00,23.62291541413887,29.4188284999382,1.923852140602423,131.63043813601027,187.18378782228015,0.011668098315963818,0.0172411518109309,0.06429774859514874,-62.63580136993396,0,-0.019593265704017426,0.31797611326338426,55.55334968626988,0.06758403885891634,0.010687669035140568
2026-09-19 01:39:00,24.01221785191788,29.26336650478801,1.9010220062308072,130.59943130115613,187.36409482952456,0.013522072765942994,-0.0022303779301158576,0.055828280694561395,-63.21462728333124,0,0.38930243777901197,-0.15546199515019055,56.76466352836843,0.057485806621368214,0.010238161256709686
2026-09-19 01:40:00,23.823369017327522,29.470789960714004,2.2055350208651863,130.79206024400102,185.58396836397813,0.02345788557262957,0.06142673403212004,0.05151433760160719,-61.76092836174531,0,-0.18884883459035962,0.2074234559259942,54.79190811997711,0.0835298930199468,0.011533226820740023
2026-09-19 01:41:00,24.488398981639012,29.825383774725275,2.183238986734603,133.8170605003203,188.07078295508364,0.00034137650399452234,-0.04354472137793471,0.06401069355627172,-62.44747986225712,0,0.6650299643114899,0.3545938140112703,54.253722454763334,0.07741852612491644,0.012157447803035662
2026-09-19 01:42:00,24.20862421829568,29.80650215971632,1.9486638853067895,132.19747630833942,188.63496182661873,0.015933683201832402,0.027382287353495016,0.05794678323045124,-65.00609500517713,0,-0.2797747633433332,-0.018881615008954356,56.43748551827932,0.06604166569554885,0.01110686229964773
2026-09-19 01:43:00,24.12938866220276,29.993922440564713,1.682817789049237,130.86617098847506,188.0310273157287,0.01436124087674405,-0.007883161930521475,0.02706337977629339,-62.3322164723315,0,-0.0792355560929181,0.1874202808483929,57.16485632725363,0.03163567616566103,0.01589057356635327
2026-09-19 01:44:00,25.23006686326343,30.214145353562976,2.190108556433185,125.0353376913151,189.53192587655258,0.010780829935055178,-0.03234303428880087,0.03946069152144778,-63.37081887251071,0,1.1006782010606706,0.22022291299826335,64.49658818523747,0.052148291788379715,0.01636258247350446
2026-09-19 01:45:00,24.179061716005002,30.03429702022956,2.1537210949847303,127.11986111416161,190.7830515796696,-0.006440239412348093,-0.01053910287129984,0.05338140325357932,-65.60127451026742,0,-1.0510051472584294,-0.17984833333341754,63.663190465507995,0.054791637923513936,0.016632967409527497
2026-09-19 01:46:00,24.647802746006615,30.17905661574586,2.159152815888077,129.63187319921283,193.7681078328361,0.0034411784473251774,0.005549584826749319,0.03213032434449028,-64.23853417659825,0,0.46874103000161327,0.1447595955163017,64.13623463362327,0.03278715210776572,0.019227833414034917
2026-09-19 01:47:00,24.81701326501205,30.237330713900366,2.0028021694831515,130.28011712282995,190.26580373018837,-0.011767231286135564,0.020749333391300865,0.04102410995243138,-63.50461348084444,0,0.1692105190054356,0.05827409815450579,59.98568660735842,0.04745503309148504,0.017204060418694895
2026-09-19 01:48:00,25.885799520426904,30.134638414469737,2.142314144578226,126.60938882597823,190.25357709022748,0.00025628609132989866,0.03443928576264351,0.04300185056342026,-66.0018322675703,0,1.068786255414853,-0.10269229943062896,63.64418826424925,0.05509345912429493,0.01680615451144803
2026-09-19 01:49:00,25.795719684401448,30.35423019060661,1.7826587846278243,137.23503002673527,189.3141090453418,-0.02336981784198534,0.028437861774086852,0.047438340937541665,-63.66003269851602,0,-0.09007983602545622,0.2195917761368733,52.079079018606535,0.060043788680895945,0.016853410060677535
2026-09-19 01:50:00,25.814062382324245,30.517950972146348,1.6838292685189604,134.54918216576073,185.25543183765873,-0.01581247982545905,-0.01930764041408989,0.04712569791773792,-66.79979941817065,0,0.018342697922797413,0.16372078153973746,50.70624967189801,0.05332589334295521,0.013824591038581106
2026-09-19 01:51:00,25.37049530366317,30.517683279152372,2.069261321525578,131.80635496117745,188.57906591559032,-0.005646240838498591,0.022603293845322336,0.04710879572833174,-66.32596534359546,0,-0.4435670786610757,-0.00026769299397599866,56.77271095441287,0.05255499560686883,0.01088257191994419
2026-09-19 01:52:00,26.292682841398275,30.54836682677644,2.143120667260497,130.21611058385125,188.20542445807794,-0.018874108628601522,0.007825699142417474,0.05825307517240314,-66.7214652142462,0,0.9221875377351054,0.030683547624068552,57.989313874226696,0.06173244131438133,0.010270762806421245
2026-09-19 01:53:00,25.761561362194374,30.460694962259296,2.068591098864975,129.36337309029653,192.38353634673777,-0.010100345414903528,-0.013092060418579759,0.04734776134549466,-64.64011308203911,0,-0.5311214792039003,-0.08767186451714437,63.020163256441236,0.05015206404460363,0.00797271794528101
2026-09-19 01:54:00,26.02133535495984,30.4333242840032,2.369415395773406,127.14424461993329,186.36990987594928,-0.003278519535110319,-0.004238211869549621,0.04615369867928766,-66.73945664619062,0,0.2597739927654672,-0.027370678256097847,59.225665256015986,0.04646369584925172,0.00816205076966444
2026-09-19 01:55:00,25.84984709175421,30.615445461569273,1.8166794885658124,130.2324415555566,186.58781612570678,0.008045246893287547,-0.014196853188894479,0.036508278958564844,-67.63398649859585,0,-0.1714882632056316,0.18212117756607427,56.35537457015019,0.03998913690688216,0.008803720911363782
2026-09-19 01:56:00,25.839392770271797,30.417318073822063,1.6161660400360724,130.77325762042824,185.08559017880415,0.018985146037058184,0.0007418468387291168,0.06024346201985825,-66.23847705941316,0,-0.01045432148241332,-0.19812738774720984,54.312332558375914,0.06316851132422437,0.007339536035211918
2026-09-19 01:57:00,25.827359829128724,30.46402728107481,2.0640743447567287,126.27471827355512,181.93644272709923,-0.009275687427562159,-0.014593157645882404,0.04328502486052514,-66.22333987757551,0,-0.012032941143072406,0.04670920725274641,55.66172445354411,0.04661107169447717,0.007414820604105624
2026-09-19 01:58:00,25.878906921928092,30.40770531177867,1.7876968687905028,131.0025292517347,185.63552713058908,0.026702092345372477,-0.02055988146434878,0.03912969671998725,-66.4047383244555,0,0.05154709279936753,-0.056321969296138974,54.63299787885438,0.05164149133058662,0.007382338513809599
2026-09-19 01:59:00,26.15339945875378,30.483671928378104,2.0057631692938926,129.53422285352576,183.89635935751338,0.018772221572509868,0.00958238255565544,0.05213090574868971,-67.51698466705751,0,0.27449253682568653,0.07596661659943393,54.362136503987614,0.056230327158830445,0.007044017391635177
2026-09-19 02:00:00,26.100139886048833,30.370384802831442,1.6162908029340701,124.27657732636783,182.99326397468477,0.010081876638878837,0.012574610965192743,0.042330587376169376,-67.14889654560385,0,-0.05325957270494541,-0.11328712554666254,58.71668664831694,0.045295073739856376,0.0073508517702165314
2026-09-19 02:01:00,25.989693645696324,30.069361481977193,2.106283572120968,127.4188449676615,178.59703171474342,0.0030729825859323783,-0.0037519400018322384,0.04474047260205706,-68.1947684423028,0,-0.11044624035250905,-0.30102332085424877,51.178186747081924,0.04500255730962643,0.007600884775756459
2026-09-19 02:02:00,26.45115160997568,29.996006590737363,2.043839531174557,128.75918339973506,182.2218471875964,0.006382416837370827,0.027353026078719447,0.05258460174319069,-65.99317802670339,0,0.46145796427935437,-0.07335489123983052,53.462663787861345,0.05961596783445719,0.007280039254552935
2026-09-19 02:03:00,25.097434193193457,30.07913199135589,1.1268967602017708,135.66306297202058,175.61884093298298,0.023741023013327638,-0.005208611729902263,0.046735173762204436,-66.62870197723946,0,-1.3537174167822208,0.08312540061852758,39.95577796096239,0.05267772087377803,0.007313560991810781
2026-09-19 02:04:00,26.119625416186235,29.91230638022222,1.3809818535782779,131.66965937360126,178.61830316733224,0.024471593195185472,-0.006055490902510766,0.07311609375300634,-66.77563257967277,0,1.0221912229927774,-0.166825611133671,46.94864379373098,0.07734009962030985,0.010952863718662269
2026-09-19 02:05:00,26.151265399493443,29.762197525950437,2.294436169463199,125.99355529270032,180.87307897472374,0.026698934567672864,0.013209779646913946,0.049251714566808026,-67.13031591698845,0,0.0316399833072083,-0.15010885427178167,54.87952368202342,0.05755921101908216,0.009852874014410134
2026-09-19 02:06:00,26.23947938398933,29.790220739777325,1.357367378176736,131.4581088682529,173.59372291679009,0.0008265366375400632,-0.002648511698866735,0.056178382188792224,-67.45024418380633,0,0.08821398449588713,0.028023213826887883,42.13561404853718,0.05624685237755298,0.009491923717109014
2026-09-19 02:07:00,25.825639379585194,29.580844769440365,1.5549828552007832,125.3580880331849,173.56904313170952,0.01109934329997226,0.0016959545805228689,0.030583059525070552,-69.23927270142218,0,-0.41384000440413615,-0.20937597033696065,48.21095509852462,0.032579060967803296,0.011635720146660833
2026-09-19 02:08:00,25.847576370964845,29.433845359277065,1.005098533280389,133.2480731616612,174.0807238207481,0.026870930132441028,-0.0504087694123813,0.0413935086808527,-67.36575575395457,0,0.02193699137965055,-0.14699941016329987,40.83265065908688,0.0705444078631679,0.012792810801243542
2026-09-19 02:09:00,26.011623375009894,29.366736293629167,1.484442968000457,128.58662604454636,172.11538709992786,-0.012474320698327854,0.00033414769475949784,0.03913086305083288,-67.86812379817832,0,0.1640470040450488,-0.06710906564789809,43.528761055381494,0.041072433269404456,0.013547294786404674
2026-09-19 02:10:00,26.084539628586782,29.105670667095172,1.3691545324259196,129.7190914337825,169.33064818478846,-0.006368337074366075,-0.036543918749425204,0.04045620276697372,-66.68165792918232,0,0.07291625357688858,-0.2610656265339948,39.61155675100596,0.05488823240895837,0.013214210296834904
2026-09-19 02:11:00,25.459288678979874,29.14938267671163,1.4994187942232327,133.97738994262656,171.95435483896796,0.0003207332602695669,-0.02441901141997741,0.05415537993837003,-67.07979610852122,0,-0.6252509496069081,0.043712009616459824,37.9769648963414,0.05940703800748225,0.012812269173250736
2026-09-19 02:12:00,25.532930201533762,28.758665613066462,1.2566530841546997,126.13850929424726,169.1596348484119,0.01799197475958813,-0.0267064507751101,0.0603556506777741,-67.25898959171937,0,0.07364152255388845,-0.39071706364516956,43.021125554164655,0.06840870001316009,0.0133631407454008
2026-09-19 02:13:00,25.851167352498617,28.744382167039916,1.3379740718774067,125.80864544466102,171.78552549377582,0.018303443014372457,-0.020851663070676523,0.05344630504634511,-69.39625140366775,0,0.3182371509648547,-0.014283446026546187,45.9768800491148,0.060218895723023434,0.013300219052119248
2026-09-19 02:14:00,24.596777492514704,28.66027614959319,1.532904268800841,128.24920202096197,168.64513079263725,-0.004617282223958706,-0.01097707719264506,0.04773355376433691,-67.68486106541718,0,-1.2543898599839132,-0.08410601744672519,40.39592877167527,0.049196622585313876,0.011578479744467868
2026-09-19 02:15:00,24.90528900760731,28.215070471222457,1.637397124257062,133.11513655305794,173.3245676333841,-0.0301721890875942,-0.009729852310909707,0.043691449612875806,-68.01957033192234,0,0.3085115150926043,-0.44520567837073344,40.20943108032617,0.05398123553239698,0.011546263368315221
2026-09-19 02:16:00,25.422571642287767,28.15280623755207,1.2234345871129735,125.44196177356947,168.49658337899288,0.004923678885919346,0.01328550408514251,0.06113599751186509,-67.05804459507667,0,0.5172826346804591,-0.062264233670386915,43.05462160542341,0.0627563337388248,0.011826122448604254
2026-09-19 02:17:00,25.173654761245867,28.134868805171816,1.9253425024842108,121.50353320566829,169.35664439194764,-0.018366322746568024,0.004447756282693941,0.07071255454154862,-67.55865600332123,0,-0.24891688104190024,-0.017937432380254137,47.85311118627935,0.07319405520240585,0.00998489258847258
2026-09-19 02:18:00,24.858586285482613,27.969789096204153,1.5438964012119332,128.646523424773,171.66538834638092,-0.02979872409280445,-0.038021488576359716,0.05135055704783691,-67.23687663868415,0,-0.3150684757632547,-0.16507970896766366,43.01886492160793,0.0705016117563598,0.009979577211014353
2026-09-19 02:19:00,24.41647974660528,27.67098001834643,1.5061654549990728,131.65522239973276,167.71374524088878,-0.02527743121467433,0.0016658927509361553,0.059393630640715726,-66.30611039167908,0,-0.44210653887733287,-0.29880907785772237,36.05852284115602,0.0645703266846001,0.007700697850185005
2026-09-19 02:20:00,24.1293430267202,27.4501129834436,1.3168449231736328,133.6007852492165,170.86567712257687,0.006527620156911209,0.006365104931668546,0.05343370349795475,-66.98924498972265,0,-0.2871367198850798,-0.220867034902831,37.26489187336037,0.05420595036720052,0.0077705824814645035
2026-09-19 02:21:00,24.053370183792957,27.456740827165998,1.0936023726289719,128.6105159137438,173.35613868528753,0.027220747218656142,-0.006571330325059161,0.057555049064655896,-66.21667093016737,0,-0.07597284292724282,0.006627843722398552,44.74562277154374,0.06400574297840754,0.007759552415984813
2026-09-19 02:22:00,24.526407953531464,27.3199076014371,1.3690624805019358,128.765720178652,167.95048697367602,0.0007778903247248768,-0.001217719538134051,0.03835453221889884,-67.62954184176192,0,0.4730377697385073,-0.13683322572889622,39.18476679502402,0.038381741700467466,0.010406873807182566
2026-09-19 02:23:00,23.699589358412926,26.929039143157734,1.5900605884506243,133.46170220276724,172.0465932948256,0.0042276130929192945,0.003806202507941134,0.04511863719857876,-66.70669413335455,0,-0.8268185951185387,-0.39086845827936756,38.58489109205837,0.04547583218207068,0.011241759136818996
2026-09-19 02:24:00,23.739946410207217,26.773307526866233,1.5498702894698018,124.39077490091374,172.792120712937,0.023657898777558507,0.015291991952711604,0.053954694400455847,-64.97634383108938,0,0.04035705179429172,-0.15573161629150079,48.40134581202325,0.06086583803988558,0.010868902444953183
2026-09-19 02:25:00,23.300531674750804,26.769333046727496,1.5536143209827855,128.83443767445098,174.5082424878507,-0.030889098181671085,-0.031497599749254694,0.062124909440819796,-66.61628521836676,0,-0.4394147354564133,-0.003974480138737135,45.67380481339973,0.07619540372930132,0.01198843193956263
2026-09-19 02:26:00,23.592784809653327,26.668419611059683,1.4162790324949996,130.57127166977517,171.21343219952064,0.010403528432005432,-0.00488634077279298,0.04181865778362326,-63.89139407661274,0,0.29225313490252347,-0.10091343566781319,40.64216052974547,0.04336945778779346,0.01318358121086835
2026-09-19 02:27:00,22.988294165266243,26.440448364120197,0.8666891948834455,131.3476561638551,171.85223134785508,-0.0002317956863764243,0.03016672196115458,0.029667008889598733,-63.91279418603475,0,-0.6044906443870843,-0.2279712469394859,40.504575183999975,0.0423109472781851,0.013126178303783615
2026-09-19 02:28:00,22.927719149809604,26.409952283017606,2.0459581371113837,128.47057992042735,176.39786133709623,0.011321149176641343,0.028333226165959124,0.04501735573558751,-64.90628078874242,0,-0.06057501545663868,-0.030496081102590722,47.927281416668876,0.054382924168120926,0.0120951245491935
2026-09-19 02:29:00,22.25667594953126,26.150042927042268,1.4894348519865108,130.1033230351175,176.855202698164,-0.009669678168076321,0.0170187385555156,0.0601013071434825,-61.39268614145122,0,-0.6710432002783442,-0.2599093559753385,46.75187966304648,0.06320844293486738,0.011974657286125295
2026-09-19 02:30:00,12.823276770865741,25.896524401822806,-4.275103554211191,122.53501793976103,0.0,-0.016358745808529643,0.010736493679113519,0.03416104408912151,-62.90590986576202,0,-9.43339917866552,-0.2535185252194623,-122.53501793976103,0.039368233313277275,0.012865505231738426
2026-09-19 02:31:00,13.205852922704095,25.96094663116342,-4.589670754479587,128.02525476299846,0.0,0.0028101780857121084,0.03309269496804177,0.03823080107868416,-64.86179235670394,0,0.3825761518383537,0.06442222934061448,-128.02525476299846,0.05064205477899955,0.012246343915062989
2026-09-19 02:32:00,12.696920406590404,25.91387370245333,-4.439923550787536,131.3605261376634,0.0,0.03298382646668924,0.03835696003213331,0.05155918586051112,-62.937385827427875,0,-0.5089325161136902,-0.04707292871009017,-131.3605261376634,0.07223253309894422,0.0129027485021326
2026-09-19 02:33:00,13.61204763448175,25.793476572976385,-4.456400128987097,127.05311789723596,0.0,0.017218202090829256,-0.0025815997609370486,0.04884028747238536,-63.397880501954724,0,0.9151272278913449,-0.12039712947694525,-127.05311789723596,0.05185079383145016,0.01254306400934337
2026-09-19 02:34:00,12.243762538400217,25.628390912812883,-4.696161735188795,130.1769526647688,0.0,-0.01015385540360183,-0.019388648865766404,0.05594466481553228,-64.0313016212819,0,-1.3682850960815323,-0.165085660163502,-130.1769526647688,0.06007350502275936,0.012507451928453617
2026-09-19 02:35:00,12.500034044325844,25.49589884923521,-4.8694393578755735,131.3406175024081,0.0,-0.026819440719625595,-0.005405846352489903,0.03771273239554421,-64.12745852898573,0,0.25627150592562664,-0.13249206357767207,-131.3406175024081,0.046591370016754924,0.010345504581178232
2026-09-19 02:36:00,12.619676000137105,25.56958593483942,-4.446585302488812,128.9723523974267,0.0,-0.03364134567395571,0.06193391027544107,0.046750214058313325,-61.87909734223784,0,0.11964195581126091,0.07368708560420956,-128.9723523974267,0.08457618988379105,0.013932267940171102
2026-09-19 02:37:00,12.3769741285623,25.664860901793045,-5.035809379111984,130.5113913129897,0.0,0.02632198903700963,-0.031387126854503886,0.06195185402403098,-63.303132844710994,0,-0.2427018715748055,0.09527496695362458,-130.5113913129897,0.07426998758623847,0.013975228892146956
2026-09-19 02:38:00,12.024957159085078,25.66558894101273,-4.410529141092899,127.11180230414617,0.0,-0.01910164576271655,-0.009410782790588346,0.038071038063632164,-62.65418741663125,0,-0.35201696947722105,0.0007280392196840069,-127.11180230414617,0.04362155021108798,0.014820592501887305
2026-09-19 02:39:00,11.936926702021529,25.634543829330187,-4.840529170343541,129.38016616091187,0.0,-0.00651026825989873,-0.028253823049852626,0.0647691229631027,-63.337448676741964,0,-0.0880304570635495,-0.031045111682541204,-129.38016616091187,0.07096267609918432,0.015281654825191034
2026-09-19 02:40:00,11.79421654622739,25.421021753740323,-4.457780714350375,131.83064850876767,0.0,0.026424222521551525,0.002495277257547707,0.03932583014111311,-63.04662350101174,0,-0.14271015579413948,-0.21352207558986436,-131.83064850876767,0.04744456618779633,0.014285165808679801
2026-09-19 02:41:00,11.872097848114146,25.385177679993244,-4.627415765856936,130.4709188829053,0.0,-0.03227802910957983,-0.02405382057789735,0.05849381577377612,-62.326187380441716,0,0.07788130188675702,-0.03584407374707865,-130.4709188829053,0.07100692875606592,0.014218438658542772
2026-09-19 02:42:00,12.410580759976334,25.559251939408387,-4.451189753262414,128.24040619130818,0.0,0.02984529018950118,-0.0021750204566723576,0.04627041489786875,-61.731306847324745,0,0.5384829118621877,0.17407425941514276,-128.24040619130818,0.05510375082790093,0.013912424767581108
2026-09-19 02:43:00,11.716048379371372,25.593203041442482,-4.650482566266213,130.6726492128724,0.0,-0.005072809077850038,-0.03900190320037518,0.038550917423610234,-64.64807123746978,0,-0.6945323806049615,0.033951102034095015,-130.6726492128724,0.0550731793107477,0.013724593564557186
2026-09-19 02:44:00,11.916567912278486,25.600789639471692,-5.069897896596408,132.14382937190985,0.0,-0.022971666304774777,0.012352413301693009,0.04503100952847402,-62.003422061151554,0,0.20051953290711388,0.007586598029210023,-132.14382937190985,0.052039133220560904,0.014008778980043143
2026-09-19 02:45:00,11.58476853282199,25.401282985918378,-4.595366409974337,123.85017616426757,0.0,-0.004947018542978264,0.024446905129359497,0.055449291881789944,-62.747772757911534,0,-0.3317993794564966,-0.1995066535533141,-123.85017616426757,0.06080088924563859,0.013186327106108032
2026-09-19 02:46:00,11.640332719999156,25.568568257801385,-4.632565782294427,133.4772221948677,0.0,-0.014451935628029553,-0.00767887244126918,0.049931460050985095,-60.601408792863914,0,0.0555641871771666,0.16728527188300646,-133.4772221948677,0.05254497338651066,0.010590074488321107
2026-09-19 02:47:00,10.342765610534556,25.71527246238168,-4.57349868595506,128.9912357839568,0.0,0.008816395978114315,-0.0027026001415140417,0.06118469411443344,-59.08393360564667,0,-1.2975671094646,0.14670420458029554,-128.9912357839568,0.06187567922410717,0.009137238061318472
2026-09-19 02:48:00,10.971629251054777,25.84008518016266,-4.452247368928891,131.2764697997207,0.0,-0.012962648677755555,-0.003268144614626245,0.06435740060934882,-62.42951615776965,0,0.6288636405202208,0.12481271778097991,-131.2764697997207,0.06573116493077877,0.00814913681397312
2026-09-19 02:49:00,11.33948209085163,25.951028644013242,-4.690478686354554,133.59174077093567,0.0,-0.03823284421838086,0.003618213504500505,0.0381696933468215,-63.85635035889416,0,0.36785283979685346,0.11094346385058174,-133.59174077093567,0.054145797031547316,0.007137850626428718
2026-09-19 02:50:00,10.664872273456858,25.981101873309253,-4.689232482008697,125.8849789083086,0.0,-0.0044112506881797894,-0.0007633917393285649,0.03743730855089655,-62.10101992092851,0,-0.6746098173947725,0.030073229296011306,-125.8849789083086,0.03770403123164251,0.00907569038246165
2026-09-19 02:51:00,11.259356197575613,26.101167161763854,-4.726058434426889,127.87167699271735,0.0,-0.02713090104573078,0.015362339048613881,0.03695206226379159,-62.526410295425976,0,0.5944839241187552,0.12006528845460096,-127.87167699271735,0.04834813500172403,0.007821769283705262
2026-09-19 02:52:00,11.075642147316618,26.186570679429394,-4.5913577330515265,129.1343539123729,0.0,0.004086397679766395,0.024660782669018912,0.041008039039519814,-60.471307926980124,0,-0.18371405025899534,0.08540351766554011,-129.1343539123729,0.048026160722178954,0.008061193777186849
2026-09-19 02:53:00,10.395681262719652,26.364735828754885,-5.021692364508118,127.64873943662671,0.0,-0.023742606645666485,-0.016281424449843658,0.06104214520819745,-60.9154958830962,0,-0.6799608845969658,0.17816514932549055,-127.64873943662671,0.06749029296176952,0.009186215827732368
2026-09-19 02:54:00,10.297919187265594,26.453119970468286,-4.494054827429347,135.20480972751042,0.0,-0.009760256063441717,-0.006186569855485936,0.055603619506667354,-61.872918266373524,0,-0.09776207545405846,0.08838414171340148,-135.20480972751042,0.05679171371989928,0.00914630209746798
2026-09-19 02:55:00,10.064125621689794,26.561078161643955,-4.462710785528761,127.42968371851963,0.0,0.0036517560842867242,0.018032388978494896,0.044549724270775685,-63.49689253845809,0,-0.2337935655757999,0.10795819117566907,-127.42968371851963,0.04819938077790014,0.009179259208905303
2026-09-19 02:56:00,10.10591796224249,26.666760551889634,-4.337927354216633,128.3333596615394,0.0,-0.0042491745006853895,-0.028433380961180647,0.04988897409377166,-62.4188412255537,0,0.04179234055269632,0.10568239024567916,-128.3333596615394,0.05757970452294736,0.009223329374125238
2026-09-19 02:57:00,9.859184246866688,26.846623693969857,-4.980876755833582,130.61316709480894,0.0,0.0050086056600208975,-0.0394144256369114,0.06404305505165939,-63.03122112106561,0,-0.24673371537580202,0.17986314208022236,-130.61316709480894,0.07536641147948527,0.011185446060588432
2026-09-19 02:58:00,10.2996374242993,27.0370111437898,-4.265142375849368,126.39355142177173,0.0,0.013605743314355137,0.004526319057969572,0.0690801085097912,-63.266348873349266,0,0.44045317743261236,0.19038744981994427,-126.39355142177173,0.0705525705206776,0.011744408298259344
2026-09-19 02:59:00,9.684339131197843,27.169850658965814,-4.154162998677707,128.8129578647312,0.0,-0.023158673994626122,0.009926928221409845,0.05259384333442802,-65.28770391414474,0,-0.615298293101457,0.13283951517601267,-128.8129578647312,0.05831792556143226,0.011728721111680161
2026-09-19 03:00:00,22.181119904857066,28.038082641834524,1.532216290059518,130.95235978375052,181.25133469553,-0.0012879508124941583,-0.014446003759071846,0.023407188159526016,-60.93820466154635,0,12.496780773659223,0.8682319828687106,50.29897491177948,0.027536199800226195,0.013825125574880408
2026-09-19 03:01:00,22.388340286152786,28.3008154234436,1.9500875113658693,129.00141878685247,179.28401905363572,-0.06659007595016259,-0.011573021082409103,0.05297287094759973,-61.90260231158709,0,0.20722038129571985,0.2627327816090741,50.28260026678325,0.0858737334023237,0.016420597462672885
2026-09-19 03:02:00,21.900972345032137,28.358862948830442,1.7904030206706099,129.71983942330016,179.8449083118284,0.004946666033650476,-0.015203846434817977,0.05934748129541348,-62.1424116528558,0,-0.48736794112064885,0.058047525386843546,50.12506888852823,0.06146340364291138,0.015912613330965674
2026-09-19 03:03:00,23.062698111792898,28.43177347494034,1.6735469172948108,128.41200366265488,183.92014689709976,-0.006016282607496846,-0.01733850478688869,0.05224632315856075,-62.69341922987689,0,1.1617257667607603,0.07291052610989723,55.50814323444487,0.055375966702595744,0.01581744390310064
2026-09-19 03:04:00,22.94876011150481,28.747154156458254,2.1696721079409844,125.4565890724577,183.4472578524348,-0.019668995269559425,0.013869916412092,0.05726514918734784,-62.95874566070916,0,-0.11393800028808698,0.3153806815179152,57.9906687799771,0.06211715759467407,0.015798071437516263
2026-09-19 03:05:00,23.214525243451554,28.681366908223488,2.140201953117774,130.9647796340177,186.22225637422622,0.0063143884459304815,-0.023609969739952774,0.05357065374460385,-61.93941221893952,0,0.26576513194674334,-0.06578724823476634,55.25747674020852,0.05888223089516755,0.015245049234926578
2026-09-19 03:06:00,22.954481266182526,28.865404517697698,1.7129211454717916,135.26479921494172,186.59289998309742,0.02345395154370135,-0.005310457228666975,0.03765354582518135,-64.11641511618696,0,-0.26004397726902795,0.18403760947420977,51.32810076815571,0.044677492232676,0.01611656396709125
2026-09-19 03:07:00,23.558304965363742,29.158364427862008,2.2418016667193608,130.0552048923503,186.29651904706316,-0.009520354951978862,-0.01810672335029705,0.041137615666365375,-61.70660746085498,0,0.6038236991812163,0.2929599101643099,56.24131415471285,0.045943378321684734,0.01568276818484103
2026-09-19 03:08:00,23.895591404151222,29.32265604410691,1.6239395015391518,130.67579235174264,185.4799734728584,-0.018896289804834404,-0.029105779518024313,0.046788478128698435,-63.69644365466484,0,0.3372864387874799,0.16429161624490263,54.80418112111576,0.058252706849895176,0.0149745410900473
2026-09-19 03:09:00,23.710279616743517,29.28710106113719,1.5840989986226621,132.07816826535057,184.80357464690312,0.003300505248774233,0.017403563494935416,0.06065414778238352,-64.86361407958383,0,-0.1853117874077057,-0.03555498296972104,52.725406381552546,0.06318783902323812,0.015142184621450012
2026-09-19 03:10:00,24.51827889219132,29.507642759575667,2.2176648874600726,126.1920085103599,187.52167994394492,-0.026712133332927213,-0.010396504443470778,0.042341159316793796,-61.160867951824805,0,0.807999275447802,0.2205416984384776,61.32967143358502,0.05113119541072068,0.01157485949796404
2026-09-19 03:11:00,24.103968306196517,29.6127662174042,1.9878387418398995,135.10754397438882,190.62487118926128,-0.013207627410710783,0.0037688016084151373,0.054559026331676475,-64.03268067494145,0,-0.41431058599480153,0.10512345782853316,55.517327214872466,0.056261289015132936,0.0065411532241145985
2026-09-19 03:12:00,24.600805633715883,29.744722594960646,1.968885015124618,130.6069863892684,189.7485783479327,0.024448043233010048,-0.030161517596020204,0.05303692593921197,-64.10125224391727,0,0.4968373275193656,0.1319563775564454,59.14159195866429,0.06572928932142519,0.007074056856152314
2026-09-19 03:13:00,24.508648265121753,29.99979795991189,2.027937944318686,134.89557069726732,187.14410429674797,0.0012435845962457527,-0.014838789075129517,0.0658619726507913,-62.460303993672476,0,-0.09215736859412971,0.25507536495124583,52.24853359948065,0.06752433343112528,0.007918026757260891
2026-09-19 03:14:00,24.752527208807823,30.079671205590753,2.334748796348866,127.80090101342803,190.20085915158697,-0.03758933927892333,0.01512175761390011,0.04958320221870586,-61.965913060154286,0,0.24387894368607022,0.07987324567886134,62.39995813815894,0.06403217880894442,0.008067328298106472
2026-09-19 03:15:00,24.225155359802905,30.10176524403437,2.1463206305376863,135.45418576767347,190.7455846254982,-0.03593983294558802,0.051745429116906196,0.032452415817237415,-65.58703449141763,0,-0.5273718490049184,0.022094038443619013,55.29139885782473,0.07086903639125072,0.009108587494374489
2026-09-19 03:16:00,24.9807404850627,30.134391856813572,1.9718925227834185,132.32546648210436,188.22802115801278,0.003241713852935511,-0.03952432128780624,0.056468704648967784,-65.2504553403417,0,0.7555851252597954,0.032626612779200315,55.90255467590842,0.06900286433691287,0.008124596758190444
2026-09-19 03:17:00,24.78462909018399,30.129608436971438,2.2121224128406203,131.65912025755708,190.22409831641573,0.017247811518353754,-0.004022155905788526,0.07138055211634005,-65.4221184168609,0,-0.19611139487870943,-0.004783419842134151,58.56497805885866,0.07354487039037232,0.006975293408914751
2026-09-19 03:18:00,24.879388146776627,30.47211620879626,2.023470667344519,130.70207336305944,189.85489374567393,-0.032352429172523005,0.00824561196287,0.05712383344866456,-63.85298673230124,0,0.09475905659263617,0.3425077718248204,59.15282038261449,0.06616496155727826,0.006700104902188049
2026-09-19 03:19:00,25.77689297449729,30.444481261010697,2.4794296714257555,129.25441414577665,187.17706028121287,0.00899425214993017,-0.012322003064785675,0.042123384081895934,-63.3984779064319,0,0.8975048277206632,-0.02763494778556108,57.922646135436224,0.04480075688842807,0.009222884443759124
2026-09-19 03:20:00,25.301752864812883,30.359177843000968,1.8448820607445944,133.60159497542162,189.8085489889534,0.026606870149794376,0.01699043973988248,0.03918054120821036,-66.36742320562121,0,-0.475140109684407,-0.08530341800972963,56.20695401353177,0.050316154375020225,0.009341343373197347
2026-09-19 03:21:00,25.168702353083418,30.53558427473364,2.5400803112374155,130.42107960954414,189.75366271922522,0.037757179759172775,-0.017334653413206263,0.04047031166492595,-64.11999282898026,0,-0.13305051172946492,0.17640643173267279,59.33258310968108,0.05799949101999699,0.009221043851494509
2026-09-19 03:22:00,25.457089951813078,30.479436147780177,2.3695588621074495,124.09879088923854,190.25106652454645,0.006624455197197526,0.003076953204332826,0.07003311880382046,-66.4876284903852,0,0.2883875987296598,-0.05614812695346316,66.1522756353079,0.07041298727558264,0.009490191147782037
2026-09-19 03:23:00,25.26092069236551,30.469534909837012,1.9719055224776083,126.648440614879,189.56465622583698,0.010136051891049484,-0.010441438089967196,0.04672672559478564,-65.6809239106822,0,-0.19616925944756858,-0.009901237943164887,62.91621561095799,0.048940270352083884,0.010384774857770349
2026-09-19 03:24:00,26.158321684327785,30.54245516043272,2.222074096032561,129.44246274342177,183.99929306959731,-0.04266368855256288,0.02438862165909545,0.04337356606171973,-67.51989420906925,0,0.8974009919622752,0.07292025059570761,54.55683032617554,0.06554587264085322,0.010434940928094535
2026-09-19 03:25:00,25.587234254172394,30.414370069388138,1.9244329352401583,130.92999694949665,184.10907136120932,0.04199505095991978,-0.013527290060712112,0.04841563355872767,-66.59309990951684,0,-0.5710874301553908,-0.1280850910445821,53.17907441171266,0.06550301866636299,0.01004514932539521
2026-09-19 03:26:00,26.013022721851872,30.43267413650682,2.182898023937892,129.8302345333003,186.18508425263195,-0.011509804261922427,-0.0070374759257303176,0.046830929513942986,-66.79480065239994,0,0.4257884676794781,0.018304067118680933,56.35484971933164,0.04873538366210835,0.010341327428681438
2026-09-19 03:27:00,26.309725445569736,30.446765183615444,2.089216124236437,133.656912369381,185.3013707041627,-0.01866942316850083,0.018913780749943102,0.06567650359787504,-67.19967917448349,0,0.2967027237178641,0.014091047108625077,51.64445833478172,0.07084971128059145,0.009953681754305655
2026-09-19 03:28:00,25.791753115589422,30.341426724422398,2.218779770339256,124.14669440788413,184.37997687417115,-0.005104122688792492,-0.020560773181857273,0.03985522508983697,-66.68730343792993,0,-0.5179723299803136,-0.10533845919304596,60.23328246628702,0.04513575555166433,0.01046297044015874
2026-09-19 03:29:00,26.130458693832193,30.404408747779147,2.0125229904636437,130.43076380951547,190.09795627344926,0.030233468283708622,0.0013750011352714453,0.06180643231660447,-68.25267636668403,0,0.33870557824277014,0.0629820233567493,59.66719246393379,0.06881851719044099,0.010148297145105886
2026-09-19 03:30:00,25.680954129944887,30.460150217432034,2.266818346181937,124.54606232383854,182.55298110198498,0.044160920950870965,-0.036450686873732034,0.05122092096451085,-68.28715414482764,0,-0.44950456388730586,0.05574146965288662,58.00691877814644,0.07682722341233349,0.010990099082117712
2026-09-19 03:31:00,26.732865927491535,30.123457530783188,1.800429709285262,132.2791368864525,182.6869379046941,0.0025081735895168883,-0.021758669172581496,0.06207026513427685,-67.10666321112416,0,1.0519117975466479,-0.33669268664884555,50.4078010182416,0.06582133721489121,0.010961791521187496
2026-09-19 03:32:00,26.279208452551007,29.94824937778446,1.9803015007229905,129.716623856674,181.3242620927106,0.019961683452073106,0.0076426255178160705,0.06582619043734052,-66.32594437366339,0,-0.45365747494052755,-0.17520815299872794,51.60763823603659,0.0692095793842107,0.010873458160541192
2026-09-19 03:33:00,25.929678182187434,29.82106699280135,1.3002001582812348,131.25882991607236,179.72532556117912,0.000864080973710078,-0.019813950190724648,0.050847976339130956,-67.79572082994531,0,-0.349530270363573,-0.12718238498311152,48.46649564510676,0.054578896616498826,0.010216277722869318
2026-09-19 03:34:00,25.734809122543187,29.903693330810636,1.8538856066955525,127.4083511182307,176.814050490451,-0.02075590946036368,-0.010891458636475834,0.046849363904008345,-67.35491863525127,0,-0.1948690596442475,0.08262633800928754,49.4056993722203,0.052386014803257164,0.010702577840770913
2026-09-19 03:35:00,25.90174482164386,29.741398245333194,1.4498439552966038,133.83839479497325,178.01010616409033,0.029534873415765817,0.009861728040958754,0.050661788318651035,-67.16635184126466,0,0.16693569910067296,-0.1622950854774423,44.17171136911708,0.05946578195301016,0.01063973411886827
2026-09-19 03:36:00,25.793395406807324,29.709444001484584,1.791518039785698,133.12517399217654,174.02914513797631,-0.01244254960712778,-0.011583722822938606,0.049052293279948686,-67.13947230116784,0,-0.10834941483653537,-0.031954243848609565,40.90397114579977,0.05191461404254686,0.010267455046055184
2026-09-19 03:37:00,26.430984178101053,29.575358598434082,1.641666343449225,131.75063290903566,174.22800137743502,0.030710615467437648,0.01645684146432716,0.03343033544261272,-68.94843494310904,0,0.6375887712937285,-0.1340854030505021,42.47736846839936,0.048286197418894214,0.010462076997267101
2026-09-19 03:38:00,25.417539934085188,29.26827793592671,1.594373182580749,129.61144825940968,172.9106939949146,0.025970826595381677,0.004313255749721286,0.06552480373785073,-68.77606722041513,0,-1.013444244015865,-0.30708066250737076,43.29924573550491,0.07061577666565556,0.009720694575947021
2026-09-19 03:39:00,25.75627928700254,29.10726504660552,1.5810660997788841,131.7395718558854,173.28608668693292,0.012280725279144162,0.008713662238490062,0.0524578501738119,-68.67246362218518,0,0.3387393529173508,-0.16101288932119218,41.54651483104752,0.05457627843529087,0.009619707225457647
2026-09-19 03:40:00,25.631688287312613,29.17277489062414,1.5568107538614344,127.87932229603796,177.06129218026774,0.03657949512508706,0.024819311974770643,0.03836900814948946,-66.01638821323928,0,-0.12459099968992504,0.06550984401862081,49.18196988422979,0.058534079790177364,0.00768727983277082
2026-09-19 03:41:00,25.514226384430042,29.00607366163637,1.5930810355024063,132.56666697706214,168.0826985041724,0.04464692066371477,0.006396461252281315,0.029324766798015916,-67.37902235173175,0,-0.11746190288257097,-0.16670122898776896,35.51603152711027,0.05379780840389312,0.0073547785476419224
2026-09-19 03:42:00,25.42025247011399,28.79488857555311,1.744999797027716,134.94844268297177,172.65676265661315,-0.00350486725928623,0.03077694580938688,0.026724007670696513,-67.34605434148737,0,-0.09397391431605229,-0.2111850860832618,37.70831997364138,0.0409105985515074,0.007714287291908926
2026-09-19 03:43:00,25.312773920157845,28.512974901892477,1.3071926024735225,133.21183167993755,167.61290889012616,-0.016175882368328624,0.01822524566075647,0.057704804366875036,-67.34579085295385,0,-0.10747854995614503,-0.28191367366063247,34.40107721018862,0.06263915067119163,0.008132434134879506
2026-09-19 03:44:00,25.495905435177992,28.564031992003706,1.8083993901057354,127.81119259057778,169.540115529526,-0.03728539674512945,-0.010469048596689135,0.04381022431592905,-68.91665393242822,0,0.1831315150201469,0.05105709011122883,41.728922938948216,0.05847339175705108,0.008116841793355698
2026-09-19 03:45:00,25.294988121499415,28.479989974692064,1.361825648317795,131.0842519518193,172.40260001728376,0.04489364510860512,0.025862961500425427,0.04545099331894867,-65.52348760124164,0,-0.2009173136785769,-0.08404201731164207,41.31834806546445,0.06892115018184904,0.009070337236938165
2026-09-19 03:46:00,25.108494332118717,28.214937999159208,1.4145442379382978,126.12057536872406,170.1916500018563,-0.008793640178368993,0.0052773204180589055,0.05488154264538824,-66.83122298847277,0,-0.18649378938069816,-0.265051975532856,44.07107463313223,0.05583154969655647,0.008915976284233679
2026-09-19 03:47:00,23.935696602519798,27.935900676826755,1.2984744831376898,131.71717093352703,167.84527786850038,0.022700737142034792,-0.007893594173210068,0.04483951843898222,-66.41994761922363,0,-1.1727977295989191,-0.27903732233245293,36.128106934973346,0.050874499600516175,0.00866047539408192
2026-09-19 03:48:00,24.79179118445355,27.858519857988167,1.4175573596212243,131.3518102385876,168.60774649312165,-0.014825107350189664,0.005567713906417653,0.05546524416053514,-68.72645215150665,0,0.8560945819337533,-0.07738081883858783,37.25593625453405,0.057681683018755106,0.00735425561057469
2026-09-19 03:49:00,24.05436700048699,27.551518170291885,1.6049211776878953,124.3905509814035,171.53466937162605,0.0307653128182407,0.02224653648780526,0.05095264064376716,-65.98550044422427,0,-0.7374241839665601,-0.3070016876962818,47.144118390222545,0.06354198963740693,0.007670759252765042
2026-09-19 03:50:00,24.587784625356573,27.629376164195165,1.623102763847677,126.5146484682629,168.95002398993435,-0.014002351836308267,0.009100901884844437,0.04915870416850764,-66.9133193262815,0,0.5334176248695819,0.07785799390327952,42.435375521671446,0.051917920486015054,0.007819188574326591
2026-09-19 03:51:00,24.673084079836823,27.369331678385876,1.562141719490323,129.1505833097687,171.17477035588664,-0.023834382672346863,0.036447856651027954,0.03427249594308511,-67.66104544446762,0,0.08529945448024989,-0.2600444858092885,42.02418704611793,0.055417759157101766,0.007774583168342607
2026-09-19 03:52:00,23.78413375350929,27.024737000003615,1.306023515085667,129.09742075857753,171.2565971226061,-0.004170128619075007,0.021730611157976438,0.04180268643561141,-67.06389361675942,0,-0.8889503263275316,-0.3445946783822613,42.15917636402858,0.04729771693467718,0.006498077055481949
2026-09-19 03:53:00,23.809587948456716,27.015438041964604,1.6752784495191217,126.37156919374358,170.37412488254935,-0.010635514019232746,0.01046320066804325,0.056025353655868665,-67.13918686504786,0,0.02545419494742518,-0.00929895803901104,44.00255568880577,0.05797786628480039,0.0062310101622770385
2026-09-19 03:54:00,23.529712809419422,26.940029042786293,1.7938951883269558,131.16693618805655,176.5602433030908,0.011925995709224249,-0.020521361654823152,0.04317978185135949,-66.91417159340695,0,-0.2798751390372942,-0.07540899917831112,45.39330711503425,0.049273209947754325,0.006622342231261435
2026-09-19 03:55:00,23.897273500936368,26.713502616431587,1.5863657907363133,130.75442082682153,174.21243478893211,-0.0010278985438504724,-0.0035946502802024173,0.062053695557844915,-65.32554528130608,0,0.36756069151694604,-0.226526426354706,43.458013962110584,0.06216622248809325,0.005369600563432083
2026-09-19 03:56:00,23.36846096620524,26.577893975572778,1.6669530436486646,129.41719260406444,169.63704844796158,0.01255404789103843,0.0014332827950170265,0.07346401323993398,-65.52388194294738,0,-0.5288125347311272,-0.13560864085880908,40.219855843897136,0.07454273713339331,0.008153380665267773
2026-09-19 03:57:00,23.668410863540075,26.347915051938475,1.4398559450162367,127.73262549952491,174.86605320356247,-0.0058204294617058795,0.01393263002435494,0.056563853008413226,-64.55312417917469,0,0.2999498973348338,-0.2299789236343024,47.13342770403756,0.05854455607203481,0.007861428614440133
2026-09-19 03:58:00,23.081123577740147,26.398676999727538,1.5537430807505128,133.14612137924968,174.03040527632567,-0.013302147420376106,0.012746660825443854,0.06492831891365158,-62.96207498233463,0,-0.5872872857999276,0.050761947789062845,40.88428389707599,0.06749156306639498,0.008431409459915901
2026-09-19 03:59:00,22.83442564363485,26.156209667724095,1.301653811650116,134.96622133926488,177.96610002129006,-0.01167121095792147,0.0033908082043657235,0.05720727238296069,-64.52092396058103,0,-0.2466979341052955,-0.24246733200344295,42.999878682025184,0.05848407269506251,0.008266576676419581
2026-09-19 04:00:00,13.327749276508074,25.892349224029676,-4.813863255520202,128.54931554846038,0.0,0.040898775960620526,0.0024069983075434226,0.044657379773278126,-66.39390273756874,0,-9.506676367126778,-0.2638604436944192,-128.54931554846038,0.06060350719343179,0.00797120160790332
2026-09-19 04:01:00,13.448948594484845,25.96621100132964,-4.7034539970523985,128.16349924853554,0.0,0.004503418644538716,0.014409137901521395,0.05200151664807425,-64.15447106154603,0,0.12119931797677097,0.0738617772999639,-128.16349924853554,0.0541485158453395,0.008047501849443946
2026-09-19 04:02:00,12.573161693676129,26.005665459359054,-4.883898572294707,131.473622996236,0.0,-0.03967524418906089,-0.01717172451259972,0.07013320946097443,-62.490165444730046,0,-0.8757869008087162,0.039454458029414496,-131.473622996236,0.08238725747040704,0.009809485813639824
2026-09-19 04:03:00,13.006124829337551,25.782367624306033,-4.7140960159181935,128.92591186075904,0.0,-0.01040418026908162,0.033910316384997134,0.04476446257372549,-63.54968304077131,0,0.4329631356614225,-0.22329783505302103,-128.92591186075904,0.05711404060226016,0.00985802201585173
2026-09-19 04:04:00,12.841205538915503,25.91804973769118,-4.670751790642606,129.5818083980103,0.0,0.0019373206495175124,-0.040943337703269425,0.03960672701121926,-61.725258876730784,0,-0.16491929042204845,0.13568211338514757,-129.5818083980103,0.05699827136084266,0.008971289029458615
2026-09-19 04:05:00,12.957712282072405,25.720360541677945,-4.554674797561366,132.218959455174,0.0,0.036907993625007574,0.029108189643440585,0.03865805576884731,-62.604607792681705,0,0.11650674315690246,-0.1976891960132363,-132.218959455174,0.06085993734444203,0.008998261551735283
2026-09-19 04:06:00,12.558355258194629,25.654870631504245,-4.502515084079644,124.27193173747813,0.0,0.02057397431779799,-0.0009037105685032413,0.04782470616166451,-64.71226041152362,0,-0.3993570238777764,-0.06548991017369943,-124.27193173747813,0.05207021827753929,0.00862632241462979
2026-09-19 04:07:00,12.174893679652234,25.562255498036308,-5.101228961873848,133.954906974558,0.0,-0.018434356729638304,0.02005159628543188,0.03996527911356938,-62.595605129648504,0,-0.38346157854239493,-0.09261513346793748,-133.954906974558,0.048364403813703855,0.009488844865153771
2026-09-19 04:08:00,12.358405998560164,25.533140576294933,-4.422630772593398,130.21804157298803,0.0,0.04836711507144902,0.007276808685852255,0.06674019427437237,-62.25530976732947,0,0.18351231890792974,-0.029114921741374644,-130.21804157298803,0.08274408315261131,0.011798110719303222
2026-09-19 04:09:00,11.899452895209606,25.48943012740439,-4.76618661837706,128.76552056631346,0.0,-0.0006232072960295523,0.006920688218216038,0.05216356534591288,-61.33606694724179,0,-0.4589531033505576,-0.04371044889054332,-128.76552056631346,0.0526243466690552,0.012099449346460473
2026-09-19 04:10:00,11.513834105700916,25.472385768046927,-4.645040426040056,129.73229753733565,0.0,0.02492659622149889,0.01108508952053042,0.05971726309760503,-60.478828992101576,0,-0.38561878950869044,-0.01704435935746318,-129.73229753733565,0.06565337707031067,0.012195731865444662
2026-09-19 04:11:00,12.176251101005812,25.553635028562994,-4.549524415221199,129.88728806506157,0.0,-0.023100169947998052,0.01618108578175557,0.04701334609420302,-61.291532660661545,0,0.6624169953048966,0.08124926051606707,-129.88728806506157,0.05482426561000374,0.012153524557231598
2026-09-19 04:12:00,11.998720504929508,25.416005354931343,-4.417449205236059,124.80639608966523,0.0,-0.047963261905017956,-0.0065766165317448005,0.03859802802243882,-61.67900934266168,0,-0.17753059607630384,-0.13762967363165046,-124.80639608966523,0.06191554041430906,0.009694167657760506
2026-09-19 04:13:00,11.832794473601982,25.422103657410265,-4.584193186294266,134.4848146823597,0.0,-0.028168629807367215,0.020695982610524726,0.03690606054566723,-61.38352380233999,0,-0.16592603132752615,0.0060983024789216245,-134.4848146823597,0.050831611291007626,0.010049831255541715
2026-09-19 04:14:00,11.952576292045972,25.448453173864106,-4.5514842604933,130.12397689681185,0.0,-0.06500666952391412,-0.021689412471575673,0.040920082578218796,-62.18834866676787,0,0.11978181844398961,0.026349516453841204,-130.12397689681185,0.07981698349450306,0.012020693912300777
2026-09-19 04:15:00,11.233166061982368,25.807254768109868,-4.862583572773069,131.32900639134212,0.0,0.04224178654505817,-0.000106611466522494,0.053475254940267114,-63.46452958213393,0,-0.7194102300636036,0.35880159424576163,-131.32900639134212,0.0681467738594397,0.012232247737165353
2026-09-19 04:16:00,10.876839757773112,25.70829100645679,-4.309096469191744,132.85464931172214,0.0,0.00429065837772832,0.016719398485445538,0.05519882931767948,-61.96227536009128,0,-0.35632630420925615,-0.09896376165307785,-132.85464931172214,0.05783475419738377,0.011858166825699774
2026-09-19 04:17:00,11.16174596827022,25.748690561578293,-4.494580186879465,126.9365126273191,0.0,-0.018492880368960626,0.019900351592317785,0.056031960730586854,-61.6613959241932,0,0.2849062104971072,0.04039955512150328,-126.9365126273191,0.06227030786139235,0.01081504059659519
2026-09-19 04:18:00,10.958716567487473,25.685611893670274,-4.723054320220933,131.42041569710568,0.0,0.009052480599602418,0.009215776965228021,0.035113273162181435,-63.273894748727855,0,-0.20302940078274645,-0.06307866790801953,-131.42041569710568,0.03741416713279846,0.011413490063429161
2026-09-19 04:19:00,10.694652748875397,25.936632137820474,-4.421396227078301,129.19707672730362,0.0,0.0037866807236033168,-0.007867848759114712,0.0499959081410173,-60.80750015868103,0,-0.26406381861207606,0.25102024415020097,-129.19707672730362,0.05075266323892621,0.011546657772567297
2026-09-19 04:20:00,10.81243827423532,25.955019386435715,-4.683692393872896,132.5403123256495,0.0,0.012418667912279826,0.01793415556737407,0.039739381691076076,-61.21248587536464,0,0.11778552535992226,0.018387248615240992,-132.5403123256495,0.04533294283210936,0.01201371424723003
2026-09-19 04:21:00,10.547132704253354,26.089505675223208,-4.335094280660188,123.6183177389455,0.0,0.024190628022725372,-0.013387324782375068,0.05401465967584529,-63.69274238122064,0,-0.2653055699819653,0.13448628878749247,-123.6183177389455,0.060679406793903705,0.012043195354735381
2026-09-19 04:22:00,10.079673516179241,26.080422102006928,-4.133803096682584,129.70271709927619,0.0,-0.005798423060500307,0.03502818147497822,0.05479077055497453,-61.07682628719154,0,-0.4674591880741126,-0.009083573216280172,-129.70271709927619,0.06528877197068737,0.012226475657361183
2026-09-19 04:23:00,10.404067470319763,26.312200777074796,-4.633293501102727,128.1915380326481,0.0,-0.017596786122019738,-0.001693417949993284,0.03827826952973562,-62.890399595681586,0,0.32439395414052186,0.23177867506786853,-128.1915380326481,0.042163259650655004,0.013057369960829
2026-09-19 04:24:00,10.107955692968343,26.379450051498548,-4.752723209228567,131.29678885190248,0.0,0.016555504287438353,-0.030792513884119212,0.059680296071963485,-63.51678480208844,0,-0.29611177735142036,0.06724927442375161,-131.29678885190248,0.06916647578670092,0.011303294967597377
2026-09-19 04:25:00,10.437701795879411,26.47794327993621,-4.669903317672671,131.4101325621046,0.0,0.016046655557689315,-0.02389366936033104,0.07338822941528245,-61.83092076449891,0,0.3297461029110682,0.09849322843766117,-131.4101325621046,0.07883041803008577,0.012970826462146132
2026-09-19 04:26:00,10.097985804329431,26.767008065384097,-4.352736895581432,127.87712231553392,0.0,0.0020147161624268985,0.0008728727375917506,0.05834835737584663,-63.14766220449456,0,-0.3397159915499799,0.28906478544788783,-127.87712231553392,0.058389654875591536,0.012976107102134416
2026-09-19 04:27:00,10.562450408359679,26.684723770612607,-4.867859606304933,127.86347840747187,0.0,0.043551083773615454,0.0027965054265210636,0.048371659604488956,-61.397042159297044,0,0.4644646040302476,-0.08228429477149035,-127.86347840747187,0.06514855941116106,0.013136221406336216
2026-09-19 04:28:00,10.652153890349759,27.04502963233729,-5.024111317378445,129.66800389432802,0.0,-0.008756442457233045,0.039393133699021914,0.046834542967902584,-64.36056012053541,0,0.08970348199007994,0.36030586172468304,-129.66800389432802,0.06182207277460181,0.011143803060605098
2026-09-19 04:29:00,10.324967491105346,27.211551733431307,-4.664211386911686,127.31007331805438,0.0,-0.017997159432705367,-0.020769986752284527,0.04790936018327492,-65.46113158954952,0,-0.32718639924441284,0.16652210109401722,-127.31007331805438,0.055232208814305614,0.01082714877954993
2026-09-19 04:30:00,21.534692145405003,27.912035632444876,1.4716652471801377,132.52595108635637,182.88254657813224,0.008361828550132034,0.0007892439860786144,0.0423926615322299,-62.28043828116614,0,11.209724654299658,0.7004838990135696,50.35659549177586,0.0432166731083915,0.011165538543674467
2026-09-19 04:31:00,22.651475476746423,28.084510391195234,1.6733991399752923,128.89237839865766,178.1266098641094,-0.013498757138269965,-0.021188428141641135,0.052523982066520494,-61.22118814083785,0,1.11678333134142,0.1724747587503579,49.23423146545176,0.05822314508437045,0.011175791563810189
2026-09-19 04:32:00,22.872049801699443,28.310043988429143,2.3517137060196247,121.27903534203507,184.31302081226053,0.009910330482897913,-0.009853097064268068,0.03861537408845696,-62.96871329084677,0,0.2205743249530201,0.22553359723390898,63.03398547022546,0.04106635226106181,0.01239947178543799
2026-09-19 04:33:00,22.603389683286778,28.524876948033878,1.7539978829509044,128.87553383013457,182.97566818865258,-0.0166601651167888,0.03367944060138676,0.031103022134021,-63.42336311766794,0,-0.2686601184126651,0.2148329596047347,54.100134358518005,0.048777697842460804,0.01165481951770514
2026-09-19 04:34:00,23.191555171280903,28.643507978677412,1.6805917411981077,126.88436853746808,181.9311661209906,-0.00800484565863771,-0.022726724463119817,0.05219601681813549,-61.936201758353036,0,0.5881654879941252,0.11863103064353453,55.04679758352253,0.05748917924723106,0.010975488812207444
2026-09-19 04:35:00,22.82411329560409,28.861342988009568,2.178592067377049,125.10617255361717,185.71846233456858,0.03781680840078331,0.011740848481356677,0.050212330657758215,-63.72035801038602,0,-0.3674418756768141,0.2178350093321555,60.612289780951414,0.06394713966056477,0.008355481175097325
2026-09-19 04:36:00,22.622207046190482,29.149843821025364,2.306680984057498,126.28772008533228,186.04454412509727,-0.008111747134953577,0.007858147180287833,0.04428829983562806,-62.060559614715466,0,-0.20190624941360724,0.2885008330157959,59.75682403976499,0.045705627892186164,0.008791014111467222
2026-09-19 04:37:00,23.14350589823533,29.074008024475027,1.622202373102406,130.3282254154989,185.2417431180593,-0.015977030880345928,-0.0004834285271641726,0.03717303377389634,-62.836729271733205,0,0.5212988520448469,-0.07583579655033645,54.9135177025604,0.04046397977025544,0.008797989693223058
2026-09-19 04:38:00,24.07646362904803,29.09949838025791,2.068590858026574,133.9859224847447,187.31316507897526,0.023413575774130006,0.010388732463834751,0.05289744026914035,-62.14787172931678,0,0.9329577308126993,0.025490355782881835,53.32724259423057,0.058772957044573935,0.008450104079485146
2026-09-19 04:39:00,23.292538159361477,29.494198541790652,2.167857257924678,130.93955342159495,187.06264190255132,-0.021020839005733875,-0.023200407638865772,0.04009824961429549,-64.18876219730315,0,-0.783925469686551,0.394700161532743,56.12308848095637,0.05087243073851369,0.00833577646739199
2026-09-19 04:40:00,23.91755853899626,29.714255965267096,2.350147545546636,128.18048983535277,188.64174453858146,-0.013858864602941362,0.03312645015607115,0.04861055649134666,-61.684600116306925,0,0.6250203796347833,0.22005742347644386,60.46125470322869,0.06043522177028667,0.00836132844406173
2026-09-19 04:41:00,24.100992083724698,29.712651436931278,2.3461468416937787,131.3677125855121,190.23633494965645,0.01153122241017989,0.03849690990247042,0.06764971854126445,-63.35762811058955,0,0.18343354472843743,-0.001604528335818145,58.86862236414436,0.07868586646294402,0.011724592186784273
2026-09-19 04:42:00,24.104677620389797,29.68461535971344,2.721463335739778,128.62272906934302,192.49242449196296,0.018768228477465836,0.0009420939551862672,0.05651189769575384,-62.615570414490755,0,0.003685536665098965,-0.02803607721783763,63.86969542261994,0.05955441648087996,0.010768265974898533
2026-09-19 04:43:00,24.287689142993024,29.893048945961077,2.0446298747050347,127.91619889251056,187.15995085651824,0.02440952782162149,0.04846212261227108,0.036308673376183036,-62.63496686339566,0,0.18301152260322695,0.20843358624763653,59.24375196400767,0.06528952549145729,0.010723460908206202
2026-09-19 04:44:00,24.598545489221625,29.897168310814866,2.435616175083289,126.53691199530104,194.12056404919713,-0.014944436644409696,-0.007980558630998408,0.03725148428987698,-64.97778891303687,0,0.3108563462286007,0.004119364853789165,67.58365205389609,0.04092308131703342,0.012031810591853952
2026-09-19 04:45:00,24.557906337512918,30.167963011416038,2.1069359093236337,124.74451357974485,186.07077426699553,0.011920173459722398,0.008008639877125604,0.05151819092743759,-63.17177540320612,0,-0.04063915170870658,0.27079470060117217,61.32626068725068,0.05348226663509382,0.011760780581302333
2026-09-19 04:46:00,24.442806814447714,30.053859009255223,2.174035974666242,128.83022888032167,189.6921658403439,-0.009322163990883594,0.02863778127549027,0.03624679317940979,-65.71935405523536,0,-0.11509952306520432,-0.11410400216081484,60.861936960022234,0.047125951169675676,0.011638386116189814
2026-09-19 04:47:00,25.069631203444207,30.23456052531063,2.4715433156891713,130.4741604697604,191.09328251749383,-0.012113112670212646,-0.00918008920445819,0.029982745187657135,-65.90957733746019,0,0.6268243889964928,0.1807015160554073,60.61912204773344,0.03361497501636812,0.01277184183290113
2026-09-19 04:48:00,25.455317613243423,30.229663932288673,1.8949374980101763,129.71012898995534,190.30046004425202,0.024064255645845706,-0.02763098117758877,0.05532372011296724,-62.82378915900846,0,0.38568640979921653,-0.0048965930219573295,60.59033105429668,0.06635716636327095,0.013245390793769934
2026-09-19 04:49:00,25.51453377475352,30.397952339495703,1.951558016319564,128.75209921615792,188.21760183723293,-0.010991087917191724,-0.03223434131237708,0.05320935754320868,-63.92575666556481,0,0.05921616151009701,0.16828840720702942,59.46550262107502,0.06317509401344232,0.013325085708304873
2026-09-19 04:50:00,25.122963299014643,30.393210585694508,2.4723636140735055,127.16276181790965,188.67672976754227,0.0055640919204195975,0.04121653127805318,0.05450598331279133,-63.213506468609374,0,-0.3915704757388774,-0.004741753801194903,61.513967949632615,0.06856138699288326,0.0138061466589172
2026-09-19 04:51:00,25.094324527762765,30.481300535296175,2.1976270593131377,131.8247385750549,187.64609179717107,0.0031115893846127758,-0.010580493012775553,0.052630351818179044,-65.90495219755638,0,-0.028638771251877415,0.08808994960166672,55.82135322211616,0.053773439107026894,0.011677557956581548
2026-09-19 04:52:00,25.47957307559931,30.488693565334277,2.1008604664989856,126.04860424016024,186.90623452430748,-0.02141508752677005,-0.0037147352683699723,0.04934689288327605,-65.67616571477849,0,0.38524854783654305,0.007393030038102211,60.857630284147234,0.053921434227279366,0.011578851481637165
2026-09-19 04:53:00,26.121393213980785,30.399579957550838,2.2004579921626726,132.32808374153043,189.15625631580923,0.019321857107126413,-0.02225528156642109,0.043378114523233396,-65.4896920668754,0,0.6418201383814761,-0.08911360778343891,56.828172574278796,0.05244323158673239,0.01095996512432745
2026-09-19 04:54:00,25.921835767556768,30.561621713956665,2.228075805434899,126.99334894321983,187.4686627774416,0.011205617873579075,0.018966785586583768,0.05516134966087943,-66.26063607623531,0,-0.1995574464240164,0.1620417564058272,60.47531383422178,0.059397637358954945,0.010162856602087551
2026-09-19 04:55:00,26.007127880460615,30.4836433291951,2.330633777606532,127.74269428794089,184.59890225051825,-0.03972581223740842,-0.0156311971844917,0.06529883488405151,-67.21730551663074,0,0.08529211290384708,-0.07797838476156471,56.85620796257736,0.07801546206077942,0.012417206461630291
2026-09-19 04:56:00,26.121189827204418,30.36819688767124,2.206136527369932,125.59964442815297,186.95421346908114,0.005548422224746864,-0.009825260553226437,0.044987709925565465,-67.57977263620728,0,0.11406194674380288,-0.11544644152386141,61.35456904092817,0.04638118992080382,0.012489289380387923
2026-09-19 04:57:00,26.029123400062215,30.65871173281607,2.2191480043726743,128.4957935593431,184.88839784409151,-0.01545946868333242,0.0059904083883232095,0.03979259789791702,-66.67065863533928,0,-0.09206642714220337,0.2905148451448305,56.392604284748415,0.043108363597974104,0.010699098592365508
2026-09-19 04:58:00,25.97798148423791,30.43901486038263,2.3873191093772044,132.92593737543393,184.97560573923698,0.021941506128252554,-0.02128091854491145,0.038648805805887615,-68.13913426091193,0,-0.05114191582430294,-0.21969687243343827,52.04966836380305,0.049275119233874135,0.010671245412947587
2026-09-19 04:59:00,26.169544033144746,30.322174171412463,1.980507927818607,131.54688426533187,183.65175097598706,-0.028907996735615164,-0.0035716453902845074,0.041332697666662824,-68.34050899419836,0,0.191562548906834,-0.11684068897016786,52.10486671065519,0.05056501579614143,0.01057955655967531
2026-09-19 05:00:00,25.82613011515081,30.41476401973439,1.681935051825769,132.9352663360841,179.75321005875452,-0.007129539372590882,0.028044191790065398,0.05202598524476074,-67.00985883548621,0,-0.34341391799393506,0.09258984832192496,46.81794372267041,0.059531589643745934,0.009693308421548655
2026-09-19 05:01:00,25.57479615334753,30.383068904982565,1.8490971436919517,131.5664276378018,179.29544454393897,0.0072404910197693155,0.008565087950337264,0.0286037243644644,-67.63969470755913,0,-0.2513339618032795,-0.031695114751823183,47.72901690613716,0.030723907455312827,0.012309887898195248
2026-09-19 05:02:00,26.21519349255332,30.100226965183477,1.8634386591292889,126.68899051440889,180.91084577597073,0.0010868058828375038,0.002610845848567169,0.05439170424432326,-66.73077343405744,0,0.6403973392057871,-0.2828419397990878,54.22185526156184,0.05446517376887623,0.012318865178944647
2026-09-19 05:03:00,26.35878154554044,30.055980758192455,2.286009657619844,129.00763232701732,179.64328358943445,0.01525916513427943,0.004297294189277301,0.05643913010296156,-68.19781854598023,0,0.1435880529871234,-0.044246206991022774,50.63565126241713,0.05862323997122154,0.012475811622997246
2026-09-19 05:04:00,25.631189660003066,29.819939863159842,1.8125636067947595,127.65940261264761,177.40278579180338,-0.030368439720185783,-0.007782701919531275,0.032019216400571204,-68.43984535868898,0,-0.7275918855373753,-0.2360408950326125,49.74338317915577,0.0448111905567509,0.01249851635493694
2026-09-19 05:05:00,26.18252023222052,29.792995429269013,1.4716668280121907,133.99172471211713,176.72682248972134,0.033038286737347565,0.03992304639509851,0.04020819563722401,-67.50087845552652,0,0.5513305722174522,-0.026944433890829345,42.73509777760421,0.06559022046315796,0.009928551822368039
2026-09-19 05:06:00,26.399620237529238,29.66875169600189,1.68002260249268,126.40963406072106,178.1301253586283,0.01050289317576543,-0.016243142610681348,0.05079680979845414,-68.78200236435517,0,0.2171000053087191,-0.12424373326712157,51.720491297907245,0.054355002829848134,0.009898335741683225
2026-09-19 05:07:00,25.844426951374064,29.580581534593637,1.6779227077882894,132.68109306816734,173.5184958132434,0.027194364260017923,0.004218523239278602,0.048565302696956025,-68.65303794282907,0,-0.5551932861551734,-0.08817016140825373,40.83740274507605,0.055820408560613724,0.009568035448765656
2026-09-19 05:08:00,25.539799695327133,29.46187566845182,1.6840358483722115,132.6788616103263,174.97561585291288,0.017484803384664835,0.0023005113268561427,0.05519637468268591,-68.61751138058963,0,-0.3046272560469312,-0.11870586614181633,42.29675424258659,0.05794523690413932,0.009648304742569709
2026-09-19 05:09:00,25.752744462073505,29.344736274436467,1.2301395720794748,135.48886060514826,172.71795310329247,-0.00023220228910087061,0.020175250142662703,0.04858863178483634,-68.1920911345372,0,0.21294476674637153,-0.11713939401535356,37.22909249814421,0.05261130843216583,0.009606805224692452
2026-09-19 05:10:00,25.472029516842518,29.166945832219525,1.6590642839657266,128.7709402221115,171.99661264046628,-0.025683964218223214,0.022063478775872794,0.06264769526774966,-66.17258547083735,0,-0.2807149452309865,-0.17779044221694207,43.225672418354776,0.07121233626287782,0.011032982436542705
2026-09-19 05:11:00,25.36443044154658,28.87145651550146,1.1939250961642078,132.13696647874048,174.0147825933303,-0.011271063624974018,-0.0006403760897414161,0.046788306009563185,-69.26400411586081,0,-0.10759907529593704,-0.295489316718065,41.87781611458982,0.04813099350750046,0.0077206055221077105
2026-09-19 05:12:00,25.582792686776955,28.743623664815654,1.3259269530226188,136.84495550961654,172.9350749738402,0.03179126665725155,0.005813329862260992,0.04016967013280247,-66.51386247975492,0,0.21836224523037373,-0.12783285068580597,36.09011946422365,0.05155658869958419,0.007853420049330035
2026-09-19 05:13:00,24.86647632068502,28.62404849845934,1.6733471609620465,128.1470749691989,172.46535990450673,0.027708755633127646,0.0065706950782789654,0.03936558133738244,-66.97423984984768,0,-0.7163163660919345,-0.11957516635631293,44.318284935307815,0.04858598734798105,0.008126878269850013
2026-09-19 05:14:00,24.80080693853069,28.488668806534886,2.0450394482693657,125.39487925740292,173.0949368754135,-0.0123919996020738,-0.045442833111412145,0.057354685092816896,-66.02888168143872,0,-0.06566938215432927,-0.13537969192445587,47.70005761801059,0.07421706432772483,0.00924834207330692
2026-09-19 05:15:00,25.118080051663867,28.45787744919688,1.485362546894899,124.35996989827672,170.26670650661455,-0.05636608572404358,-0.03177979204955551,0.050296211419569165,-64.32499202369641,0,0.31727311313317585,-0.030791357338006975,45.90673660833784,0.08195608388475635,0.011828414603228591
2026-09-19 05:16:00,24.97612828703315,28.070845856452024,1.147503039227796,132.13813608658398,171.42699590625529,-0.004253794686102375,-0.012101273814439413,0.056337159007251954,-65.87895749847188,0,-0.14195176463071846,-0.38703159274485444,39.2888598196713,0.05777898477969252,0.011707397952464277
2026-09-19 05:17:00,24.94895978427536,27.98490656106619,1.429117426934558,124.35054937582424,169.3802339111721,-0.00575405776258233,-0.011231973527537378,0.056131224992291846,-66.21744078397073,0,-0.027168502757788815,-0.08593929538583467,45.029684535347855,0.05753243284612362,0.011652175043004127
2026-09-19 05:18:00,25.26442033874962,27.949365591252455,1.225673577631025,128.88304284118624,170.6866866166185,-0.004995452240807667,-0.023985648439282647,0.029801501472361595,-68.27342721421586,0,0.31546055447426014,-0.035540969813734336,41.80364377543225,0.03857972737267881,0.01351943733883178
2026-09-19 05:19:00,24.582413019360764,27.658141830935595,1.6460189074055274,131.31193956111687,169.91518776502133,0.01057078403662803,0.014991651427472599,0.03859917398976557,-67.95136655809684,0,-0.6820073193888554,-0.2912237603168606,38.60324820390446,0.042736252998643504,0.014311758873790489
2026-09-19 05:20:00,24.573340221516265,27.56962165779557,1.7400572366071037,130.55552661048975,170.60474918335404,0.017524251586433264,4.236842034944943e-05,0.0397937495949618,-66.19691669178864,0,-0.009072797844499547,-0.0885201731400258,40.049222572864295,0.04348153281077122,0.013984029446307267
2026-09-19 05:21:00,23.93807498888128,27.347193040640132,1.5160373382699084,131.27633459255253,171.93216722759652,0.019805990941990485,-0.004293890947736744,0.04183935811508238,-68.03633861766095,0,-0.6352652326349855,-0.22242861715543683,40.65583263504399,0.046489210190617074,0.014075868927858302
2026-09-19 05:22:00,24.292386786340817,27.22723101691141,1.632192650170207,130.66686956740256,169.52901207633153,0.00891418280270734,-0.025123105490147735,0.04579644673423474,-65.49469069959639,0,0.35431179745953756,-0.11996202372872133,38.86214250892897,0.05299007093777828,0.014052202637327751
2026-09-19 05:23:00,23.730204905626326,27.02265822362802,1.5277024864443225,133.8365974399402,175.8621001291319,-0.03601541403845272,-0.0008908972848957708,0.05999149594617186,-68.0092145473555,0,-0.5621818807144905,-0.20457279328338984,42.02550268919171,0.06997773454601804,0.014677253384920493
2026-09-19 05:24:00,23.73094577070965,26.960405439035707,1.5208801527333156,127.1430508577836,170.26032036144073,-0.006823994653865913,-0.05253369511997224,0.061984823523838994,-64.48015401272772,0,0.0007408650833227171,-0.06225278459231376,43.11726950365713,0.08153817739731278,0.01579511103154418
2026-09-19 05:25:00,23.49398938068858,26.592301737788492,1.4529355095498266,127.9690145846244,170.51621951872062,0.0460817956709838,-0.0032591262161168204,0.04707109169797003,-65.70779341360388,0,-0.23695639002107072,-0.3681037012472146,42.547204934096214,0.0659533279645052,0.01369067518481801
2026-09-19 05:26:00,23.649844871097827,26.56915234687794,1.6636908625848221,127.68202166418753,176.00355536827692,0.007484334696049567,0.0012636733761551208,0.04748719138675256,-65.01052220874556,0,0.15585549040924818,-0.02314939091055379,48.32153370408939,0.048089972780676025,0.013869331693745195
2026-09-19 05:27:00,22.756919083057674,26.500012540312635,1.2470787789653963,132.49057543558783,176.0764699619495,0.007356391368877304,0.004838299686429972,0.04294566275942714,-65.63556583775656,0,-0.8929257880401522,-0.06913980656530327,43.58589452636167,0.04383897338754921,0.014233850255838697
2026-09-19 05:28:00,22.27202572647142,26.395392425819992,1.6207445982493809,132.7011957651852,176.60221783996676,0.007189718795477158,-0.031282035269585604,0.050891876972385446,-66.5365772636252,0,-0.4848933565862552,-0.10462011449264352,43.901022074781565,0.06016843797821289,0.013351611713704461
2026-09-19 05:29:00,22.69766078031773,26.37035185000139,1.6406563755382866,131.35367595795552,177.51792437022618,0.008307592450119796,0.004496334733829495,0.05202520882733937,-63.15672496775942,0,0.4256350538463103,-0.02504057581860053,46.164248412270666,0.05287584960910036,0.012638331728607772
2026-09-19 05:30:00,13.447846618798762,26.06889129504362,-4.620587890922631,133.55048100066978,0.0,-0.04766224362171847,-0.02082862539729085,0.058064755550022655,-62.813312048655604,0,-9.249814161518968,-0.3014605549577709,-133.55048100066978,0.07795535222215726,0.013361526508282201
2026-09-19 05:31:00,13.249231777449893,26.151284914582767,-4.497933779207666,126.46587739787086,0.0,-0.004790486338221371,-0.016249396645846678,0.057984387259825534,-64.26400061520191,0,-0.19861484134886886,0.08239361953914681,-126.46587739787086,0.0604084498775474,0.012496072706398914
2026-09-19 05:32:00,13.464128824373905,25.841648105136052,-4.854029037980012,135.00167233465342,0.0,-0.0007578566358937888,0.014358627716453297,0.02697881948930949,-63.02163031639391,0,0.2148970469240119,-0.30963680944671523,-135.00167233465342,0.030571248545275587,0.015754639577677705
2026-09-19 05:33:00,13.1117334449353,25.953925210120495,-4.980299886899268,134.56971586513677,0.0,0.02562990798506825,0.04028227446719489,0.04847455052362882,-63.85463498848488,0,-0.35239537943860455,0.1122771049844431,-134.56971586513677,0.0680392230117403,0.015617771919448199
2026-09-19 05:34:00,12.693064972475934,25.825997951848667,-4.707243138054834,132.20686599173723,0.0,0.0009534578924459189,0.0010271751760536003,0.06384100030890104,-62.96609968615624,0,-0.4186684724593661,-0.1279272582718285,-132.20686599173723,0.06385638175809893,0.01365283755178595
2026-09-19 05:35:00,12.042460587683172,25.58611788885987,-4.686116722633666,135.34539672631317,0.0,-0.032930227732038825,-0.016341909172804644,0.045618850726950835,-62.29841018689941,0,-0.6506043847927625,-0.23988006298879583,-135.34539672631317,0.05858786082068502,0.0133213384115469
2026-09-19 05:36:00,12.543472069698273,25.65169873900139,-4.694029597394154,125.03013037696668,0.0,0.008601783123435043,0.0037734089501999706,0.06139241818363289,-62.31890575255235,0,0.5010114820151017,0.06558085014151871,-125.03013037696668,0.06210682972461337,0.013080470677138372
2026-09-19 05:37:00,12.794901710578374,25.569971741074852,-4.569171520378568,128.42665559121204,0.0,-0.016076492964854906,0.01878058314998291,0.04693548199988812,-61.36421776667752,0,0.2514296408801009,-0.08172699792653759,-128.42665559121204,0.05304812343584146,0.012285153895162937
2026-09-19 05:38:00,12.23858646128412,25.602527656438863,-4.517466038906751,127.79408961795414,0.0,-0.024335712821628355,0.012419951317454707,0.05174923467441964,-62.03343038588887,0,-0.5563152492942542,0.0325559153640107,-127.79408961795414,0.05851893196780737,0.012275238143652797
2026-09-19 05:39:00,12.232801132973439,25.49344533207301,-4.863771455697655,132.16443797127204,0.0,-0.016683180934331618,0.054862257449274913,0.03863109307600851,-62.38833813147684,0,-0.005785328310681237,-0.10908232436585408,-132.16443797127204,0.06914157338942613,0.012508388395831993
2026-09-19 05:40:00,12.217820845769173,25.471888084689006,-4.647913324595655,126.84957778119356,0.0,0.01085008459329031,-0.014306751381893334,0.03900751442433485,-63.05988453159057,0,-0.014980287204265252,-0.021557247384002665,-126.84957778119356,0.04294174719721537,0.011877972076520355
2026-09-19 05:41:00,11.65352664428522,25.637457770632565,-4.677895167675773,132.27248544801245,0.0,0.02517522479520137,0.005044629598385962,0.05725491572263015,-62.67776356069417,0,-0.5642942014839534,0.16556968594355936,-132.27248544801245,0.06274843110133761,0.011981264173379077
2026-09-19 05:42:00,12.011972802112753,25.49971638846483,-5.016384504801029,134.11160843199013,0.0,0.009658598903551736,0.030978359068364065,0.05881818280200665,-61.30943774332388,0,0.3584461578275331,-0.1377413821677358,-134.11160843199013,0.06717533692865602,0.00793198490480679
2026-09-19 05:43:00,12.183803727404422,25.612335272701866,-4.6473584248162645,132.085608700252,0.0,0.01264046447234043,0.02972318474037064,0.05026428906200493,-63.561538592832456,0,0.171830925291669,0.11261888423703681,-132.085608700252,0.05974736653690681,0.007490954683768267
2026-09-19 05:44:00,11.509853759894208,25.538237530447223,-4.852329912981287,130.8512530709845,0.0,0.009460905456760023,-0.03900155853048761,0.03772475757361609,-60.91453455690551,0,-0.6739499675102145,-0.0740977422546436,-130.8512530709845,0.05507982964622265,0.007475359155545797
2026-09-19 05:45:00,11.093956302523857,25.769355639264905,-4.324442832011134,127.03637997729776,0.0,0.0020265435372093664,-6.71524007996245e-05,0.05043804556607215,-62.28279547134103,0,-0.41589745737035066,0.23111810881768236,-127.03637997729776,0.050478785927142784,0.007939552189142211
2026-09-19 05:46:00,11.286193692497898,25.58742325335618,-4.084557561694623,127.45944710162391,0.0,0.013938612699255153,0.029690415316973993,0.06257234960674278,-62.82237735072203,0,0.19223738997404105,-0.1819323859087234,-127.45944710162391,0.07064775028960714,0.008828283480801415
2026-09-19 05:47:00,10.515439668729972,25.65682698828556,-4.94889624305072,133.74885671588999,0.0,-0.048375509341388415,0.05781285980798275,0.06742866470051762,-63.125410428433575,0,-0.7707540237679265,0.06940373492937724,-133.74885671588999,0.10113921834041954,0.015687935342265414
2026-09-19 05:48:00,11.16403763659223,25.943815078811205,-4.619517249372064,132.338047011716,0.0,0.0022217670260966634,0.01407591767501637,0.04683292067674086,-61.39586933716755,0,0.6485979678622584,0.28698809052564656,-132.338047011716,0.04895293827980084,0.016321994679253667
2026-09-19 05:49:00,11.08302377720099,25.82980326866347,-4.784024861043095,129.88294144186736,0.0,-0.020898500692445032,-0.007357265873929673,0.0334013214974221,-62.14876315198429,0,-0.0810138593912395,-0.11401181014773698,-129.88294144186736,0.04008147914069499,0.017605056814627214
2026-09-19 05:50:00,11.339083908435327,26.126783951697487,-4.3898902853369535,128.74627136270232,0.0,0.023258051450882788,-0.0201840630487478,0.05840363599554779,-60.62913166761725,0,0.2560601312343369,0.29698068303401826,-128.74627136270232,0.06602513200250479,0.01662035473158327
2026-09-19 05:51:00,10.672415810344742,26.157272839069513,-4.678857981126538,123.92257638066587,0.0,-0.00294310610433721,0.04437486715061699,0.047240369035449994,-63.58405661645869,0,-0.6666680980905859,0.030488887372026596,-123.92257638066587,0.06488022175348815,0.0166417198760797
2026-09-19 05:52:00,10.75302070263023,26.1626191629372,-4.43200560345541,126.78744274394668,0.0,0.0006189617653566037,0.014574831729315183,0.0594304064156104,-63.02082219904327,0,0.08060489228548917,0.00534632386768763,-126.78744274394668,0.06119462427639744,0.016559128490919388
2026-09-19 05:53:00,10.278034046842121,26.114844544131323,-5.022249838428555,135.73425726141917,0.0,-0.030101437485076068,-0.01696133853770835,0.0528107222501762,-62.674306384599156,0,-0.4749866557881095,-0.04777461880587808,-135.73425726141917,0.06310907960225651,0.016546433139210483
2026-09-19 05:54:00,10.341940106821976,26.419901574892013,-4.547062392355123,126.1586332869926,0.0,0.02033661778025703,-0.004063127326675624,0.041165558942381504,-63.49014998094002,0,0.0639060599798551,0.3050570307606897,-126.1586332869926,0.04609436266455726,0.017204464582733014
2026-09-19 05:55:00,9.910651743397475,26.56466740099257,-4.869363607303149,130.56843946366325,0.0,0.012546562405476188,0.00620373033657408,0.050582443606593815,-62.904079793103634,0,-0.4312883634245015,0.14476582610055644,-130.56843946366325,0.052483198259039826,0.017076094008101048
2026-09-19 05:56:00,10.236359345416657,26.81031920513381,-4.586327474377478,133.02233191958558,0.0,0.011138957646810064,0.010876133077762355,0.06308338367054328,-62.77710702531898,0,0.3257076020191825,0.24565180414123944,-133.02233191958558,0.06497599513287651,0.016829460098728315
2026-09-19 05:57:00,10.137368220061793,26.99733926908962,-4.675797213601957,126.23523199599312,0.0,-0.016260457043376447,-0.0179923731509158,0.04850846011032756,-62.81174324100417,0,-0.0989911253548641,0.18702006395580995,-126.23523199599312,0.054232819004146615,0.009151284446059262
2026-09-19 05:58:00,10.260753999996068,26.9200532879915,-4.5522546990030355,130.55413142434324,0.0,-0.015472796898762603,-0.012283808362509854,0.039651948365546225,-62.00150494576419,0,0.12338577993427435,-0.07728598109811813,-130.55413142434324,0.044300975169189766,0.009664624196356896
2026-09-19 05:59:00,9.934074015101983,27.223221296474826,-4.812167698957179,132.81374661253196,0.0,0.0044719890889181055,-0.0330586912474592,0.03411355831403344,-65.03294649435844,0,-0.3266799848940849,0.3031680084833255,-132.81374661253196,0.04771384090860008,0.008525015882879364
2026-09-19 06:00:00,22.02500360529253,28.076540215601334,1.798576777881678,130.03749796572174,181.03869302848236,-0.013889968204961023,0.020795245792095636,0.04227835313135349,-61.66223968006469,0,12.090929590190546,0.853318919126508,51.001195062760615,0.04912059250241111,0.008091620371767397
2026-09-19 06:01:00,22.099902660400414,28.273884507549525,1.6530727109612087,138.6052091670003,184.06381199247343,0.008697859253546771,-0.006832369335406322,0.045898637382290185,-62.657353459486494,0,0.07489905510788475,0.19734429194819114,45.45860282547312,0.0472124871181436,0.007560033856936229
2026-09-19 06:02:00,22.29988385009746,28.382215547769338,1.875312593799355,124.99420222336542,181.7691730110369,-0.043218252055334444,0.009326432983665842,0.058199991359172594,-61.611556925287644,0,0.19998118969704493,0.10833104021981299,56.77497078767149,0.07308925131046969,0.009635715012535073
2026-09-19 06:03:00,22.621861227683304,28.302423557891476,1.8485891341781648,133.17618558965162,183.75862551081127,-0.009750891128131853,0.02844517017152654,0.038791507321883786,-61.661930548515016,0,0.32197737758584566,-0.07979198987786162,50.58243992115965,0.04908144888023933,0.009211747214831952
2026-09-19 06:04:00,22.806834205875347,28.643251234606062,2.2986696492529584,129.4815947878106,185.27447140650872,0.03593506930852983,0.0043974028474789125,0.06553751885729636,-63.15204854428812,0,0.18497297819204306,0.3408276767145857,55.79287661869813,0.07487210919950321,0.011162177546861751
2026-09-19 06:05:00,23.217968048733585,28.70241598449869,1.689954399182041,132.31576046451002,183.99181444227037,0.008789716559915296,-0.0022594095189813605,0.03662847789158809,-63.15782314285259,0,0.41113384285823784,0.0591647498926271,51.67605397776035,0.03773604962410176,0.012526415192074244
2026-09-19 06:06:00,23.14588791640641,28.953285278479818,2.190458037314534,131.32392145509775,186.09460969757117,0.0033358732906198538,0.0038784295376786833,0.07331486092556837,-61.8556092508593,0,-0.07208013232717647,0.250869293981129,54.770688242473426,0.07349312279951942,0.013582981391824627
2026-09-19 06:07:00,23.266625625084906,29.22278012500339,2.3948634647429317,127.80053140867001,186.4673616739405,0.03970453071342714,0.0012638720770045367,0.06725518556754471,-62.4727017097609,0,0.12073770867849731,0.26949484652357114,58.66683026527049,0.07811086427332235,0.01539448560146782
2026-09-19 06:08:00,23.503431135708436,29.30153146091575,1.8611234282199223,130.68698917737802,187.3689131060929,-0.046719072376028715,0.024923299957558896,0.05141166249387993,-62.86196005840076,0,0.2368055106235296,0.0787513359123615,56.681923928714866,0.07380380508371967,0.015416652485371149
2026-09-19 06:09:00,23.525462901392622,29.52641527012733,1.9183088605089884,124.42629564580514,186.2872495285639,-0.01630622229576215,0.0062167679507757955,0.03352306465230408,-62.146946563603564,0,0.02203176568418641,0.2248838092115797,61.860953882758764,0.03779334535331799,0.016599205378272062
2026-09-19 06:10:00,23.80972882634681,29.580099899745697,2.0837488834230204,131.80974250171417,188.46373019659686,-0.008023463434947782,-0.010888020391578252,0.049445759380175786,-62.251044791888695,0,0.28426592495418745,0.05368462961836684,56.65398769488269,0.05126215050328663,0.016464670011973218
2026-09-19 06:11:00,24.700096529644604,29.543542006659276,1.9981468806299711,130.89447539797158,189.90807018310525,0.0171670246601078,0.020956981137795008,0.04613159042013495,-63.704223738297564,0,0.8903677032977946,-0.03655789308642099,59.01359478513368,0.05349790116239825,0.01605210684169486
2026-09-19 06:12:00,23.98476626537138,29.541305526591533,2.5275312713087814,131.9159805059293,192.22267807526237,0.017513127264564728,0.024609687127167042,0.037257127769490764,-64.23114622003808,0,-0.7153302642732235,-0.0022364800677436847,60.30669756933307,0.047962901254136533,0.015787585094857857
2026-09-19 06:13:00,24.337148722780363,29.920319058452556,2.091953241352855,133.17435497526145,191.55412350634234,-0.017320134179652523,-0.026766612536409273,0.05291009627247443,-64.85676130151819,0,0.3523824574089822,0.37901353186102327,58.379768531080884,0.06177310808303191,0.015520150999242819
2026-09-19 06:14:00,24.460624149969856,29.98762801260091,2.091631643188628,131.10285952062912,194.16086221490772,0.019959086442850993,0.03065567769536211,0.041763568701443564,-63.78688984046944,0,0.12347542718949356,0.06730895414835558,63.0580026942786,0.05551874798007712,0.014498267052215491
2026-09-19 06:15:00,24.65240355642002,30.005982888081554,1.841853329257287,130.44426825939482,188.44025474026444,-0.00806629534643415,0.007294235464169709,0.04285094152950419,-65.47719318996276,0,0.19177940645016278,0.018354875480643074,57.99598648086962,0.044209435436201205,0.013658019562852456
2026-09-19 06:16:00,24.770052570934574,30.018925324559927,2.5173946458838903,127.35679499001613,191.7403773038564,0.024232792512983336,0.005665399002931969,0.04796321365427645,-64.194858821862,0,0.117649014514555,0.012942436478372343,64.38358231384028,0.05403512600971237,0.01250189368390043
2026-09-19 06:17:00,25.08889365092747,30.191099082646183,2.1150487197170396,127.86333770905284,190.2833321160014,-0.020652853962441157,0.020132492631930298,0.04425091171294297,-63.322602803275856,0,0.3188410799928967,0.1721737580862559,62.41999440694855,0.05282045838304816,0.009739117477434802
2026-09-19 06:18:00,24.620255108092394,30.31064856643159,2.1715471282737036,133.560203860532,194.1180821752173,-0.002466231981323211,-0.011339527820085576,0.07078156617110029,-65.14124816528317,0,-0.4686385428350768,0.11954948378540564,60.5578783146853,0.07172654530229408,0.009262946085206046
2026-09-19 06:19:00,25.564813460917097,30.451857653352846,2.1032104807741354,134.30900621711794,187.84640430616383,-0.009803346307531206,0.01908329028381848,0.044642853670004506,-65.5738143149016,0,0.9445583528247035,0.14120908692125766,53.537398089045894,0.04953041440048025,0.007730398448436136
2026-09-19 06:20:00,25.555658779124247,30.44870786156508,1.9791433972149561,129.28566869106385,187.41353058389527,0.021120607431314276,-0.0075355093947571065,0.05440881011394476,-63.289325870415986,0,-0.009154681792850283,-0.0031497917877665316,58.12786189283142,0.0588488111869854,0.007778497893135417
2026-09-19 06:21:00,25.096831426557127,30.624431049688422,2.0370749533177133,130.13800824175982,187.4333083756007,-0.010455624331323422,-0.029499013594206765,0.05145522492210362,-64.02503634776083,0,-0.4588273525671198,0.1757231881233423,57.29530013384087,0.06022584208604502,0.007924468974841059
2026-09-19 06:22:00,24.88410625836002,30.3828981042331,2.0163654506982667,127.2861568750187,183.83717258957628,-0.0008489705802351203,-0.019955125582138685,0.053527502252588725,-66.54319224941192,0,-0.21272516819710674,-0.24153294545532233,56.55101571455758,0.05713248887844745,0.007450543546369921
2026-09-19 06:23:00,25.357934117199665,30.58635174952899,2.025496028824765,133.51827053580234,186.40554207840566,0.010136227953260983,0.011340436658064532,0.05429088403610932,-65.8780336325688,0,0.47382785883964473,0.20345364529589105,52.887271542603315,0.05638127978450217,0.007224817958724381
2026-09-19 06:24:00,25.655356405440767,30.503663881916633,2.019581581792379,131.99625047107534,185.23636648240412,0.01090516966052239,-0.018909366799893162,0.05881361486606122,-65.91976226729335,0,0.2974222882411013,-0.08268786761235702,53.24011601132878,0.06273378811861322,0.007520854732983278
2026-09-19 06:25:00,26.57002604702958,30.55798680679127,1.758186421770489,135.82365230939124,186.28550901399197,0.017739052149463433,0.032201522463792986,0.05266446075618643,-66.26750907320867,0,0.9146696415888123,0.054322924874636414,50.461856704600734,0.06422738860398614,0.006386320128106288
2026-09-19 06:26:00,26.017209831161054,30.423398302131275,2.1010689159174527,127.36503076846078,185.83852566976896,0.004222495536893335,0.023785669068792856,0.0522489579488632,-64.86901449061443,0,-0.5528162158685248,-0.1345885046599946,58.47349490130817,0.05756336620066002,0.006190355962090418
2026-09-19 06:27:00,25.3606165365522,30.541787114584547,2.0385072040461854,128.86597630294534,188.02614048077007,-0.008364978305596625,0.0266687833206593,0.050584770684681396,-66.79729097574881,0,-0.6565932946088537,0.11838881245327215,59.160164177824726,0.05779287059040397,0.005816630238652791
2026-09-19 06:28:00,25.734902268483555,30.420894319545443,1.6529200689859127,130.6943377675767,185.25072917793116,-0.006993974907175009,0.0024955715935482386,0.048615821476600256,-66.8350395436186,0,0.37428573193135506,-0.12089279503910433,54.55639141035445,0.04917968747791496,0.004898146158884542
2026-09-19 06:29:00,25.95488823326846,30.269555728260617,1.8122065060381145,131.93946861317733,181.238685980815,0.0005134463041522406,0.00515723234589919,0.04088202118339323,-66.55698320668509,0,0.21998596478490384,-0.1513385912848264,49.29921736763768,0.04120922625597633,0.0067377370937627525
2026-09-19 06:30:00,26.066085012705646,30.272041164172887,2.1734874111146434,129.3529970873571,179.61437073790194,0.004991849521487668,-0.02387423708488555,0.04939131622579799,-66.21351113059313,0,0.11119677943718642,0.0024854359122699066,50.26137365054484,0.0550853871416665,0.00669878631650122
2026-09-19 06:31:00,25.604710398664302,30.174931758150194,1.752489323244181,127.3811167286389,181.39964496734592,-0.0029434329569687275,0.019915670203149806,0.052412673752655334,-66.6076361617694,0,-0.4613746140413433,-0.09710940602269247,54.01852823870702,0.05614611373118432,0.006545671264159407
2026-09-19 06:32:00,25.957797343772903,30.163679742478646,1.4215215425406098,132.64422258677072,176.77579215168294,0.00038406841931094463,0.007596669100741708,0.05402164556572795,-67.12989491832748,0,0.3530869451086005,-0.011252015671548321,44.13156956491221,0.05455451474998206,0.006535719535846471
2026-09-19 06:33:00,25.772168372532512,29.903263334611527,1.6087849636226614,132.16340608763676,182.08546059027623,-0.03034507721144211,0.011346112505845204,0.05180284772990237,-69.3316069412913,0,-0.18562897124039068,-0.26041640786711895,49.92205450263947,0.06109904265118342,0.006773369490019737
2026-09-19 06:34:00,25.63553167302918,29.915804974748568,2.0217859101326754,127.25117769830882,179.80346922117425,0.013347105689093563,0.03376623622905764,0.047670449865514664,-68.34672713277187,0,-0.13663669950333102,0.012541640137040844,52.55229152286543,0.05992308177766648,0.006514375303624423
2026-09-19 06:35:00,26.013822481505436,29.847245429610744,1.5713930913956413,134.06632840331648,175.55381641889437,0.0036222457777885975,-0.0121192596789502,0.04942920096804103,-67.10501064435672,0,0.3782908084762546,-0.06855954513782336,41.487488015577895,0.05102198573144252,0.00589805731673503
2026-09-19 06:36:00,26.127553675545627,29.69196028209718,1.3482185465624188,133.51059612758982,172.1485265088697,0.020037408270821767,-0.002522830997546364,0.044463535154492084,-67.71957879252203,0,0.1137311940401915,-0.15528514751356326,38.63793038127989,0.04883511405626623,0.00601558284980809
2026-09-19 06:37:00,26.097413194989688,29.69679295567037,1.4951995393687258,130.40288949174337,177.4093833392459,3.2101481416987323e-06,0.006533418430843355,0.05313223991006564,-67.16878158344944,0,-0.03014048055593932,0.004832673573190505,47.006493847502526,0.053532424609373956,0.005824392744716486
2026-09-19 06:38:00,25.95751625608982,29.506001897995226,1.5689592087901088,130.2387935871281,173.65234140006757,-0.034767951570435725,-0.018708708109174136,0.047788717720858784,-66.11189092853897,0,-0.13989693889986654,-0.19079105767514548,43.41354781293947,0.0619886098966767,0.006268109244162201
2026-09-19 06:39:00,25.566628000073397,29.288005349879587,1.256211207345677,131.66217331334772,175.59797103210718,-0.007168923786133499,-0.003751976425536795,0.051805609381974704,-69.15935223330096,0,-0.3908882560164244,-0.2179965481156394,43.93579771875946,0.05243369106583018,0.004374557447432222
2026-09-19 06:40:00,25.85155463574178,29.164850476339296,1.522550632660811,127.41489078923122,169.24311972933197,-0.003998598462368335,0.009858996209339386,0.06000803043382553,-66.80711183932866,0,0.28492663566838417,-0.12315487354029031,41.82822894010074,0.06094384556676706,0.004698787743618856
2026-09-19 06:41:00,25.64216580596479,29.022097333312576,1.6217471774303047,130.09009443749224,170.61847884344834,0.014858066108671977,-0.006508425427456621,0.0429064109035758,-68.21757875339729,0,-0.2093888297769908,-0.14275314302672015,40.5283844059561,0.04587027170903742,0.00569328504066716
2026-09-19 06:42:00,25.493020031481098,28.877800335806445,1.4551844694278366,123.54284936617246,171.2947296753005,-0.0414054708902679,0.026179788194582245,0.055966953809104845,-66.87402024259765,0,-0.14914577448369215,-0.14429699750613167,47.751880309128026,0.07437804950540507,0.008346199174657842
2026-09-19 06:43:00,25.16408722668345,28.496123460839247,1.061458304760001,132.6293669365088,170.93230182003495,0.0008235903389786978,-0.030218491236339882,0.05033210179885373,-67.75324734950571,0,-0.32893280479764897,-0.38167687496719793,38.30293488352615,0.05871248576867943,0.008249610921328405
2026-09-19 06:44:00,25.084922777075903,28.486740236150272,1.8968992921058263,125.31552033267442,169.58384831814635,0.010273504315866122,0.022455424804666838,0.07021193599580755,-65.46885598991572,0,-0.07916444960754632,-0.009383224688974678,44.26832798547193,0.07442786407230523,0.009963820250472495
2026-09-19 06:45:00,25.13445886838905,28.204356113330327,1.197653043626119,134.510259485287,171.470398688044,-0.013229757705630394,0.013223709496320093,0.047836996715364906,-67.33159113575695,0,0.04953609131314707,-0.28238412281994485,36.960139202757006,0.05136410455306883,0.009936931242282983
2026-09-19 06:46:00,25.714783188802528,28.314967849883264,1.6171256187173182,129.00963971810066,167.92784910490016,0.0014925601963369475,-0.011376571751131817,0.05695164583151067,-67.95092474361572,0,0.580324320413478,0.11061173655293643,38.918209386799504,0.058095990254630886,0.009377963285522279
2026-09-19 06:47:00,24.936266155190793,28.014563113882968,1.410307945535789,129.36499905420646,169.7160084543164,-0.012540730182996892,-0.018488171364599962,0.05015353451755977,-66.72323310908682,0,-0.7785170336117346,-0.3004047360002957,40.351009400109945,0.05490409291240138,0.0092959389695485
2026-09-19 06:48:00,24.518496171529517,27.83473054646309,1.47339999708741,128.11679828174647,170.2789451750654,-0.01459145866440781,-0.04160565234484904,0.03611695491686506,-66.63698808187257,0,-0.4177699836612767,-0.1798325674198793,42.16214689331892,0.05699452083720353,0.009270273368787559
2026-09-19 06:49:00,24.301341975047183,27.777809311588577,1.590127831457916,129.13588337823376,171.2043515418742,-0.008168397002626341,-0.01590350024827668,0.04479310904480856,-65.62704720247534,0,-0.21715419648233336,-0.05692123487451184,42.06846816364043,0.04822931315745189,0.009678088686002704
2026-09-19 06:50:00,24.246358592618964,27.565812572556275,1.1652856920115078,134.25559403544412,171.8339870095464,-0.014213839849340215,0.020943533100059936,0.05880471105428394,-66.10905407754895,0,-0.054983382428218874,-0.2119967390323012,37.578392974102286,0.0640207690062672,0.009816158182568827
2026-09-19 06:51:00,24.88392290383039,27.248283793495002,1.6677849630795643,122.53657403039476,168.49256899304694,0.013672366238726653,-0.0011217145255734856,0.04567305539391727,-63.863197830572076,0,0.637564311211424,-0.3175287790612735,45.955994962652184,0.0476887809768565,0.009565725244640213
2026-09-19 06:52:00,23.942228493502068,27.194462154926203,1.1474995792874203,133.83089615826455,168.09722510132724,-0.014699037536707555,0.023259617607836833,0.027797436851603862,-66.22153408628988,0,-0.9416944103283207,-0.053821638568798846,34.26632894306269,0.039112261648838915,0.009717377922103644
2026-09-19 06:53:00,24.160183325542615,27.011988780686334,1.2794230533994544,131.01407044330512,174.23267922155802,-0.018058200140958547,-0.012397421412491042,0.04968596983075496,-65.97391260637497,0,0.21795483204054733,-0.1824733742398692,43.2186087782529,0.05430000228390878,0.009647914991996777
2026-09-19 06:54:00,23.596741047293914,26.719245602902266,1.7302838468013861,126.37893505642835,172.93698314839932,0.03535857333679067,0.014142123202131256,0.0390766370204899,-66.23627344834539,0,-0.5634422782487007,-0.2927431777840681,46.558048091970974,0.05456383342387689,0.006811795234406425
2026-09-19 06:55:00,23.604999330593216,26.677779755205417,1.5428227547076556,126.7740628208523,171.44762367118298,0.019214800236480707,-0.014349972041688433,0.05131817732596719,-65.3004247633161,0,0.008258283299301894,-0.04146584769684836,44.67356085033069,0.05664526078838822,0.006881495908623075
2026-09-19 06:56:00,23.577476182826235,26.587129515515148,1.4600399804073882,135.02917908162462,176.78963757232185,-0.037230267213184,-0.01931150012419678,0.06551147081398019,-64.90606003313279,0,-0.027523147766981282,-0.09065023969026953,41.76045849069723,0.0777867574978088,0.010316647127918476
2026-09-19 06:57:00,22.9783411944272,26.45886017949402,1.4565754714042234,127.1634793601718,174.72449384260935,-0.01529536579705067,-0.002142544343413525,0.057694573108029036,-64.6059830113802,0,-0.5991349883990367,-0.1282693360211269,47.56101448243754,0.05972606195997513,0.010401953734391779
2026-09-19 06:58:00,22.7646638206101,26.193799758651643,2.1458737916160597,126.53994846821212,177.7125725739901,0.004849259434454216,-0.01329933022639993,0.06536655828739978,-64.57086317790863,0,-0.21367737381709873,-0.2650604208423779,51.17262410577797,0.06688179456229856,0.010971165193044873
2026-09-19 06:59:00,23.259351497780706,26.336223146030754,1.7104973618280677,133.4119436270942,176.39627031451784,0.006475101344629868,-0.03085644298074425,0.04438487978555509,-65.00124146368098,0,0.4946876771706066,0.14242338737911098,42.984326687423646,0.05444322331039306,0.010595323887610983
2026-09-19 07:00:00,13.602665110195963,26.097783455841036,-4.4862994884819525,131.01565862885775,0.0,-0.02980985731473787,-0.0036462940143398665,0.04856833666364468,-65.03067857169268,0,-9.656686387584744,-0.23843969018971833,-131.01565862885775,0.05710347081778106,0.010346407603167108
2026-09-19 07:01:00,13.440752660314862,26.007092046062738,-4.603454057288008,127.1862232703908,0.0,0.02317130985644644,0.0021287083286257768,0.039555638031922205,-64.28768657483377,0,-0.16191244988110043,-0.09069140977829804,-127.1862232703908,0.04589215074197616,0.01053653843378394
2026-09-19 07:02:00,13.330650441086606,25.947614651636002,-5.011903539551179,130.64987492621387,0.0,0.01650448838363252,0.02536717222992135,0.04315956554959905,-62.542022220892804,0,-0.11010221922825636,-0.05947739442673594,-130.64987492621387,0.0527128035886737,0.00874784073079834
2026-09-19 07:03:00,13.118394289174718,25.74225294357566,-4.142371593112069,126.92274194907917,0.0,0.009638032640806773,0.018736113542661203,0.0407311516771382,-62.106943882783,0,-0.21225615191188751,-0.20536170806034093,-126.92274194907917,0.04585804554072041,0.009518556941890337
2026-09-19 07:04:00,13.467552215986412,25.789886836492098,-4.77302179428931,133.30246419526782,0.0,0.02713456981424242,0.024398863984656627,0.03693277030788043,-63.33155406686292,0,0.349157926811694,0.04763389291643705,-133.30246419526782,0.051919350586851765,0.00963476587463651
2026-09-19 07:05:00,12.753259124488222,25.640756282221275,-4.906335419726132,133.1841128946194,0.0,0.009045799851418361,0.014407149967870167,0.06365856625331341,-63.99913235228694,0,-0.71429309149819,-0.14913055427082256,-133.1841128946194,0.06589237833449416,0.010043034955668158
2026-09-19 07:06:00,12.787844450117115,25.53133626121149,-4.616497492120014,131.59601859646583,0.0,0.008971617585036945,0.006652255178999496,0.02908039704973578,-62.95516428744301,0,0.034585325628892605,-0.10942002100978598,-131.59601859646583,0.03115143517767602,0.010556557485937567
2026-09-19 07:07:00,12.05124013132283,25.632440073963608,-4.448182384675807,131.08498318374106,0.0,0.031153585436444847,-0.02457889812943785,0.06370138904804556,-60.61352194481678,0,-0.736604318794285,0.10110381275211822,-131.08498318374106,0.07505021709131568,0.012541543062989142
2026-09-19 07:08:00,12.108712590106881,25.68913658295154,-4.836165981738597,135.28356437460212,0.0,0.022024391614554176,0.0029974439587054907,0.062460589249202315,-61.55334322627758,0,0.05747245878405138,0.056696508987933214,-135.28356437460212,0.0662976900475001,0.012479662505574
2026-09-19 07:09:00,11.864059353919597,25.588255428264922,-4.387108501489435,129.99905898216468,0.0,-0.016830149178230624,0.011935875546616284,0.05499792675478998,-61.86568005698289,0,-0.2446532361872844,-0.1008811546866184,-129.99905898216468,0.05874088009002804,0.012546258415727317
2026-09-19 07:10:00,12.473631844532006,25.59491046376922,-4.299627784572969,126.4543776237376,0.0,0.012663903573438306,0.029148758987408725,0.03885492731905931,-61.335780646660574,0,0.6095724906124094,0.006655035504298468,-126.4543776237376,0.050196912068301236,0.012611311697258796
2026-09-19 07:11:00,11.19235231095394,25.44848525170005,-4.906291299569587,131.3484217384969,0.0,-0.013285357299171642,0.013725770834636273,0.03417824888556793,-60.65869156902893,0,-1.2812795335780667,-0.1464252120691718,-131.3484217384969,0.039154184967324125,0.013277088503532314
2026-09-19 07:12:00,11.70430902629529,25.34982650499355,-5.001120205010872,136.25814114861134,0.0,0.01008309101900556,0.024807668692108435,0.04451596318736436,-63.27235534159602,0,0.5119567153413502,-0.09865874670649788,-136.25814114861134,0.05194959219217939,0.013285567981857682
2026-09-19 07:13:00,10.794555209605722,25.678706792492676,-4.3426254787884195,126.95572152044244,0.0,0.009532270140396289,-0.02063995782730478,0.05625120456339924,-62.45175194261546,0,-0.9097538166895678,0.3288802874991248,-126.95572152044244,0.06067182252063802,0.013148978220162992
2026-09-19 07:14:00,11.312311396817663,25.76622416789212,-5.146651502044874,128.91561169991803,0.0,-0.02766934624911972,-0.0065283525229619015,0.050030636374406745,-62.54906349315512,0,0.5177561872119405,0.08751737539944315,-128.91561169991803,0.057543693699186965,0.013117947506389421
2026-09-19 07:15:00,11.285390944153987,25.75696999071912,-4.717367499858153,131.24933811430435,0.0,-0.0024369122262207048,0.008587014273225417,0.03956500504905243,-61.414537348255514,0,-0.02692045266367593,-0.009254177172998368,-131.24933811430435,0.04055940063485191,0.013367135324845656
2026-09-19 07:16:00,11.721635328742703,25.621678122391756,-4.923247863645748,129.83828545298277,0.0,0.005305140471608045,0.023219053814851228,0.0614820478465649,-61.84366055567454,0,0.4362443845887167,-0.13529186832736428,-129.83828545298277,0.06593414277055361,0.011391603805162681
2026-09-19 07:17:00,11.30174328307907,25.60277790753739,-4.632921090960564,127.05308925886806,0.0,-0.00872580381988314,-0.002904572916778393,0.06684383328181538,-61.2703749609627,0,-0.4198920456636337,-0.01890021485436577,-127.05308925886806,0.06747350771924562,0.010220616735294948
2026-09-19 07:18:00,10.813024200400555,25.68479509091766,-4.822820216687677,133.36557356869142,0.0,0.006294198847815195,-0.001648919182983069,0.04773400835985403,-62.57712447268315,0,-0.4887190826785144,0.08201718338026964,-133.36557356869142,0.04817542348237805,0.00975893556803353
2026-09-19 07:19:00,11.267130579825965,25.705924650991587,-4.9630818100833505,136.96012216605178,0.0,0.016117955540021375,0.013742806120059575,0.05109336903597346,-60.762169747501815,0,0.45410637942540966,0.021129560073926967,-136.96012216605178,0.055309904811795006,0.009634823036124637
2026-09-19 07:20:00,10.841742696640585,25.955938659240044,-4.7743234781750825,130.58839437707172,0.0,-0.0006118612846151123,-0.022517416542902485,0.03491151316370504,-62.28723059899637,0,-0.4253878831853797,0.2500140082484563,-130.58839437707172,0.04154782994787742,0.010345889907424202
2026-09-19 07:21:00,10.741884305726906,26.228656576918276,-4.765421413168335,127.287795130792,0.0,0.00449198953416519,0.03214809099646858,0.04585613283890965,-61.62643541397458,0,-0.09985839091367943,0.27271791767823217,-127.287795130792,0.05618240510722197,0.009180203322972343
2026-09-19 07:22:00,10.269673648854692,26.16391787040606,-4.018514833237676,125.35311842483958,0.0,0.0276684815711195,-0.017582721862153698,0.055104399780009944,-61.24725207705847,0,-0.472210656872214,-0.06473870651221603,-125.35311842483958,0.06411857652543759,0.009596544094441122
2026-09-19 07:23:00,10.23941636338695,26.326406181367865,-4.297005025727143,130.77392794366355,0.0,0.009463931664504523,-0.03837178847118606,0.053548565402577776,-61.46696091097677,0,-0.030257285467742534,0.16248831096180538,-130.77392794366355,0.06655380537356229,0.010098742353440542
2026-09-19 07:24:00,10.201339052995843,26.559393101749617,-4.99354287940657,133.31163202994878,0.0,0.004016485793489473,0.000201340170451612,0.04492332150790294,-62.37746482856829,0,-0.03807731039110607,0.23298692038175162,-133.31163202994878,0.0451029656596543,0.010683335962706514
2026-09-19 07:25:00,10.382145756342391,26.514094864455988,-4.377344622578078,131.42550323948615,0.0,-0.019161587592827215,0.033969174047511305,0.047257564915235535,-62.090851550862894,0,0.1808067033465477,-0.04529823729362903,-131.42550323948615,0.061272739993127504,0.00949354518345933
2026-09-19 07:26:00,10.318161949895831,26.897150577475333,-4.722492686567551,129.99278847724344,0.0,0.013420520227776976,0.011729062606672202,0.045527892634554486,-61.35494712776221,0,-0.06398380644655965,0.3830557130193455,-129.99278847724344,0.04889243582149418,0.009271909064774002
2026-09-19 07:27:00,10.692188765174576,27.037703992215352,-4.553883399784803,128.23218504463208,0.0,0.0066029989878387705,0.01502181086007266,0.047215352862816154,-62.78262624615922,0,0.3740268152787447,0.14055341474001892,-128.23218504463208,0.049985437310375094,0.008359169267237853
2026-09-19 07:28:00,10.28651062055075,26.975440872037826,-4.5384944027595875,126.72350910184574,0.0,0.025674788674028164,0.0008277152461422853,0.05423234802518127,-64.23731847871024,0,-0.4056781446238258,-0.06226312017752633,-126.72350910184574,0.060008561541742396,0.008325470625700635
2026-09-19 07:29:00,9.30888337110014,27.085349693674086,-4.864244513214174,132.50425397897465,0.0,0.0009375708660662262,-0.0030475499454235408,0.030324629146308776,-63.14642333461298,0,-0.9776272494506095,0.10990882163626026,-132.50425397897465,0.030491797793175575,0.011341633489490166
2026-09-19 07:30:00,22.078792596361506,28.069723804639032,1.880103573767547,132.74131486415675,179.87464180545365,-0.036325330002679915,-0.03089818739186231,0.049256504851920783,-62.037281218019594,0,12.769909225261365,0.9843741109649464,47.1333269412969,0.06855968825872484,0.011677375865960361
2026-09-19 07:31:00,21.76491177023245,28.131790743056595,2.080384740670437,125.3628106399278,182.90861880747076,-0.03400241737656524,-0.045187725158083725,0.053499755356256895,-64.35841177430267,0,-0.3138808261290542,0.062066938417562056,57.54580816754296,0.07784804888750903,0.013727030602613556
2026-09-19 07:32:00,22.109542389203853,28.21669103484905,1.5206084396682045,134.76951693454205,180.01524121527953,0.014713615275194667,0.003925446768817266,0.04429515314358923,-61.57957228160813,0,0.3446306189714008,0.0849002917924544,45.24572428073748,0.04683972885078737,0.013857919080907465
2026-09-19 07:33:00,22.3541016883765,28.62479719233995,1.6048350196315866,131.722213662682,183.96329509764908,-0.011403871953963066,0.026250983886804524,0.04520666956035119,-61.976612084852455,0,0.2445592991726464,0.4081061574909022,52.24108143496707,0.05350519062022337,0.013310781973659291
2026-09-19 07:34:00,22.595675826126556,28.780438216586543,1.5582411490741843,134.19878393543738,182.8336681863416,0.008735355022209946,0.0068826740965613085,0.04549605559184551,-61.00871138955835,0,0.24157413775005665,0.15564102424659154,48.634884250904236,0.04683554958041831,0.013189202733306631
2026-09-19 07:35:00,22.577071019406002,28.83353790236674,1.7158272971286055,125.97361675454465,183.20850972151734,0.0022846528900471222,0.012471990541040269,0.0452095002646284,-63.006764457706815,0,-0.018604806720553313,0.05309968578019664,57.234892966972694,0.046953904002342915,0.013140215856659832
2026-09-19 07:36:00,23.243125427681044,28.847259380398807,2.128510298264731,125.90252753375368,185.4323640140412,-0.0033367933538784146,0.0316743509127908,0.050058837778503736,-63.87296197670819,0,0.6660544082750413,0.01372147803206758,59.52983648028753,0.059331997567650216,0.01319291660592171
2026-09-19 07:37:00,22.94835054429452,29.001827076268263,1.7184740300016934,129.5530920706981,184.37169222753815,-0.0019272257117644673,0.006575337028821161,0.05129002758013784,-62.32742536109452,0,-0.29477488338652336,0.1545676958694564,54.818600156840034,0.05174568759962489,0.013144521864721693
2026-09-19 07:38:00,23.664673651409558,29.281739306170167,1.895384648125409,131.50835328068558,186.06626229830087,-0.017307790100904538,-0.00245310200615239,0.028994856837662005,-62.262160830063706,0,0.7163231071150378,0.27991222990190323,54.55790901761529,0.03385674276515792,0.014404287608113032
2026-09-19 07:39:00,24.41095345956341,29.361619080037084,2.0614643293762267,135.38908246878088,185.43751331109715,-0.00031555377799341485,-0.0163704961130013,0.05652880371472289,-62.71110044799297,0,0.7462798081538509,0.07987977386691725,50.048430842316264,0.05885234376463069,0.012446058494599297
2026-09-19 07:40:00,23.51889443673659,29.51181521446018,2.3907857493152576,132.1182367414454,192.34416011391173,-0.011689868655887975,0.04044425125944172,0.04710001115653041,-62.96205458406542,0,-0.8920590228268175,0.15019613442309776,60.225923372466326,0.06317279113727725,0.011869928885596783
2026-09-19 07:41:00,24.00539582442087,29.775570916132164,2.1260676402864007,129.2719561695639,188.9826007045578,-0.007445130402514096,0.010530955583073607,0.06932963175468534,-64.24332057980219,0,0.4865013876842781,0.2637557016719825,59.71064453499389,0.07051899624529112,0.010356331159862545
2026-09-19 07:42:00,23.5015326848264,29.866708158991063,2.161156178581541,126.92089237700232,187.9209398436871,-0.006472980894183221,-0.01887203431838662,0.03808351461101292,-63.5180102193705,0,-0.5038631395944684,0.09113724285889901,61.00004746668479,0.04299310696027978,0.010683489554369171
2026-09-19 07:43:00,24.330465035053116,30.04325245033436,2.3893156226514494,133.69000171815745,190.06354167564038,-0.004533865397974386,-0.02342335335602474,0.04132685491245669,-63.943248154184964,0,0.8289323502267152,0.17654429134329774,56.37353995748293,0.047719161296521026,0.010795739534926789
2026-09-19 07:44:00,24.76968589474021,29.909958336898303,2.337149705420138,127.10588372274786,189.62984120050294,0.018443469130141724,0.025061274538578253,0.04797091021416739,-62.747635219903486,0,0.4392208596870937,-0.13329411343605813,62.523957477755076,0.05717899318655577,0.010720111337928098
2026-09-19 07:45:00,24.94274680950052,30.06935830515107,1.886138886691021,134.88540566431698,189.5330106669741,-0.0025958165840938695,-0.02074883392816651,0.054132254496860356,-63.67470754878358,0,0.17306091476030971,0.15939996825276737,54.647605002657116,0.05803062424297837,0.01057051331095513
2026-09-19 07:46:00,24.892633482683323,30.264886219071077,1.9318400686945327,129.14684605118046,191.2240694305019,0.020474046731801972,0.03707668315004442,0.030492326726284987,-64.57228440183623,0,-0.050113326817196935,0.19552791392000657,62.07722337932145,0.052188590823735725,0.01043619820134573
2026-09-19 07:47:00,25.27190064798886,30.30938123809474,2.102343118874583,134.77174621785355,191.4316635246193,0.030757099026529632,-0.055129255941814226,0.04170899947883894,-62.81555471827753,0,0.3792671653055386,0.04449501902366393,56.65991730676575,0.07566290133712555,0.012495014112546157
2026-09-19 07:48:00,25.89712399929277,30.483335753176828,2.1887461882088246,132.03679387017783,188.6774740135609,0.01709889302112299,0.028451903955799534,0.055913201605738434,-65.0566960712119,0,0.6252233513039087,0.17395451508208737,56.640680143383065,0.06502437308472725,0.009988969176045689
2026-09-19 07:49:00,25.767353425388777,30.427323541572612,1.9708965116655621,129.58901353167263,188.31136439558477,0.010689370701370222,0.009737896223239288,0.040518760535674575,-64.47982331047527,0,-0.12977057390399338,-0.05601221160421588,58.72235086391214,0.043021613454091064,0.01121749612332193
2026-09-19 07:50:00,25.209127660408697,30.614655663818837,2.204706979221603,128.44181088452163,188.54287087395355,0.0065366441896704056,0.002371888461137481,0.06370026376376228,-65.45409197763242,0,-0.5582257649800795,0.1873321222462252,60.10105998943192,0.06407867957212691,0.011271467253573756
2026-09-19 07:51:00,25.034361706436044,30.517626105143464,1.893391589911844,128.97727636796176,184.02825133701756,0.0173071741810014,-0.003509168700835258,0.04546116401150928,-63.903585651920466,0,-0.1747659539726527,-0.09702955867537355,55.0509749690558,0.04877058515523255,0.010588182735764503
2026-09-19 07:52:00,25.442984015273602,30.592675254596507,1.8835375143270954,131.2849500771257,185.05458191379878,0.00178721477192479,0.037814596971880596,0.04100626798658104,-65.69173460304289,0,0.40862230883755757,0.07504914945304364,53.769631836673085,0.05580906642270634,0.009644135563104683
2026-09-19 07:53:00,25.36696093135688,30.465894365644804,1.6438402730590733,130.23146948865315,190.19080065665625,0.019691396919143973,0.014141177168024068,0.0561024425778952,-65.9006325857371,0,-0.07602308391672352,-0.12678088895170347,59.959331168003104,0.06111634861091381,0.009169308349617591
2026-09-19 07:54:00,25.863560608228294,30.50036272879216,2.1637151998539235,128.21856577579388,190.04456723251408,0.012282116105793685,-0.018064072177909028,0.06607617386824446,-66.38831086841414,0,0.4965996768714156,0.034468363147357906,61.826001456720206,0.06959325996640318,0.009847813309212266
2026-09-19 07:55:00,25.441580415593496,30.57961433476336,2.1932861316558867,129.5031057690471,185.48664936192682,-0.007196809215607757,-0.03437819912057763,0.05416396258743897,-66.27465756993362,0,-0.42198019263479836,0.07925160597119785,55.98354359287973,0.06455532108845427,0.009967605546973528
2026-09-19 07:56:00,25.832386011891668,30.628347605517135,1.8763050801427141,130.23573108915744,186.30812764432616,0.017917017602056117,0.003545944262946168,0.06260429399223259,-65.48415009967931,0,0.390805596298172,0.048733270753775315,56.07239655516872,0.0652141922186743,0.00968302349583561
2026-09-19 07:57:00,26.15429764766753,30.507542772126563,2.199166037738413,123.61379771675556,184.89629911142535,0.001829600119551371,-2.1422670748283707e-05,0.06676635340636963,-66.03867702348353,0,0.32191163577586224,-0.12080483339057224,61.282501394669794,0.06679142042742114,0.008560687313981094
2026-09-19 07:58:00,25.911590158108687,30.383054666517456,1.9249933863081672,131.3745043443661,189.50764311846953,-0.002122640152246321,-0.030397360747510184,0.04078141320072422,-67.04419823813345,0,-0.24270748955884258,-0.12448810560910673,58.13313877410343,0.050908042628629954,0.008871193571461017
2026-09-19 07:59:00,25.686957817326018,30.475233729705227,2.128188577728533,127.06083632584958,184.63164311500898,-0.009523983207979744,-0.001107870509646714,0.05938391334059587,-65.54432039537485,0,-0.22463234078266936,0.09217906318777125,57.570806789159406,0.06015299491176998,0.006875395203989041
2026-09-19 08:00:00,26.342424163691923,30.05404570143622,1.9072440071804209,126.54000279038277,181.15536489763713,0.003320376957491445,-0.011478692661484005,0.034765294906964526,-66.53044520529824,0,0.6554663463659054,-0.4211880282690075,54.615362107254356,0.036761542654312813,0.010068631595729544
2026-09-19 08:01:00,25.43544077333128,30.056663893893216,1.7252502198801762,124.93796695866787,178.50472574313204,0.019929252308259673,0.00018580136613389152,0.05424902531786385,-67.98271647527086,0,-0.9069833903606437,0.002618192456996127,53.56675878446417,0.05779417243677916,0.009543493327816682
2026-09-19 08:02:00,25.899955895402783,30.182925329781707,2.1088332727763373,124.61832250639632,176.20336592520906,0.017778800111860747,0.014518472232968038,0.04928682109485181,-69.04832805837306,0,0.4645151220715036,0.12626143588849104,51.58504341881273,0.05436968367604223,0.00960543646406838
2026-09-19 08:03:00,25.974962106801275,30.022651845174288,2.074922575550687,125.93365749066314,178.82947033030197,0.007067875949179136,0.02985219894928071,0.06242950203042062,-68.18792093769396,0,0.07500621139849173,-0.1602734846074192,52.895812839638836,0.06955969649377945,0.010192104732974598
2026-09-19 08:04:00,25.971431839329764,29.979291510072553,1.595409731573456,127.87293712710853,175.93188748916307,0.011992872814500706,0.018177780727385746,0.061722515129848415,-67.44524063016318,0,-0.003530267471511195,-0.04336033510173465,48.058950362054546,0.06545173477053204,0.009816794571304622
2026-09-19 08:05:00,25.990092604319173,29.814155456589006,1.4491249080024389,135.85977741257972,173.64766030390845,0.025433935830451157,-0.014428814996604112,0.055697833505344026,-67.32723148093056,0,0.018660764989409273,-0.16513605348354687,37.787882891328735,0.06290726866764093,0.009729522350484555
2026-09-19 08:06:00,26.078522469455628,29.745752520838263,1.7453141443587914,128.42236097231438,174.2816497985664,-0.002999325823417221,0.007378302576583888,0.05298427899482819,-66.61083980649931,0,0.08842986513645457,-0.06840293575074341,45.859288826252026,0.05357955883458199,0.009597414546619863
2026-09-19 08:07:00,25.834478580187596,29.480658549132155,1.6286492564623116,130.5332503188041,172.53854258368625,-0.022308400070604126,0.0012621424298404796,0.05508368676721951,-69.0894561923914,0,-0.24404388926803122,-0.2650939717061078,42.005292264882144,0.05944300013536066,0.009103436325739416
2026-09-19 08:08:00,25.674782866106554,29.485648229196087,1.3059438279866613,131.20144415951899,177.25570436071794,0.026022597043571453,-0.02664257909261802,0.05061770871376546,-68.43821232415704,0,-0.15969571408104244,0.004989680063932411,46.05426020119896,0.06284230273494208,0.008984038967023659
2026-09-19 08:09:00,25.593562056617568,29.38819488237442,1.7903363926140838,130.39319555864753,174.88561792205917,-0.010595565040614367,0.00796465569384545,0.04938804258892097,-69.16003169811616,0,-0.08122080948898613,-0.09745334682166629,44.492422363411634,0.05113590215901608,0.009225132125916606
2026-09-19 08:10:00,25.453734966691222,29.265236626982652,1.4092159269314781,129.767669617822,172.4160297642875,-0.013806762466878094,0.037133446758354276,0.06442578172252443,-69.28382122571269,0,-0.13982708992634585,-0.12295825539176874,42.64836014646548,0.07563200981416988,0.007619438271270991
2026-09-19 08:11:00,25.785712471831562,29.193886207629244,1.655684358237949,126.41411870920227,174.77711716713594,-0.03592395510669103,0.0006485320837400801,0.06562889819678176,-68.51503403685697,0,0.3319775051403404,-0.0713504193534078,48.36299845793367,0.07482047462355967,0.008595831309339521
2026-09-19 08:12:00,25.25887892275254,28.86188021974,1.852083359249244,134.35278264483765,171.43897889115937,0.011425661063285929,-0.03188365359450801,0.048583408022977934,-67.44275781757837,0,-0.5268335490790221,-0.33200598788924296,37.08619624632172,0.05922381811733205,0.008183089619037569
2026-09-19 08:13:00,25.601626495896465,28.706080369090426,1.2637383296776055,135.42158993091365,169.11577222984894,-0.03242905249104443,0.0006053734221723815,0.05237636403010745,-66.94063217124729,0,0.34274757314392446,-0.1557998506495757,33.69418229893529,0.06160595288981026,0.007906149901505982
2026-09-19 08:14:00,25.23968533995632,28.36457561930982,1.657671344125287,124.95202391763195,173.53022741564416,-0.015005176153834737,-0.024274243979465007,0.05081655224772775,-68.5442146354304,0,-0.3619411559401442,-0.3415047497806043,48.578203498012215,0.058281353918112164,0.007950279118302987
2026-09-19 08:15:00,24.955916345494845,28.299658880035825,1.1437484355694427,126.92791422734086,171.30251891071833,0.011764735890301175,0.017272110137725755,0.033883015580628055,-68.27095399140593,0,-0.2837689944614752,-0.06491673927399688,44.37460468337747,0.03980946550778285,0.010565496747855634
2026-09-19 08:16:00,25.16834301343012,28.167831547736654,1.6646681368658234,129.160568972869,167.98859765501246,0.01443842504816744,0.010497299834502576,0.04663564422387994,-69.09023369458316,0,0.21242666793527576,-0.13182733229917076,38.82802868214347,0.049935405614286374,0.010856491383454021
2026-09-19 08:17:00,24.62765723374644,28.125680021110895,1.2493046177283638,127.10638661526943,169.6200900681918,-0.013034082964364674,-0.0034182010694948656,0.06599704201048104,-66.9287555236016,0,-0.540685779683681,-0.042151526625758606,42.51370345292236,0.06735859983258735,0.011154737394436752
2026-09-19 08:18:00,24.893307934423067,27.79296452902209,1.1124986744609735,131.5178966603676,168.28711740487208,-0.002683066539848106,-0.006623285317116424,0.042502241249681896,-67.69306976456159,0,0.2656507006766269,-0.3327154920888056,36.76922074450448,0.043098808170242295,0.012297210960799946
2026-09-19 08:19:00,24.614876644895553,27.76776358036014,1.347825648005568,127.81518339278016,167.409874411828,-0.017451890528123064,-0.004244686032310934,0.07114543462301302,-65.10211291837395,0,-0.2784312895275143,-0.025200948661950662,39.59469101904786,0.073377508203917,0.012896442824431083
2026-09-19 08:20:00,24.21499116968825,27.523417921114948,1.5607089349476329,136.4951682034198,172.2631123484319,-0.010967935756223655,0.00016548988684640727,0.061721263095893826,-66.14729807650427,0,-0.3998854752073022,-0.24434565924519092,35.76794414501208,0.06268841455809712,0.011790371235351092
2026-09-19 08:21:00,24.389325314166037,27.343430433421446,1.6185423071414429,133.5716457830308,174.56068645766294,0.00532430520305814,-0.015444700426830844,0.05401498150546209,-66.50970821319815,0,0.17433414447778617,-0.17998748769350215,40.98904067463215,0.05643142054038045,0.01040483311204901
2026-09-19 08:22:00,24.225982404992447,27.226442088092266,1.3159537910056467,130.63772209189665,168.3683182951602,-0.010032933575929152,-0.027755061620028738,0.05560843285976421,-66.75124237843207,0,-0.16334290917358985,-0.11698834532917957,37.73059620326356,0.06295475364727832,0.010552069562505453
2026-09-19 08:23:00,24.235378046902518,27.00638984078369,1.4803121720557268,133.0809587899592,172.80326405114215,-0.004884300803513384,0.02277397893389296,0.04082793303664975,-67.36896287678871,0,0.009395641910071362,-0.2200522473085762,39.72230526118295,0.04700458091362753,0.010932481559433787
2026-09-19 08:24:00,23.99936362465811,26.850795166953603,1.2246860297516562,133.31770127307192,170.97106998619648,-0.029294133632351338,-0.007708019529939165,0.04734771247775298,-67.00025917523777,0,-0.23601442224440916,-0.15559467383008752,37.653368713124564,0.05620823522598754,0.010906019014735688
2026-09-19 08:25:00,23.674026174427212,26.576328787950125,1.5872946108038357,128.30815753582527,171.9703459767667,0.02265912329612275,0.003340862083382883,0.06441399110321759,-66.00823405624242,0,-0.3253374502308972,-0.2744663790034778,43.662188440941435,0.06836489945764912,0.009922795702470497
2026-09-19 08:26:00,23.00167531526099,26.580688126984004,1.620067259899376,127.5513482663741,172.50254577279907,0.010201331863421315,0.005705639023349886,0.04385470660826467,-65.83602203624004,0,-0.6723508591662224,0.004359339033879195,44.95119750642496,0.04538564508905212,0.010461173401409573
2026-09-19 08:27:00,23.88448814582239,26.42235845802833,1.7127087593418087,130.23442918890893,172.765163034664,0.015858107436744037,0.006440409593104279,0.060611317569487996,-65.88636538418207,0,0.8828128305614023,-0.15832966895567324,42.530733845755066,0.06298166609983885,0.010125644343435714
2026-09-19 08:28:00,22.535912453534387,26.290424802084466,1.7243682347827278,132.58490837349382,175.45102146175208,0.025808506492337246,-0.023476359941968485,0.036229598105629424,-64.26095612596029,0,-1.348575692288005,-0.13193365594386464,42.86611308825826,0.05029713970381718,0.009171394887209215
2026-09-19 08:29:00,23.0464695417288,26.26274389398501,1.6767294736881049,130.41718119596024,174.59933311887556,-0.01650425751091433,-0.033516803291036956,0.0380184158752499,-63.87715465453883,0,0.5105570881944139,-0.027680908099455337,44.182151922915324,0.053302594350557564,0.007639010784183808
2026-09-19 08:30:00,13.436672386793113,26.173856957009228,-4.546362745560185,125.26901055342701,0.0,-0.007167889660560474,-0.011773850493839841,0.06901384665586316,-64.60764584091204,0,-9.609797154935688,-0.08888693697578276,-125.26901055342701,0.07037693676110275,0.008644841474036135
2026-09-19 08:31:00,12.851308252963308,26.026556188860912,-4.408475779270099,127.59152666814748,0.0,-0.03789668735164422,0.007914230648339066,0.04988162853759676,-61.977360581732896,0,-0.5853641338298043,-0.14730076814831605,-127.59152666814748,0.06314246451118428,0.008825861487361664
2026-09-19 08:32:00,13.057177271486182,26.007092006846968,-4.653325172141212,129.77808140921687,0.0,0.06280845820204474,-0.01455899734948626,0.04461500113005659,-65.43028924764401,0,0.20586901852287376,-0.01946418201394451,-129.77808140921687,0.07840513472582838,0.010898279883302782
2026-09-19 08:33:00,12.956895776808008,25.878616761549065,-4.85113298756486,129.7730031870225,0.0,-0.0029917063063475235,-0.007098427073984673,0.06362740826998962,-63.40557966930222,0,-0.10028149467817471,-0.12847524529790277,-129.7730031870225,0.06409200462385353,0.010017217002983683
2026-09-19 08:34:00,13.253894286777049,25.714745620198265,-4.934858505895382,135.91762653036943,0.0,0.02077455799829824,0.04254594827499137,0.06245821554963504,-63.473169734510414,0,0.29699850996904154,-0.16387114135079983,-135.91762653036943,0.07837581683330369,0.01116335423320576
2026-09-19 08:35:00,12.526093363841012,25.631178118251654,-4.477453037986099,125.842036172803,0.0,-0.024763222886709176,-0.036908477696090715,0.059207545652572385,-63.60825026778678,0,-0.7278009229360372,-0.08356750194661089,-125.842036172803,0.07403368419699985,0.011575715086897375
2026-09-19 08:36:00,12.536082238029532,25.652277038952892,-4.51498426203518,131.51676772550763,0.0,0.01992776851286019,-0.015100679918209972,0.04430102080587894,-63.57165352313928,0,0.009988874188520569,0.0210989207012382,-131.51676772550763,0.05086970548703119,0.010689799961248395
2026-09-19 08:37:00,11.785693128394655,25.63247203561826,-4.839110610323747,134.46733932498486,0.0,0.03715181753299331,0.03793208137147857,0.047130824240623245,-62.71214726299922,0,-0.7503891096348774,-0.019805003334631976,-134.46733932498486,0.07099587971690907,0.010855151532904892
2026-09-19 08:38:00,12.876629634021327,25.67975362777451,-5.128066500686078,136.81434923626838,0.0,-0.001205614980559629,-0.0008919734399044683,0.0531162882372473,-62.77783888891593,0,1.0909365056266722,0.047281592156249275,-136.81434923626838,0.053137455718176616,0.010445825379449474
2026-09-19 08:39:00,11.903164580964088,25.63488979541035,-4.58818051085664,128.78680773044812,0.0,-0.020217629931792026,-0.01411970330997821,0.056943993421472376,-62.808299275627995,0,-0.9734650530572395,-0.04486383236416103,-128.78680773044812,0.062054306606434594,0.009628910372948886
2026-09-19 08:40:00,12.189486028748913,25.448465406604463,-4.672819090494426,131.4742883581606,0.0,-0.0027759280189107206,0.023375378340222405,0.04491516425981463,-63.59718519870252,0,0.28632144778482527,-0.18642438880588585,-131.4742883581606,0.050709822218194,0.010708066248794874
2026-09-19 08:41:00,11.927692007643605,25.490347684343554,-4.66673536963359,131.70928107159594,0.0,-0.044535230499144526,0.001104608729622226,0.05170737110620697,-63.817369998180745,0,-0.2617940211053078,0.04188227773909148,-131.70928107159594,0.06825144059118825,0.010753554036919194
2026-09-19 08:42:00,11.795601743086106,25.576690258402174,-4.479827310904109,130.58644519465986,0.0,-0.000757734020436838,-0.00696616790088012,0.05267391300797406,-62.40800561524446,0,-0.13209026455749928,0.08634257405861945,-130.58644519465986,0.05313795976174281,0.01023389446186535
2026-09-19 08:43:00,11.935625785865172,25.636492818088588,-4.428481937563523,129.70346439628207,0.0,0.016419342786259915,0.003847378540750222,0.06286769756375253,-62.46180817841486,0,0.140024042779066,0.059802559686414014,-129.70346439628207,0.06509027988982675,0.010255282597516653
2026-09-19 08:44:00,12.063076503553319,25.654669625822123,-4.8084109662084815,131.30792616850013,0.0,-0.0007151528874702845,-0.013162176187655323,0.057544658289351194,-62.21737872059513,0,0.12745071768814675,0.018176807733535583,-131.30792616850013,0.05903509145656957,0.008663474166577282
2026-09-19 08:45:00,11.508123730056145,25.59630153005902,-4.49477375390768,122.40326174434094,0.0,-0.005682791093779348,-0.02034982125776157,0.034931983551647096,-62.11027354321601,0,-0.554952773497174,-0.05836809576310387,-122.40326174434094,0.04082465939467133,0.009336645143118806
2026-09-19 08:46:00,11.502697405893647,25.52985445104688,-4.92397575898352,132.0462084701879,0.0,0.010551362322240661,-0.0022719385526949673,0.047863696915146144,-62.52627378819696,0,-0.005426324162497664,-0.0664470790121392,-132.0462084701879,0.04906553203652633,0.00949320256032446
2026-09-19 08:47:00,11.281422362330744,25.61834770378572,-4.516613069907686,130.3785337109859,0.0,0.012080496938991053,-0.020219939201520144,0.04071216630016584,-62.239093675470315,0,-0.22127504356290295,0.08849325273883935,-130.3785337109859,0.04703471943637489,0.008616071981226938
2026-09-19 08:48:00,11.368226084578433,25.818626712131557,-4.329256525106214,129.3325753096652,0.0,-0.033198111250103655,0.0002138662359296062,0.05568087420611674,-62.923765430919424,0,0.08680372224768895,0.2002790083458379,-129.3325753096652,0.06482684692084388,0.009137479871005513
2026-09-19 08:49:00,10.808466550060519,25.908520465695428,-4.925180192266023,136.14058658715868,0.0,0.0017764592455757693,0.007088131349486778,0.05923153350505045,-60.61017598901769,0,-0.559759534517914,0.08989375356387086,-136.14058658715868,0.05968058289627107,0.00899249690919085
2026-09-19 08:50:00,11.159010186606583,25.85680858373761,-4.6188288966460105,127.97519794362834,0.0,0.04871970248458487,0.017061209121032216,0.05101555985610245,-63.01763703899704,0,0.3505436365460639,-0.05171188195781795,-127.97519794362834,0.07257604022189162,0.010203473162547251
2026-09-19 08:51:00,11.063764207808944,26.072545742198958,-4.306313918363237,128.7907720328049,0.0,-0.02670032491296048,0.02255849971033655,0.0473187296937215,-62.69196167539811,0,-0.09524597879763874,0.2157371584613479,-128.7907720328049,0.05882903568363494,0.009561591370977928
2026-09-19 08:52:00,10.955236203791163,26.241206569290462,-4.755126283164648,135.9746599066142,0.0,-0.0017083766566613296,-0.008114730032645033,0.05069169793035983,-63.166447365095294,0,-0.1085280040177814,0.16866082709150376,-135.9746599066142,0.051365510153862814,0.009657293980411229
2026-09-19 08:53:00,10.33837611735695,26.181051225582323,-4.466460576377304,127.50381608545042,0.0,0.03883492244103406,0.009988292158781387,0.05208919273477755,-63.32266676667664,0,-0.6168600864342135,-0.06015534370813924,-127.50381608545042,0.06573584395906928,0.009720576383453354
2026-09-19 08:54:00,10.398366952708344,26.532333125499637,-4.822099520880116,128.34965415119038,0.0,0.02208350313087351,0.009850468924127128,0.04359900348283093,-62.71365167033214,0,0.05999083535139427,0.3512818999173142,-128.34965415119038,0.04985565116666714,0.009927495395473312
2026-09-19 08:55:00,10.440047471030264,26.516751280783247,-4.49135880506224,129.55892372970746,0.0,-0.01026793361552123,0.006556374316319677,0.03781288899230635,-63.01243266712845,0,0.04168051832191999,-0.015581844716390236,-129.55892372970746,0.039726956576774546,0.010117925980514518
2026-09-19 08:56:00,9.883543618352927,26.819358743061038,-4.9187631054729755,132.52220344638866,0.0,0.004122707592452076,-0.009589188219009169,0.02949860957444647,-63.55606818210971,0,-0.556503852677336,0.30260746227779123,-132.52220344638866,0.03129084874876473,0.012682359257948559
2026-09-19 08:57:00,10.707437028543167,26.78514930688802,-4.891925734403419,130.62340752205995,0.0,-4.223359969646828e-05,-0.020561356249282216,0.06267182131738884,-63.57970347168823,0,0.8238934101902391,-0.034209436173018304,-130.62340752205995,0.06595853501803656,0.012921862554977927
2026-09-19 08:58:00,10.167311110118746,26.885889457617456,-4.573715885301314,126.12212395854321,0.0,-0.014961436086433348,0.010040037781331194,0.05496366243634966,-64.22748562764193,0,-0.5401259184244207,0.1007401507294361,-126.12212395854321,0.05784160368485631,0.012574906004068168
2026-09-19 08:59:00,10.20633144548319,27.097289421091833,-4.702997627211825,128.40349431061844,0.0,-0.001485042149861648,-0.034137251243861,0.053625110113441725,-63.32774842785071,0,0.03902033536444449,0.21139996347437773,-128.40349431061844,0.06358623834881337,0.012785452051497911
2026-09-19 09:00:00,21.82689866808184,27.99048518769227,1.8661603298289535,128.17793670036338,181.6713842241303,-0.005599322656130584,-0.0053567886513662235,0.0626519888795295,-59.94480725740929,0,11.620567222598648,0.8931957666004351,53.49344752376692,0.06312938546686124,0.011701089969184788
2026-09-19 09:01:00,21.801853409272606,28.127695246631333,1.4607530871243797,129.76833686433088,178.73892045715306,0.0022549787615349934,-0.05107262031297197,0.037445319903075834,-62.88525191713154,0,-0.02504525880923225,0.1372100589390648,48.97058359282218,0.06336915225479711,0.011962874725333746
2026-09-19 09:02:00,22.218124700944884,28.310746414398473,2.040647928718238,131.27753097588948,183.04630166378118,-0.014967663613820667,-0.02672804846716527,0.032643691241449814,-61.64760708157662,0,0.4162712916722775,0.1830511677671396,51.7687706878917,0.044766394837944395,0.012372057134113395
2026-09-19 09:03:00,22.663513786184474,28.530069841955275,2.174955903198475,131.25461726766392,185.8383393079292,-0.025532364004893223,-0.01754267876894849,0.0538423191651909,-62.048313777847355,0,0.4453890852395901,0.21932342755680168,54.583722040265286,0.06211797262592499,0.012056713982310974
2026-09-19 09:04:00,22.996705967006353,28.641675540879195,1.5490647082067353,124.6719647378548,178.95089442283194,-0.0008256154678474157,0.021934484152585684,0.052932713754434306,-61.4964994029232,0,0.33319218082187874,0.11160569892392047,54.27892968497714,0.05730336308934808,0.011990838996947493
2026-09-19 09:05:00,23.03815329919891,28.81137550259518,1.9817144865768284,133.19182296268258,183.2004648751011,0.0343023643635756,0.013762160488085378,0.032686931903272466,-61.55987783972244,0,0.041447332192557695,0.16969996171598467,50.00864191241851,0.04934049837081595,0.010981261117066625
2026-09-19 09:06:00,23.28609803151794,28.802623215851366,1.8394250758328734,130.75770653798986,186.80056898831143,0.0016440585252559298,-0.011078693676844846,0.053595210621404724,-62.16183961711022,0,0.2479447323190307,-0.008752286743813897,56.042862450321564,0.05475296324010749,0.006890735652521366
2026-09-19 09:07:00,23.270483317417394,29.16394950299105,2.0243411773076008,134.1535961427817,186.03608610029093,-0.006631875578630907,0.014587395902595016,0.04599777047600433,-62.535926796620124,0,-0.015614714100546934,0.36132628713968273,51.88248995750922,0.048709021563491314,0.0068963954182308645
2026-09-19 09:08:00,23.70654793910823,29.262096047559083,2.007141332676211,131.332594981872,187.91585265573784,0.015081716100769969,0.017752459267607934,0.041929119402624185,-63.0767884173176,0,0.4360646216908357,0.09814654456803495,56.58325767386583,0.04796518554610019,0.0073723693624229035
2026-09-19 09:09:00,24.184711996360694,29.572635481535876,1.9100883217317686,133.30396887320728,186.6252987228432,-0.0031663922519075713,-0.0032132969674944305,0.046665762917175876,-63.569893746487175,0,0.4781640572524637,0.3105394339767926,53.32132984963593,0.046883309886742386,0.007228508339109265
2026-09-19 09:10:00,24.129138987148508,29.451967990948948,2.0054180947112696,131.39963593435039,188.58788942302476,0.0373606584991822,-0.027687562884273806,0.0255847142908153,-63.07960892870261,0,-0.05557300921218555,-0.1206674905869285,57.18825348867438,0.05307539493311171,0.00644911257820844
2026-09-19 09:11:00,24.333611482198517,29.492545067776213,2.1910701930331955,134.03867726860824,188.6007191298302,-7.825018590157044e-05,-0.004158246201322285,0.04408625776608062,-64.45918245701354,0,0.20447249505000897,0.0405770768272653,54.56204186122196,0.04428199700080958,0.0057717533936834245
2026-09-19 09:12:00,24.34677481337213,29.85519707664181,1.8981253644570857,131.56675190805333,191.6559549829919,0.014009941263163269,-0.0019578481034427265,0.042957054305157956,-63.972949072513046,0,0.013163331173611681,0.3626520088655987,60.08920307493855,0.0452263212960078,0.005718863146917773
2026-09-19 09:13:00,23.969799102064275,29.940090884115897,2.2800741134649685,129.7062542606713,190.14442354077437,-0.015092087647865458,-0.02464908781660452,0.05557102446936141,-62.48798870020798,0,-0.37697571130785335,0.08489380747408504,60.43816928010307,0.06263774740790012,0.005832715697932979
2026-09-19 09:14:00,24.263470789761392,29.908177357182915,2.138565978074137,136.81730416134064,190.529702624035,0.01006178506673325,0.007340935858599358,0.04841769863489114,-63.72183173959123,0,0.2936716876971168,-0.031913526932981995,53.71239846269435,0.04999402363391394,0.005399373517050167
2026-09-19 09:15:00,24.86301778029249,29.950702566519332,2.1605567506422227,132.66711136683966,189.1511959337956,0.005501869538875083,0.0055962370860471065,0.05638868873678882,-63.16136849387864,0,0.599546990531099,0.0425252093364179,56.48408456695594,0.05693217592364185,0.005772382724293664
2026-09-19 09:16:00,24.866142648010065,30.342727722593494,2.5113430085524278,131.72123326301323,189.02052358227007,-0.0011301224931841607,0.008900853997883736,0.024504606552633194,-62.8246433934326,0,0.0031248677175739203,0.3920251560741619,57.29929031925684,0.02609555749625973,0.00958315232892123
2026-09-19 09:17:00,25.137074486503018,30.40598444305413,2.139940825258648,126.17108675038499,189.05153172888544,-0.010035155223394406,0.005578461943348869,0.04160901777428952,-64.71646905061512,0,0.27093183849295244,0.06325672046063602,62.88044497850045,0.043164035239446195,0.009708744301068833
2026-09-19 09:18:00,25.636234663863156,30.081352039047452,2.4911860875876046,126.1350771476094,190.52738059353854,-0.01276060331304749,0.01459686070229966,0.055559970515714444,-64.58046256080326,0,0.49916017736013885,-0.32463240400667814,64.39230344592914,0.05884565967836844,0.010340180203805302
2026-09-19 09:19:00,25.471472818926294,30.339447568056556,2.041027782532004,130.87814644642555,188.6210319152336,0.005647053279593051,-0.003586560557460631,0.04691135369426845,-65.33945592851418,0,-0.1647618449368622,0.25809552900910404,57.742885468808055,0.04738594446461576,0.01033151253112807
2026-09-19 09:20:00,25.743549800954433,30.596263958886674,2.3622512291542814,130.43656359330473,189.67252398204965,0.012578782193929472,0.004035702147419066,0.05845460532974368,-66.09977640451874,0,0.272076982028139,0.2568163908301173,59.23596038874493,0.05992873715973913,0.010862930476367159
2026-09-19 09:21:00,25.498097319217287,30.416018069193363,2.306507306527318,128.15763230497504,192.7828952637796,-0.0025432559258826283,-0.00795480568491064,0.03195397090610777,-66.48770642628088,0,-0.2454524817371464,-0.18024588969331035,64.62526295880457,0.03302731204408869,0.0119830500628409
2026-09-19 09:22:00,25.32266473700041,30.437397286434976,2.0440057488497594,130.42294809883617,189.82721344505927,0.005745358582415848,-0.011689984312439006,0.057311108396894746,-64.93544400626,0,-0.17543258221687807,0.021379217241612736,59.4042653462231,0.058772680933799754,0.012353933550603656
2026-09-19 09:23:00,25.63369591327778,30.46996992756031,2.119754593392209,134.7658807841308,186.80500505743152,-0.000758293562655392,0.026764992615241515,0.0436086078221496,-65.80841953314213,0,0.3110311762773712,0.0325726411253342,52.03912427330073,0.051172751684926465,0.011521576703548224
2026-09-19 09:24:00,25.48673079975316,30.386844310226945,1.9399323345600887,132.0862074236509,189.1570596498394,0.001970520498107757,-0.04087537403052993,0.04263802915617326,-64.40183743756037,0,-0.14696511352461883,-0.08312561733336565,57.07085222618849,0.05909890594158123,0.011999790323050005
2026-09-19 09:25:00,26.26342696445408,30.318042319956607,1.8100118562289846,126.57697447074179,185.16857069499648,-0.0040088996535445,0.017535199783085282,0.05991047046927452,-65.49911748301095,0,0.776696164700919,-0.0688019902703374,58.59159622425469,0.06255252976270997,0.012510328624317729
2026-09-19 09:26:00,26.09135006462941,30.572304519531304,1.7328195922683685,129.66547351857116,181.07876464785892,0.000359451587366165,-0.012410817508913213,0.06161901129956506,-67.4149009278636,0,-0.17207689982467045,0.254262199574697,51.41329112928776,0.06285745898633775,0.00981494718819665
2026-09-19 09:27:00,26.05904718029512,30.250325386570722,2.0763967901413194,127.58510055744232,182.25762618050348,0.05396080913634853,-0.01500076355286242,0.060346996960872826,-66.04417868794145,0,-0.03230288433428896,-0.3219791329605819,54.67252562306116,0.08233196142455197,0.012578148173176063
2026-09-19 09:28:00,26.31258188062227,30.416098988921792,2.091671943486455,128.8369002507743,179.60829765950734,0.006232685976148498,0.005231549681308141,0.07038641925048267,-67.37734995835189,0,0.2535347003271511,0.16577360235107008,50.77139740873304,0.070855229175058,0.013265147938929928
2026-09-19 09:29:00,25.364835039793387,30.426158176028157,1.912594207950236,128.75915300311107,181.6894663240572,0.012905939168620859,-0.029792192247020056,0.06266803608443335,-66.02878579270251,0,-0.9477468408288843,0.01005918710636422,52.93031332094614,0.07057918058030557,0.013074273482163935
2026-09-19 09:30:00,26.166421331819013,30.12812093717409,2.152245612975012,128.56706325218798,181.44803683897777,0.00876047210656194,-0.01632046143892406,0.04204563416267701,-67.88976472388383,0,0.8015862920256254,-0.29803723885406797,52.88097358678979,0.04594495277232233,0.013935059467866485
2026-09-19 09:31:00,25.605941321466116,30.106460503784398,1.7831538501617545,126.23459388407981,183.76868124888347,-0.00525633646594119,-0.01698279293025984,0.051416381281356505,-68.59696131631618,0,-0.5604800103528973,-0.021660433389691036,57.53408736480365,0.05440302007081128,0.010634229952337843
2026-09-19 09:32:00,25.996117702626325,30.236079826254027,1.7132429269581015,129.61703595544543,180.07011331325253,0.025879784265833358,-0.004427965163701897,0.04639802091515065,-68.46373478170054,0,0.3901763811602095,0.1296193224696296,50.4530773578071,0.05331178531975637,0.010945855129826603
2026-09-19 09:33:00,25.89394783607551,30.07453018157168,1.7160765805510274,128.31817708945806,177.9843420009498,-0.005823275408526825,-0.01608275376321377,0.07029089859949066,-68.5175720383123,0,-0.10216986655081328,-0.16154964468234567,49.666164911491734,0.07234207579974186,0.010813580166058155
2026-09-19 09:34:00,26.16518022543896,29.857011574272246,2.044650479223549,121.21165392999319,179.10340014209868,0.021101090978851027,0.03202237371278538,0.06104869954698709,-68.69884117333211,0,0.2712323893634476,-0.21751860729943573,57.89174621210549,0.07209460572801088,0.011014583061628511
2026-09-19 09:35:00,26.004399974184036,29.92793960468193,1.29935391449229,136.158916073505,172.06989710508802,-0.006684139961328975,0.03594033032995908,0.04811119863286544,-68.4970401271671,0,-0.16078025125492346,0.07092803040968576,35.91098103158302,0.06042410533173201,0.011081637036140702
2026-09-19 09:36:00,26.298925675596315,29.809311523723306,1.6660291815005308,133.26630896265002,176.0460246832686,-0.019199450382880817,-0.040439870454961266,0.058779097977530025,-67.1132856194761,0,0.2945257014122795,-0.11862808095862576,42.77971572061858,0.07388494011955904,0.01144127188794506
2026-09-19 09:37:00,25.664531663621418,29.589004100533046,1.6029054592753293,128.871097825225,176.24336897868898,0.007307924164723859,0.010886454095314727,0.03767801533686896,-66.19886600900621,0,-0.6343940119748979,-0.22030742319025975,47.37227115346397,0.03989427876390401,0.012384187223720726
2026-09-19 09:38:00,25.997934667639644,29.338583597800753,1.4873697177403162,130.05645714922179,170.92424859901314,-0.022093367122042133,0.017173268781551496,0.05250261737645473,-69.32924650576372,0,0.3334030040182263,-0.2504205027322932,40.867791449791355,0.059494225457695886,0.011930503413200465
2026-09-19 09:39:00,25.764505825085127,29.247408559206484,1.7382900482397179,126.48503695804732,175.4098464945741,0.010712804500332185,0.010859704047822103,0.04062077507396916,-66.71887598540849,0,-0.2334288425545168,-0.0911750385942689,48.924809536526794,0.043390606355277125,0.012400572860067067
2026-09-19 09:40:00,25.14660262628126,29.171820240985067,1.1727434202388043,135.08716863343258,173.10896786190955,-0.023883173121826334,-0.013162269861833891,0.033114077993725934,-68.42272573010767,0,-0.6179031988038659,-0.07558831822141698,38.021799228476965,0.042897476238788604,0.01274914484271779
2026-09-19 09:41:00,25.273864536976593,28.973671295249627,1.237794768513533,135.69186608431934,170.9866530615543,-0.006380160609457067,-0.00488191124317083,0.05784536237529834,-67.53933275970142,0,0.12726191069533144,-0.19814894573543995,35.29478697723496,0.05840056040072086,0.012713845627562094
2026-09-19 09:42:00,25.407874056538844,28.93136609321325,1.4741154091397597,130.47008118473957,172.5498060080767,-0.02863459393049483,-0.01496549309555391,0.059085910951875514,-69.46351609244569,0,0.1340095195622517,-0.042305202036377665,42.07972482333713,0.06734278599946965,0.012958245552130066
2026-09-19 09:43:00,25.68128289816151,28.525711852394775,1.4780244018407558,133.07059193255603,175.37972634811425,0.056483340188054586,-0.008405280623176572,0.05457212636211986,-67.18799158879274,0,0.27340884162266477,-0.4056542408184747,42.30913441555822,0.07898818542565102,0.013856905392814428
2026-09-19 09:44:00,25.373102532545495,28.367466512820585,1.4464180139741496,130.52586033680177,170.84771177122184,-0.03307919119232629,-0.024199300573343522,0.048170329594334996,-69.60117292562478,0,-0.30818036561601403,-0.15824533957419007,40.32185143442007,0.06324728999257097,0.013245212522055476
2026-09-19 09:45:00,24.76204254038747,28.370887131297913,1.6126817192861589,125.98982368337221,170.7211399959497,0.00019627480792808644,-0.002295776432691006,0.037336413451535905,-67.14774299970853,0,-0.611059992158026,0.003420618477328219,44.73131631257749,0.037407444214396124,0.014835334393670073
2026-09-19 09:46:00,24.940725980292733,28.137985313756626,1.3556780453026713,128.76452989310903,169.14436816458488,0.022866085486600275,-0.030056034226101397,0.03838653129282753,-67.0531544722304,0,0.1786834399052637,-0.23290181754128625,40.37983827147585,0.05384931609200174,0.01352044738846143
2026-09-19 09:47:00,25.451235345801287,27.957943204413485,1.6083034748340224,130.39578390031588,168.30107868542942,0.020727718171740506,-0.004002691084562753,0.04030720020261203,-66.95210009758311,0,0.510509365508554,-0.18004210934314102,37.90529478511354,0.04550088158155825,0.012952196746316565
2026-09-19 09:48:00,24.73521972265686,27.677258969513613,1.3040563277651258,128.63635684376968,171.6990255447301,0.017026842443462746,-0.02497163378199529,0.04766326708275077,-67.69584101322377,0,-0.7160156231444255,-0.2806842348998728,43.062668700960415,0.05643831044900463,0.012871538293231276
2026-09-19 09:49:00,24.4528611360163,27.690084162865073,1.2529226231004518,129.34404016769489,168.46330622193895,-0.006344567764429511,0.004136327235828077,0.06076178733604916,-66.21561762215615,0,-0.28235858664056224,0.012825193351460484,39.119266054244065,0.061231997708637236,0.012348504027873096
2026-09-19 09:50:00,24.54141046864269,27.51830458201121,2.01413873914238,129.72580132747265,170.5538897278074,0.02702177892674004,-0.013588391218857814,0.06060404211078653,-66.16602536673714,0,0.08854933262639264,-0.1717795808538618,40.828088400334735,0.06773234701712566,0.011786615098186626
2026-09-19 09:51:00,24.45975279344026,27.426495143128097,1.2220150781731838,129.7573645064036,169.78653828319244,0.018267821816043653,0.0058116069574907486,0.033514324003871235,-66.5482152533825,0,-0.0816576752024325,-0.09180943888311432,40.02917377678884,0.038609558437873066,0.013445824312820532
2026-09-19 09:52:00,23.92515498304184,27.208443304491038,1.228057551586578,130.15677547149244,172.12341309429127,0.004245992353209532,0.02163161456729564,0.04306766663283053,-65.43827964371242,0,-0.5345978103984201,-0.21805183863705935,41.96663762279883,0.04838159886824923,0.013164695291919498
2026-09-19 09:53:00,24.03889459747096,27.032245070184924,1.7728405271261254,126.8181848008102,172.3446497883349,0.004811615154531842,0.031788938722094165,0.04279838980428161,-65.96989680316,0,0.11373961442912162,-0.17619823430611348,45.52646498752469,0.05352934181653661,0.010158517327055507
2026-09-19 09:54:00,23.610852671934076,27.011398955441905,1.2452361528287879,127.84895155261619,174.34743501295594,-0.0060784529523074515,-0.05056009178040981,0.024684168714987548,-65.10361023938357,0,-0.4280419255368848,-0.02084611474301923,46.498483460339756,0.056591330221924,0.00958470593163446
2026-09-19 09:55:00,23.74244224875816,26.61556064818428,1.5878851017086015,126.1462472029001,171.9245639465866,-0.018193040516660767,-0.016683881877475656,0.05566120946949908,-65.51197242906437,0,0.13158957682408357,-0.39583830725762326,45.7783167436865,0.0608893166109612,0.008440346816578634
2026-09-19 09:56:00,23.390860548015002,26.659122469601552,1.8653841672164209,132.9334466490586,173.14758375069005,0.02474301950957433,-0.0060617215422402795,0.047538401756814785,-64.9204171631062,0,-0.3515817007431572,0.04356182141727061,40.21413710163145,0.053933858791107896,0.008439914939219244
2026-09-19 09:57:00,23.294502397486042,26.30324055616367,1.4357470287114624,123.68305917447903,172.53561714245902,0.026244159872030638,0.009206556367629662,0.048868574633690244,-64.31247060026081,0,-0.09635815052896035,-0.35588191343788367,48.85255796797999,0.056228588762902446,0.00786145655902313
2026-09-19 09:58:00,22.72924225300568,26.258186713019292,1.0680578405579522,133.46077102995076,174.46539168571022,-0.017682182820598427,-0.033007090083090586,0.06345871058375639,-65.03596342702066,0,-0.5652601444803622,-0.04505384314437677,41.00462065575945,0.07368266779920009,0.00978183982255823
2026-09-19 09:59:00,22.51530467422225,26.099790874463675,1.230763264822703,134.15904819178854,177.01583433778734,-0.0030757033029238353,-0.019641848136004312,0.050883090132843575,-65.62525683320789,0,-0.21393757878342967,-0.15839583855561656,42.8567861459988,0.054629213892134265,0.009692959133420965
2026-09-19 10:00:00,13.590936433125043,26.18618801527537,-4.430808737725322,129.09345823905213,0.0,-0.002868464329178582,0.002607144053142199,0.045692695350339825,-63.87293443806216,0,-8.924368241097207,0.08639714081169458,-129.09345823905213,0.04585681733505467,0.009317683826299834
2026-09-19 10:01:00,13.179732050291996,25.99679571503714,-4.138994253735627,122.19058873651811,0.0,-0.0006531180748061987,0.001697764830533343,0.055720776210049436,-62.723121471385284,0,-0.4112043828330467,-0.18939230023822873,-122.19058873651811,0.05575046071639091,0.007529165037398926
2026-09-19 10:02:00,13.17997797577954,25.90620016334272,-4.706663056327778,128.91606831409814,0.0,0.0012858975717516335,0.00755236812840186,0.06058871846575562,-63.38440890817047,0,0.00024592548754398535,-0.09059555169442035,-128.91606831409814,0.06107114377702888,0.007173298694614093
2026-09-19 10:03:00,12.888603014555443,25.710387270193085,-4.499337787633127,129.80744751613355,0.0,0.018937229232923597,0.008873514537762323,0.05296467566049226,-63.14560125357811,0,-0.291374961224097,-0.19581289314963612,-129.80744751613355,0.056943961743922564,0.007058648357888334
2026-09-19 10:04:00,13.131837504237986,25.71428188958554,-4.256527696648075,126.96820534021326,0.0,-0.014944346169734873,0.006771888662317251,0.05689189598698149,-63.296765636919126,0,0.2432344896825427,0.0038946193924545014,-126.96820534021326,0.05921047025222153,0.007067391872195894
2026-09-19 10:05:00,12.557743639916179,25.60111721649218,-4.230185889206008,128.45434481857527,0.0,-0.016926939830253198,0.0038731063326298536,0.04854432350257116,-62.31843073304632,0,-0.5740938643218065,-0.1131646730933582,-128.45434481857527,0.0515565086967994,0.007231306980424269
2026-09-19 10:06:00,12.573985367986575,25.65934031676163,-4.856073684685614,134.59058559659005,0.0,0.024732394842859506,0.001114795466527357,0.049181422536403376,-63.05992609326416,0,0.016241728070395922,0.05822310026944777,-134.59058559659005,0.055061297172329125,0.0071888236119997985
2026-09-19 10:07:00,12.722311853711973,25.47598621109491,-5.174393682352041,131.99478148690523,0.0,-0.009252894837625964,0.013295261794487253,0.05113020710298829,-63.15908616121372,0,0.14832648572539853,-0.1833541056667194,-131.99478148690523,0.053634672810175615,0.007266097642787923
2026-09-19 10:08:00,12.708091105833534,25.67294863359187,-4.707972486512856,127.2263076568657,0.0,-0.025260707071541325,-0.044786453331284504,0.042468790495673384,-61.447012808719336,0,-0.014220747878439965,0.19696242249695928,-127.2263076568657,0.06668978849805224,0.005599761317744497
2026-09-19 10:09:00,12.067177266562105,25.348214445953932,-4.557046642244685,125.2072024912137,0.0,-0.0097025988419974,0.030886669739424694,0.044319383856304,-62.94696106680812,0,-0.6409138392714286,-0.3247341876379366,-125.2072024912137,0.05488473901990827,0.005593185347539522
2026-09-19 10:10:00,12.679317964063927,25.421960724009523,-4.659607332428917,129.01894804717068,0.0,-0.006601054704880017,-0.04408964101760648,0.06377879641818474,-61.40899461726139,0,0.6121406975018218,0.07374627805559086,-129.01894804717068,0.07781519929185095,0.007804705397692839
2026-09-19 10:11:00,12.052086864668249,25.66826836335289,-4.657558653842768,129.35962966194867,0.0,0.031099254554515298,-0.021583236338089843,0.07007956095862322,-61.09332271841254,0,-0.6272310993956776,0.2463076393433674,-129.35962966194867,0.07965013866168577,0.009969147236964944
2026-09-19 10:12:00,11.512123554578485,25.466074603114194,-4.472242421917079,131.48859756208995,0.0,0.018496524247534746,-0.004535215933002895,0.06592197914038181,-61.55267220798684,0,-0.5399633100897638,-0.20219376023869629,-131.48859756208995,0.06861775955671781,0.010203199282986901
2026-09-19 10:13:00,11.8033828049809,25.39820517384225,-4.330616095458805,128.394049862297,0.0,0.022950412332644846,0.01345225782179685,0.03676742643231452,-63.30894759349097,0,0.2912592504024154,-0.06786942927194417,-128.394049862297,0.04538202632318407,0.011467693517725756
2026-09-19 10:14:00,11.446798001117193,25.58267983520541,-4.731995399573727,131.5344987260856,0.0,0.01639947284693572,-0.059905337815992325,0.035801424654150274,-61.99318695109581,0,-0.35658480386370783,0.18447466136316137,-131.5344987260856,0.07168914991665294,0.011892153747101978
2026-09-19 10:15:00,11.5628961752285,25.5551500891207,-4.630498100510375,135.8054621201807,0.0,0.018924873432306283,-0.000562486478836688,0.03809290568054839,-62.20365174238511,0,0.11609817411130763,-0.027529746084709927,-135.8054621201807,0.042538649351558426,0.013095119798492476
2026-09-19 10:16:00,11.293317126306388,25.5716696907279,-4.658699979078524,132.4465030673328,0.0,-0.013761642531606362,0.01584790078831469,0.05134387441879481,-62.49977070164945,0,-0.2695790489221128,0.01651960160720023,-132.4465030673328,0.05546829909864692,0.013073165886345491
2026-09-19 10:17:00,11.205037008369676,25.608654260330404,-4.624803608213475,129.8557344780077,0.0,-0.003972043107069687,0.019890362320569538,0.021912754076423367,-61.883934664305684,0,-0.08828011793671209,0.036984569602502404,-129.8557344780077,0.029859210152007723,0.016423000235097556
2026-09-19 10:18:00,10.789488644423402,26.06820072126221,-4.441925046679439,129.4505485868401,0.0,-0.019798306260470976,-0.013946593169949175,0.044111984333805,-61.30103077531838,0,-0.41554836394627337,0.45954646093180784,-129.4505485868401,0.05032243588795494,0.01641580269728876
2026-09-19 10:19:00,11.244359833121326,25.84914271773458,-4.590191754547431,128.9299805974604,0.0,-0.004209760610740667,-0.006016705739100645,0.06407099289161114,-62.59267445831217,0,0.45487118869792376,-0.21905800352763194,-128.9299805974604,0.06449042535499015,0.01651850254634666
2026-09-19 10:20:00,10.48955481013635,25.77411978504776,-4.357792148057463,133.54192273735643,0.0,0.01368209981869482,-0.012322962577852557,0.05982438830728908,-62.389279565120745,0,-0.7548050229849768,-0.07502293268682081,-133.54192273735643,0.06259403085347029,0.01519795617063041
2026-09-19 10:21:00,10.397984779493232,26.217459757010584,-4.8633272212927015,128.1180596621461,0.0,0.002691665696244936,-0.007853493070521687,0.04490905349426493,-62.562039899764756,0,-0.0915700306431173,0.4433399719628248,-128.1180596621461,0.0456699628134272,0.013261626329634148
2026-09-19 10:22:00,10.740683205930535,26.239191224104342,-4.750736612925545,130.13566812699995,0.0,0.026229616379205904,-0.0206365310145687,0.04566644558829362,-61.2787875304371,0,0.34269842643730364,0.021731467093758283,-130.13566812699995,0.05656220858828043,0.01226135864450832
2026-09-19 10:23:00,11.017273751711283,26.21952724823106,-4.673646411735192,130.15359370564326,0.0,-0.022828315844544384,-0.01778504324941836,0.055672417068069045,-62.839185844282326,0,0.2765905457807474,-0.01966397587328217,-130.15359370564326,0.06274438452868099,0.012376841743515436
2026-09-19 10:24:00,10.343090313860179,26.32852149645058,-4.5012040126785955,128.49464742156542,0.0,0.010004767013964796,0.00868753844056736,0.059352687552441996,-63.972698894731835,0,-0.674183437851104,0.10899424821952053,-128.49464742156542,0.060813733702658454,0.011078439196047778
2026-09-19 10:25:00,10.578499071207323,26.62185167525505,-4.242215165306086,125.8826033563477,0.0,-0.02496605603738636,0.0026323074654548357,0.0446686273226024,-64.48363329623595,0,0.23540875734714461,0.2933301788044709,-125.8826033563477,0.051239821072483725,0.010481853140629552
2026-09-19 10:26:00,10.616798284860693,26.668905599054426,-4.682341267406267,130.96892351085302,0.0,0.0018835293834728456,0.00983173015180947,0.047656339782805625,-62.73387822516853,0,0.03829921365336908,0.047053923799374786,-130.96892351085302,0.048696378943517214,0.01059292672834624
2026-09-19 10:27:00,10.473366297305583,26.645896769621096,-4.920766932916736,129.81698808443386,0.0,0.014806668451129577,0.004280287794016736,0.04433990271479977,-64.05690922001982,0,-0.14343198755510933,-0.023008829433329936,-129.81698808443386,0.04694236111423447,0.007239411575382312
2026-09-19 10:28:00,10.077631583417295,27.16727600236634,-4.52795155672006,131.50072140830972,0.0,-0.004290051336484384,0.014086772022951912,0.036686505586247864,-62.838947571376174,0,-0.39573471388828807,0.5213792327452431,-131.50072140830972,0.039531523859144206,0.00867688472247293
2026-09-19 10:29:00,9.793839064043551,27.09970407385441,-4.434693928224553,128.3991990806825,0.0,0.011022532081739119,0.017564279963099894,0.04780256251978186,-65.060694054084,0,-0.28379251937374406,-0.06757192851192784,-128.3991990806825,0.052106478748546944,0.007845903519025742
2026-09-19 10:30:00,21.337735730298593,28.149557173648244,1.1456499411288052,133.66246389643914,176.61507074057036,-0.01919464669665868,-0.03483433239732208,0.047040724597912364,-62.53891216661061,0,11.543896666255042,1.0498530997938325,42.952606844131225,0.0616010953317659,0.007711774508536491
2026-09-19 10:31:00,22.121064527243995,28.294386733105053,2.0238018928738772,127.36967865636447,184.0574348053895,-0.03327379956392766,-0.017086193008287252,0.037393558840113444,-63.34097948941847,0,0.7833287969454013,0.14482955945680942,56.687756149025034,0.052890093322529724,0.0073198499482360095
2026-09-19 10:32:00,22.752759877155967,28.232245602107504,1.343920085961761,135.13612085205366,181.67067751079264,0.011140592449756062,-0.004627519149800778,0.0564608093763773,-61.606959589762305,0,0.631695349911972,-0.062141130997549254,46.53455665873898,0.05773516890985034,0.007386796913783774
2026-09-19 10:33:00,22.260502734465817,28.599992313423968,1.915082261078279,124.75709047051521,182.10143992671857,0.034880204681514655,-0.0004535505097468213,0.0548332067862589,-61.44441519424341,0,-0.49225714269014986,0.36774671131646386,57.34434945620336,0.0649885755587386,0.00772745266125948
2026-09-19 10:34:00,23.004740277435875,28.593649222872468,1.6253548031394218,131.3043101936707,181.86997467256617,-0.01992089880339784,-0.013401811476360671,0.05695719700845077,-61.82650400341919,0,0.7442375429700583,-0.0063430905514998415,50.565664478895485,0.061810784261669124,0.007835762818127303
2026-09-19 10:35:00,22.704570078002533,28.631316683309986,1.9496475823173482,131.42629204757986,181.4845420423105,0.024443883602135907,0.018240473419766114,0.04231929644535632,-63.342607120622354,0,-0.30017019943334233,0.03766746043751823,50.05824999473063,0.052164558540851384,0.007808200127811393
2026-09-19 10:36:00,23.213902599561408,28.93108603916941,2.154774502895037,127.61332879617736,187.29276590187416,0.0008684681763282202,0.03959896736581197,0.03016424321885353,-63.11301605843955,0,0.5093325215588749,0.299769355859425,59.679437105696806,0.0497866851917065,0.007735566743274353
2026-09-19 10:37:00,23.58392871406831,29.164543451567628,1.7184400496048893,131.27318181358305,186.5888128067537,-0.02671383043386152,0.0037232391116346804,0.054673311296456494,-62.26179223189347,0,0.3700261145069028,0.2334574123982165,55.31563099317066,0.0609644340091069,0.007592566553547592
2026-09-19 10:38:00,23.359824738183075,29.224742712528617,1.9886947318854913,133.83855600928047,184.5936391095131,-0.02263010602704325,0.001686820643964225,0.043358872853702865,-64.33007962579352,0,-0.22410397588523523,0.06019926096098871,50.75508310023264,0.04893831748051515,0.005780339618044408
2026-09-19 10:39:00,23.791007540653993,29.380901349395078,1.9237234091503816,123.3495434819378,185.2431115521476,0.0003156954672130011,0.01698912510208662,0.04109331866754299,-63.04606833776644,0,0.4311828024709179,0.15615863686646136,61.89356807020981,0.04446786339003265,0.0068090530498846075
2026-09-19 10:40:00,23.793174753399214,29.660281112167205,2.074412259059412,131.50823442247244,187.7431404494987,-0.008089245758482074,-0.03731679510406872,0.03742946925356558,-61.46585791441495,0,0.0021672127452205814,0.27937976277212684,56.234906027026256,0.05346909633034561,0.00648178981754286
2026-09-19 10:41:00,24.302293513404088,29.684023998655174,2.327552477291095,122.52018753900977,192.25011665119314,-0.02625825953516478,0.0005693788087682085,0.04724677471912846,-63.35454917477624,0,0.5091187600048741,0.023742886487969628,69.72992911218337,0.05405624947593037,0.0064556157671696686
2026-09-19 10:42:00,24.32916504412553,29.70906039612031,2.1303718180479914,127.10300558943038,188.80120815694505,-0.0338807856245081,0.019580716509350334,0.06577327297050473,-64.86763772142753,0,0.02687153072144355,0.025036397465136417,61.69820256751467,0.07653388485374271,0.009440144290249156
2026-09-19 10:43:00,24.437697925272936,29.975641214651333,1.948775465794566,134.88749909470283,186.62929594793573,-0.01693438655853012,-0.012863079944022235,0.04494550478644486,-64.20225157235669,0,0.10853288114740423,0.2665808185310219,51.7417968532329,0.04972253688488119,0.009184994886605038
2026-09-19 10:44:00,25.044375736993356,30.028788215931453,2.2867312109507942,128.25465389982384,189.3630111717127,0.003876180166622365,-0.02453121159803931,0.03910196955833067,-64.4510362863485,0,0.6066778117204201,0.053147001280120065,61.10835727188888,0.046322447457928136,0.009250415392707685
2026-09-19 10:45:00,24.92524688280383,29.851516981873537,2.515648908274482,126.47836010677308,189.4295027265452,-0.0001280150520627607,-0.0037161122019955663,0.056519334010300286,-61.913724132977634,0,-0.11912885418952612,-0.17727123405791545,62.951142619772114,0.05664151299814705,0.009279225057554798
2026-09-19 10:46:00,24.662318803760204,30.23182334090221,1.954826971904493,129.40618681304596,184.6019627445319,-0.010024759150001566,-0.0012137086640384126,0.05172812279771284,-62.62860819957713,0,-0.2629280790436255,0.3803063590286726,55.19577593148594,0.05270453085752648,0.00917414250308224
2026-09-19 10:47:00,24.97936245032184,30.303756274765064,1.9757308639140405,136.20371901449064,189.80805837148907,0.004037743885829655,-0.018173045638309168,0.028806986323117928,-63.80850416059872,0,0.3170436465616362,0.07193293386285404,53.60433935699842,0.034298767098540524,0.010782654295340173
2026-09-19 10:48:00,25.110538002986036,30.33210982787615,2.225725892304231,124.50495325838192,189.2766072483646,0.020800534397253753,0.04192322552101902,0.05662346319753287,-65.13086432573829,0,0.131175552664196,0.028353553111085006,64.77165398998268,0.07346043597597224,0.012699019020762987
2026-09-19 10:49:00,25.277757890945058,30.474439929089165,2.3224459530038097,126.84607026508196,190.85541360650097,0.007882530208682957,-0.009573927620158913,0.071284677685016,-63.836980373381714,0,0.1672198879590212,0.14233010121301604,64.00934334141901,0.07235537053476722,0.013376252448375127
2026-09-19 10:50:00,26.123236722213836,30.36260539497563,2.169989759909154,134.49229504953888,192.79088645814753,-0.0024261734277916135,-0.023073187028531374,0.023994640725709768,-66.42063028309359,0,0.8454788312687782,-0.11183453411353383,58.298591408608644,0.03337665442657787,0.015325334883357074
2026-09-19 10:51:00,25.580948470189366,30.49727430385324,1.9557707696152347,135.5731070306132,190.88522372558427,0.018561440133213775,-0.0018724263814122294,0.03764293975977877,-64.45816285170422,0,-0.5422882520244698,0.1346689088776074,55.31211669497108,0.04201218816166352,0.015866837329285746
2026-09-19 10:52:00,24.95405866921431,30.329762572720906,1.705588486394253,129.68970632712916,187.54718665708623,-0.0191970060443259,0.018157212754089824,0.02151472911348394,-64.85062084143645,0,-0.6268898009750572,-0.16751173113233264,57.85748032995707,0.034074814524656785,0.014730657283217808
2026-09-19 10:53:00,25.488216069526995,30.538954898663132,2.1720498368327426,126.28284189242007,185.24400030428384,-0.004498390791107032,0.00034828497996461935,0.049246955792591654,-66.16839254827705,0,0.5341574003126865,0.20919232594222592,58.96115841186378,0.04945320492116019,0.014730445166363253
2026-09-19 10:54:00,25.148444717620162,30.69423997715775,2.0591201849919396,136.28753050542747,191.90135141201122,-0.004021758712007363,0.009711878400880046,0.05990386236611353,-65.10925419629065,0,-0.3397713519068333,0.15528507849461803,55.613820906583754,0.06081914050354017,0.015095086901990464
2026-09-19 10:55:00,25.696999000308594,30.389034259132657,1.6968164166525863,134.7833271752476,186.10315830906853,-0.024739065168856905,-0.017430211886663147,0.051055007497962795,-66.9183906253987,0,0.548554282688432,-0.30520571802509266,51.31983113382094,0.05935020996138059,0.015232843512791304
2026-09-19 10:56:00,25.258039672750844,30.39106957525905,1.641195140598134,132.0368409632867,185.18287230204052,-0.008397483245687155,0.029753768928070273,0.0639199569811267,-67.94877353642546,0,-0.43895932755775036,0.0020353161263919617,53.14603133875383,0.07100398151340306,0.01648281699265591
2026-09-19 10:57:00,25.641416289986108,30.363617532906332,2.3188456756340265,127.56279295318774,184.22554862811828,-0.04149919361790606,0.011234220558368866,0.058305502903301346,-65.9065558551683,0,0.38337661723526395,-0.027452042352717143,56.66275567493054,0.07244254586427382,0.016077482091924927
2026-09-19 10:58:00,25.485582461063604,30.404371666291077,2.0230440680934834,129.8529119774859,183.74605102309476,0.03824356095325907,0.020954031377552192,0.06702147323502178,-67.15751734838908,0,-0.15583382892250341,0.04075413338474476,53.893139045608876,0.07995948511558729,0.016932820496379224
2026-09-19 10:59:00,26.0861000175406,30.231196599467022,1.8322142477951737,129.5189197568655,182.10377246829194,-0.018748275768726258,0.007303212649503387,0.06160210768107095,-66.64386489853284,0,0.6005175564769942,-0.17317506682405437,52.584852711426436,0.0648047407992219,0.01635450852956505
2026-09-19 11:00:00,25.99014175520488,30.315368304933305,1.5322835002630542,130.99255391384673,180.26387606683818,0.03172228262842624,0.016497680754575687,0.04597056931390496,-65.5825442550814,0,-0.09595826233571714,0.08417170546628228,49.271322152991445,0.058238903908660496,0.01415128391209088
2026-09-19 11:01:00,26.09002374900705,30.28357133859082,1.4416757638678064,134.353004314394,179.32208874185213,0.000761690114389849,-0.017461051193544547,0.0506672645623484,-68.2667894284698,0,0.09988199380216756,-0.0317969663424833,44.969084427458114,0.05359701651066921,0.013015001405756368
2026-09-19 11:02:00,25.966928995595463,30.168196628760246,1.9288216829958185,132.6382511234122,179.35075202529222,0.011297282643119178,-0.00982820833379125,0.04131323084519027,-67.8113592094791,0,-0.1230947534115856,-0.11537470983057574,46.71250090188002,0.043943205584468986,0.011020635733653044
2026-09-19 11:03:00,25.56917078875435,29.84439946698517,1.8335260220041183,126.76787176904573,177.33569351629998,-0.009775995967018631,0.026929611911120598,0.047693438311319516,-66.20327263131966,0,-0.3977582068411145,-0.3237971617750759,50.56782174725426,0.055636661948632156,0.010436238387995898
2026-09-19 11:04:00,26.120715652586295,30.018256911475998,1.385932874611243,134.1294893500586,176.01889741437736,0.004158593839233487,0.031194838945679277,0.0506183167201812,-67.18985767785816,0,0.5515448638319462,0.17385744449082807,41.88940806431876,0.05960390815333467,0.010458304437894006
2026-09-19 11:05:00,26.512611155576586,29.90145144577118,1.736424694760936,130.93939642003946,176.7050281784876,0.013009792799768721,-0.022941311994381538,0.04915092676464646,-68.62421459576659,0,0.3918955029902911,-0.11680546570481809,45.76563175844814,0.055779674672232604,0.010613240221438832
2026-09-19 11:06:00,26.018154297094746,29.771674088612507,1.3729647819619137,132.06119738757675,175.06484113220975,0.013291048287883645,0.004994721357276243,0.06342253526303611,-68.92499519334082,0,-0.49445685848183984,-0.1297773571586731,43.003643744632996,0.0649924394465906,0.010176430224984013
2026-09-19 11:07:00,25.717323432105932,29.599383056097057,1.846954391421956,134.3996225778358,177.70962456808044,0.015495467801487145,-0.008618876009704549,0.04669831937493169,-68.52299085737573,0,-0.3008308649888143,-0.17229103251544942,43.31000199024464,0.04995125202135284,0.009821122916106793
2026-09-19 11:08:00,25.356780197918024,29.450618552008635,1.7674966149196107,126.66525925145935,168.57948147378679,-0.007366654200783527,-0.013940629387297232,0.04067913586442643,-68.7374716950131,0,-0.360543234187908,-0.14876450408842246,41.91422222232744,0.043627982264876304,0.007510822613402137
2026-09-19 11:09:00,25.443418768787488,29.391992369366303,1.5285719303353225,129.8925232638806,175.30535211200518,-0.009607193449827103,0.005696793907108999,0.04130388965096813,-67.74504090875212,0,0.08663857086946436,-0.05862618264233177,45.412828848124576,0.04278741552257891,0.0075500124185652676
2026-09-19 11:10:00,25.773101604274345,29.335532915349877,1.5356412750936004,128.40563634592235,174.92414543191597,-0.031883526505352075,0.02281925864730816,0.05655100271622531,-67.86658750693564,0,0.3296828354868566,-0.05645945401642649,46.51850908599363,0.06881347059871896,0.008996026760411628
2026-09-19 11:11:00,25.871384882573317,28.897226731827892,0.9897314567128289,125.29642172390363,167.67044842453961,0.010464380223538735,0.009033249465683877,0.035968615919110006,-67.6079775366283,0,0.09828327829897177,-0.43830618352198414,42.37402670063598,0.038533675927797495,0.010224664454878707
2026-09-19 11:12:00,25.531097319012087,28.94528291496924,1.1164958869357509,131.04012993281475,170.59886708770344,0.021647574226468853,-0.0063902489983807,0.04798813829849083,-68.65018286343216,0,-0.3402875635612297,0.048056183141348185,39.55873715488869,0.053031256533358384,0.009787271193805366
2026-09-19 11:13:00,25.587561350105783,28.670067550604962,0.8949913752141849,137.53466965475326,170.09545890051388,0.03231963359835859,0.010297223598703201,0.06327500245455421,-67.78286051366285,0,0.056464031093696576,-0.2752153643642785,32.56078924576062,0.07179357537689345,0.011418049536540836
2026-09-19 11:14:00,25.446289088486534,28.503925560524348,1.569509107668422,124.47976676648274,167.6689558716692,0.006103452691610155,-0.007199523471618022,0.05292598445740831,-69.65156030276493,0,-0.14127226161924966,-0.16614199008061448,43.18918910518646,0.05376099983968795,0.011298985061717412
2026-09-19 11:15:00,25.26425310496746,28.199146951111466,1.3192499477301456,129.9031581668516,168.6690654481673,-0.015329595458171386,0.008242286014612039,0.04925394610881246,-67.31667175465732,0,-0.18203598351907502,-0.3047786094128817,38.76590728131569,0.05223871153605973,0.011303195266663754
2026-09-19 11:16:00,24.785278770128503,28.158660814185776,1.013801097785144,131.92162880522432,167.8419382727337,-0.033941922865789106,0.027929314009114664,0.049640895963615705,-66.13496987430386,0,-0.4789743348389557,-0.04048613692568992,35.920309467509384,0.06630474538762232,0.0114522388921667
2026-09-19 11:17:00,24.89807046475592,27.92092157008642,1.4843412524441497,130.36923460496854,173.50530831120625,0.020833334661667008,-0.041543193186016555,0.03970435407772827,-68.56785364122477,0,0.11279169462741834,-0.23773924409935532,43.13607370623771,0.061125284996843374,0.01154888774658497
2026-09-19 11:18:00,24.44733938103996,27.807679198480457,1.609963674368174,129.66061584245278,171.9097106979365,-0.03592553133555071,0.01594504597080067,0.04142865289565459,-66.47750263194338,0,-0.4507310837159615,-0.1132423716059634,42.24909485548372,0.057107106155899826,0.010811012430250526
2026-09-19 11:19:00,24.556287494425447,27.57831094000744,1.770433339771777,126.10235090966253,172.718584063745,-0.006812081554875334,-0.03078109843140937,0.04804818327085423,-67.37615864834635,0,0.10894811338548749,-0.22936825847301634,46.616233154082465,0.057467455062704675,0.009671237873145147
2026-09-19 11:20:00,24.493147635735898,27.478689254079985,1.089913842136602,130.6983602288205,171.85410138145508,-0.004486136558872918,0.02456655421088923,0.052712730301092935,-65.7546057224605,0,-0.0631398586895493,-0.09962168592745613,41.15574115263459,0.058329006016022394,0.008909108448055423
2026-09-19 11:21:00,24.734370011781724,27.320536209230582,1.4298487883795192,127.72970806895222,168.48374963428822,-0.001389102757020387,-0.012740512197457214,0.05948150011802111,-66.1796150185291,0,0.24122237604582608,-0.15815304484940285,40.754041565335996,0.06084652096721113,0.006143917517345544
2026-09-19 11:22:00,23.669085894975566,27.21122818302282,1.3906953455047701,123.43023488506434,170.11641291023892,0.0007160520007168028,-0.024353427552129683,0.05092560617171435,-65.70542583822717,0,-1.0652841168061578,-0.10930802620776348,46.686178025174584,0.056453693660920984,0.0058503922575818
2026-09-19 11:23:00,24.03257445445692,26.88403049177984,1.5757849550950425,133.58377666154118,172.65607470021683,0.0027629511273515013,0.013905384541774948,0.06352774175754249,-65.80946875783906,0,0.36348855948135395,-0.32719769124297926,39.072298038675655,0.06509045698871513,0.0045245554640182
2026-09-19 11:24:00,24.1538904984224,26.749147076988336,1.4765772135253474,132.87515745952612,169.82809950665626,-0.04830726524157059,0.007283401262848215,0.06605198015209525,-64.30405559190798,0,0.12131604396547857,-0.1348834147915028,36.952942047130136,0.08215536434760605,0.008297191981887986
2026-09-19 11:25:00,23.75429829796097,26.78299880560219,1.399523507381095,130.15498293055325,174.37059360464087,0.0002931181974025345,-0.019983738059233164,0.05795267212482204,-65.03868262397518,0,-0.39959220046143074,0.03385172861385399,44.21561067408763,0.06130210364665162,0.007614342211826082
2026-09-19 11:26:00,23.589836233471132,26.525739736009783,1.3653430581036132,130.6872240646171,173.20668282496052,-0.04459151148223755,-0.025059995143367875,0.06224981408055885,-65.84254286821819,0,-0.16446206448983602,-0.25725906959240774,42.51945876034341,0.08056950791658274,0.009487507046164193
2026-09-19 11:27:00,23.32622051993052,26.577808251666198,1.3549090513566864,133.2229540381467,173.74350295892444,0.014644361461819896,-0.0037496297498256447,0.04009286478611906,-64.78847848901508,0,-0.263615713540613,0.05206851565641557,40.52054892077774,0.04284804374348074,0.011630815289411366
2026-09-19 11:28:00,23.346497663788554,26.364549873220877,1.1959727200514167,130.67301897033425,176.77589814226943,-0.011102503116072242,-0.024081739003423933,0.03850801065311938,-65.00693189636868,0,0.02027714385803492,-0.21325837844532103,46.10287917193517,0.046755348499740425,0.012559710748944226
2026-09-19 11:29:00,22.435447139010396,26.28173280274665,1.6542546100590358,132.71205266428393,177.1497599746697,-0.04314073450446701,-0.021229459458472554,0.05517973376290166,-64.22902034043409,0,-0.9110505247781582,-0.0828170704742277,44.437707310385775,0.07318890585757208,0.013018689162550843
2026-09-19 11:30:00,12.89150924193615,26.249062993772267,-4.6655529591743985,129.10755339737844,0.0,-0.016284093547707518,0.002312415808428671,0.03658790188132953,-64.56878315597713,0,-9.543937897074246,-0.032669808974382875,-129.10755339737844,0.04011475456262144,0.014851679872110245
2026-09-19 11:31:00,13.201650722568067,25.972365657216024,-4.5893918126193505,133.93595121572184,0.0,-0.011401506783693076,-0.019317432685101936,0.04709628155984067,-64.58932358554453,0,0.31014148063191627,-0.27669733655624285,-133.93595121572184,0.05216528825997065,0.015108758548306945
2026-09-19 11:32:00,12.446118922078218,25.85010181726039,-4.896908885656726,130.96235717779805,0.0,0.023813992351100093,0.008530785800530858,0.057711919053297395,-63.48428766837947,0,-0.7555318004898481,-0.12226383995563239,-130.96235717779805,0.0630122697487334,0.015076925733301256
2026-09-19 11:33:00,13.349715383934802,25.90823082752591,-4.787473012179187,130.5821558308176,0.0,0.0039327548350049,0.029802871917669536,0.06413372924685207,-63.40795393965793,0,0.9035964618565835,0.05812901026551742,-130.5821558308176,0.07082946394151093,0.015368176380310499
2026-09-19 11:34:00,13.228434030682525,25.795202595571798,-4.808084220674391,126.1898167338639,0.0,0.006888898887011604,-0.0029711082980116476,0.047457843497119345,-62.19063368537664,0,-0.12128135325227696,-0.11302823195411094,-126.1898167338639,0.048047178083536354,0.01394265917975139
2026-09-19 11:35:00,12.610081467399718,25.658730715840964,-4.874460525659748,130.86086756290513,0.0,0.02362443268441202,0.0026030212397116915,0.0435005570469231,-63.47250526495233,0,-0.6183525632828069,-0.1364718797308342,-130.86086756290513,0.049570031295403834,0.014115544829639101
2026-09-19 11:36:00,12.503434560958686,25.760140611971803,-4.790115515196381,127.50413524751664,0.0,-0.0019228857584897895,0.04036193465670974,0.053204616215115824,-64.85484452462153,0,-0.10664690644103203,0.10140989613083917,-127.50413524751664,0.06680953858148157,0.012050959011142648
2026-09-19 11:37:00,12.464809767355833,25.553870893644078,-4.375274972102658,128.08515182041452,0.0,0.015083759220648066,-0.023752022347546937,0.03926456556476111,-63.06905817855017,0,-0.0386247936028532,-0.20626971832772512,-128.08515182041452,0.04830511843287705,0.011535249003009654
2026-09-19 11:38:00,12.37180699121614,25.54324656082694,-4.69514783814498,127.55387311505163,0.0,0.013677222278639838,0.02382470390361484,0.048267213517065734,-64.17874182051078,0,-0.09300277613969321,-0.010624332817137372,-127.55387311505163,0.05553743625750342,0.01108906868003241
2026-09-19 11:39:00,12.262457229628396,25.517894755999766,-4.503782548919017,126.80129520430232,0.0,-0.025729389871388248,0.02141715195824964,0.04991999951723719,-62.00075077441886,0,-0.1093497615877439,-0.025351804827174362,-126.80129520430232,0.06010575890010552,0.009607999603583321
2026-09-19 11:40:00,12.258882401540651,25.40915331776533,-4.946663902524178,136.37431420905088,0.0,0.02945967155259659,0.017086346783475665,0.04972016007329205,-63.97236349206193,0,-0.0035748280877445637,-0.1087414382344356,-136.37431420905088,0.060265328441035174,0.00801560092025821
2026-09-19 11:41:00,11.906326450657621,25.50830685130492,-5.039393666987035,133.99401718596522,0.0,-0.02840603560141389,0.025834957014652625,0.05088503473817882,-63.18762924278435,0,-0.3525559508830298,0.09915353353958878,-133.99401718596522,0.06374664401239807,0.008001486282240705
2026-09-19 11:42:00,12.107960024164445,25.649264495650247,-4.8822708884354995,135.7611025064328,0.0,0.01834733298955696,0.0056114993191723785,0.041654851444278586,-62.481823598323764,0,0.20163357350682354,0.14095764434532754,-135.7611025064328,0.04586109681727722,0.008758450066160842
2026-09-19 11:43:00,11.8264515235415,25.57418987182031,-4.392012010103471,126.3313149413333,0.0,-0.030341460738112655,-0.011658589911985349,0.04273007007381583,-60.51576146915719,0,-0.2815085006229445,-0.07507462382993779,-126.3313149413333,0.05368785567492419,0.007284416242380181
2026-09-19 11:44:00,11.379608731700438,25.563879021591536,-4.892043351713409,130.21376124973267,0.0,0.012024735763033464,0.02189146582441135,0.0425288373896738,-63.09323197603322,0,-0.44684279184106224,-0.010310850228773205,-130.21376124973267,0.04932071122590856,0.0071555865591388336
2026-09-19 11:45:00,11.833209429414776,25.586512585225588,-4.342444482010428,126.11947712438771,0.0,0.03723829756300345,0.022656844234257897,0.03379905660804943,-61.98924676217991,0,0.45360069771433764,0.022633563634052223,-126.11947712438771,0.05515795159032236,0.006869034917756832
2026-09-19 11:46:00,10.898696904767743,25.688343419130366,-4.738262590310139,127.9129153684088,0.0,-0.004259573131004226,0.022106278029865756,0.05341830321846106,-61.42379486935688,0,-0.9345125246470332,0.10183083390477776,-127.9129153684088,0.057968496705810356,0.005790210534679075
2026-09-19 11:47:00,11.15510515806619,25.793218004259195,-4.641083179848506,127.24561904975027,0.0,-0.005127112857062926,0.0008900416463847296,0.05894657451692005,-60.54262569843141,0,0.2564082532984475,0.10487458512882952,-127.24561904975027,0.05917582367538425,0.0054019798841399005
2026-09-19 11:48:00,11.353041877721886,25.85228724378859,-4.669533090373872,133.71875201932468,0.0,0.012208799986336985,-0.014323890272266531,0.05796310082853536,-61.29244237109452,0,0.19793671965569537,0.059069239529396356,-133.71875201932468,0.060942183151715776,0.005607816998608604
2026-09-19 11:49:00,10.730419532432773,25.841111421570794,-4.733091194504424,128.81131096569473,0.0,-0.00658792911925086,0.003827245082232223,0.04737503139539245,-61.04021484654851,0,-0.6226223452891126,-0.01117582221779756,-128.81131096569473,0.047983770326165125,0.006063052111121077
2026-09-19 11:50:00,10.929259714311804,25.999154680492058,-4.749811385314329,133.20513800108205,0.0,0.03636557407485643,0.018844600351356714,0.041889947605361126,-61.35358983199553,0,0.19884018187903152,0.15804325892126414,-133.20513800108205,0.05858618993052991,0.005935587001915331
2026-09-19 11:51:00,10.893616127214445,26.11608275522486,-4.770522546784959,131.81236266876556,0.0,0.003843844989173914,0.02048703579719931,0.0574431464236269,-63.53010393732891,0,-0.035643587097359486,0.11692807473280098,-131.81236266876556,0.0611081733576022,0.005562506063741021
2026-09-19 11:52:00,10.372317940791918,26.077364634840585,-4.8638019792418925,136.91091625631438,0.0,-0.006403390164414515,-0.0085935225414919,0.05638923022374552,-62.08296647166436,0,-0.521298186422527,-0.03871812038427436,-136.91091625631438,0.057398582913652366,0.004568915873491705
2026-09-19 11:53:00,10.514677161679682,26.312996945451406,-4.960493082911158,125.56166733058083,0.0,-0.010805710557913665,0.006307457922547801,0.05217420642436296,-61.733424274299516,0,0.14235922088776398,0.23563231061082135,-125.56166733058083,0.053653473532644234,0.004570972800087629
2026-09-19 11:54:00,10.401917093916737,26.205703016688958,-5.143711353018773,133.77769971936038,0.0,-0.018658969403460412,-0.026175566089719122,0.06744311252423274,-63.694793526644105,0,-0.11276006776294523,-0.10729392876244859,-133.77769971936038,0.07471205275103104,0.006851779662070927
2026-09-19 11:55:00,10.202686018846446,26.602757766621345,-4.642496692047853,133.4393226112022,0.0,-0.012555099735149794,0.019699002060117023,0.049735744786329375,-63.48995833396946,0,-0.1992310750702906,0.3970547499323871,-133.4393226112022,0.0549483896122074,0.00686401980977653
2026-09-19 11:56:00,10.985298687416861,26.75963173725964,-4.331130271938722,127.07986348591889,0.0,-0.0070134678731719295,-0.01566617513450127,0.04743110016075112,-63.89980008686155,0,0.7826126685704153,0.15687397063829422,-127.07986348591889,0.05044132271671794,0.007342801405984696
2026-09-19 11:57:00,10.00002906008372,26.913249164044252,-4.932861626757,133.02140000941947,0.0,-0.009752781469971602,0.015705107191430947,0.046001826689254,-62.52360449416588,0,-0.9852696273331407,0.15361742678461354,-133.02140000941947,0.049577567478079426,0.007771579573799647
2026-09-19 11:58:00,10.472473158389764,26.949047320688916,-4.727678345044181,131.0084348890787,0.0,-0.013163505482742078,-0.022986091547803237,0.03439122293519193,-63.57695319697778,0,0.4724440983060436,0.03579815664466324,-131.0084348890787,0.04340961294709092,0.008690496081456934
2026-09-19 11:59:00,10.00331277413743,27.17400780357841,-4.559540835853102,129.31757122013977,0.0,0.04197682460704879,0.020628318128680156,0.05661339964142293,-64.05031995991196,0,-0.46916038425233353,0.2249604828894931,-129.31757122013977,0.07343472156867238,0.009979418496322279
2026-09-19 12:00:00,21.674009143334416,28.142395384554117,2.0346224488567453,127.528193539084,180.61560353778412,-0.020601901529789798,0.006436703800455409,0.048945146328422236,-63.28166991665299,0,11.670696369196985,0.9683875809757083,53.087409998700124,0.05349296076652158,0.010060340245580902
2026-09-19 12:01:00,22.230760950029232,28.307920202137606,1.3707261790766367,127.84267164565244,177.57799738115503,0.0029326517529234953,-0.015627153912338924,0.055099312413567955,-62.077804893092114,0,0.556751806694816,0.16552481758348847,49.735325735502585,0.05734755979247782,0.00996862168575614
2026-09-19 12:02:00,22.594061681903565,28.32942928663313,1.363537885475089,136.1494362873578,179.2903224637392,0.01185042019521744,0.013827127621610508,0.06841878002091241,-62.609158660295975,0,0.3633007318743324,0.021509084495523467,43.1408861763814,0.07080078655366426,0.010908441499932588
2026-09-19 12:03:00,22.8739054024141,28.51060529006061,1.8777584739509674,130.00204845687244,184.44173025465884,0.012602159911674654,-0.011807233836106615,0.04609248230095383,-61.8499231696039,0,0.2798437205105344,0.1811760034274812,54.43968179778639,0.049221358473366644,0.011199040970115736
2026-09-19 12:04:00,23.263356856376767,28.76988459233228,1.9938253356882105,132.34639000459438,184.2359142993424,-0.00117214151564944,0.014991100748902567,0.02661991283208449,-63.30809635970124,0,0.38945145396266767,0.2592793022716684,51.889524294748014,0.030573301695829853,0.01239982976443462
2026-09-19 12:05:00,23.87318972399862,28.667906540464163,2.5282213416849895,127.62730185499734,184.42628871333667,-0.004814051436946192,-0.005482229507614429,0.054810703695107724,-62.07876454071231,0,0.6098328676218543,-0.10197805186811593,56.79898685833933,0.05529415132873112,0.012405341049216102
2026-09-19 12:06:00,23.257235087772038,28.941238281503924,2.0266435488789867,127.66044116133509,185.68329260008113,0.00903094982479013,-0.034420942512593256,0.05166859389892676,-62.8062030848277,0,-0.6159546362265829,0.27333174103976177,58.022851438746045,0.06273757194604632,0.012690106178397735
2026-09-19 12:07:00,23.17266357767419,29.258336746943677,1.643296859556003,133.24595442774984,187.13734028310026,0.005330432999564014,-0.019648324809618742,0.0426754612402868,-63.74540314624017,0,-0.0845715100978488,0.3170984654397522,53.89138585535042,0.04728282114952894,0.012810968277111808
2026-09-19 12:08:00,23.69353566727307,29.36853643149673,2.228409693405656,125.9512713653454,186.0940415483765,-0.0051791766953502676,-0.008608294173745687,0.05397266335621498,-63.9696222555473,0,0.5208720895988819,0.11019968455305218,60.142770183031104,0.05489968114285104,0.012221466222456883
2026-09-19 12:09:00,23.65999825132297,29.44853256125258,2.318567048950501,128.75435869628419,186.27665964547023,-0.031237571434488617,0.02736378047497156,0.05786096320104375,-63.98195378140124,0,-0.03353741595010007,0.0799961297558518,57.52230094918605,0.07122115846825122,0.011875868726129469
2026-09-19 12:10:00,24.19549199337248,29.39534126714128,2.1181856143765296,130.1020822332167,188.80640035827432,-0.00935847444666495,0.0180228726105845,0.04053390089788453,-63.18916232519137,0,0.5354937420495105,-0.053191294111300635,58.704318125057625,0.04533654269025994,0.012285804069477385
2026-09-19 12:11:00,23.701599626812918,29.66838357732205,1.840856370964289,130.33411780552015,186.95532804538428,-0.022931003274149157,0.03247722824644284,0.04698668138596618,-63.05359819123236,0,-0.4938923665595638,0.2730423101807702,56.621210239864126,0.061549569400580574,0.012465644115111552
2026-09-19 12:12:00,24.969070256300274,29.734398687623813,2.3585336535156354,129.46272014495153,190.13689637110122,-0.013343191001326532,0.03307270432059716,0.06476753729848927,-63.109269450018395,0,1.267470629487356,0.06601511030176255,60.67417622614968,0.07393698942266129,0.012940766858894228
2026-09-19 12:13:00,24.677560051376812,29.93854207256632,2.098528955928561,131.18745934328777,186.23041464569624,0.0006644647703391891,-0.0106950160918183,0.04278377808770635,-63.2872894069521,0,-0.2915102049234619,0.20414338494250828,55.04295530240847,0.044105289366394324,0.013299776250115967
2026-09-19 12:14:00,24.071669543611915,29.92808599075654,1.9317210206995346,132.07856726745342,191.9128085745359,0.007174722879932324,-0.0037697371951765884,0.05066669755413786,-64.57886722165013,0,-0.6058905077648973,-0.010456081809781637,59.834241307082465,0.05131083519069828,0.010427536980963535
2026-09-19 12:15:00,24.513846369398845,30.001105122522283,2.173293416167176,132.203912636378,190.9201448308666,0.03560905502584812,-0.008225598486610768,0.023755888339561156,-62.99563000471902,0,0.4421768257869303,0.0730191317657436,58.71623219448861,0.0435890754788228,0.011236844511321398
2026-09-19 12:16:00,25.114248676832275,29.9825015217567,2.466067646569141,127.04258857399653,190.5077954990428,-0.010748127578076276,-0.01343021210602153,0.035181544989187054,-64.73651280609919,0,0.6004023074334306,-0.01860360076558365,63.465206925046274,0.03916163877410551,0.012018267315915767
2026-09-19 12:17:00,25.358024837412607,30.386753872491123,2.476895700161854,129.1475347062136,191.88203007241572,0.015492512705503012,-0.03682989418672917,0.051575174973328,-64.08928983464057,0,0.2437761605803317,0.4042523507344242,62.73449536620211,0.06524153377462273,0.012366033334731774
2026-09-19 12:18:00,24.751636350340345,30.29012066377376,2.1111793696551184,133.58428858563082,193.0694251977071,0.006119200488756731,-0.0002949543603368482,0.062279878095856014,-64.95194382849071,0,-0.6063884870722624,-0.09663320871736403,59.485136612076275,0.06258046682736529,0.012593127672914515
2026-09-19 12:19:00,25.46756977428738,30.40098444935246,2.0286626623423065,132.68394156272163,191.4917410069104,0.025919953412795797,-0.025711311874222213,0.036379703179989994,-64.6619888026584,0,0.7159334239470354,0.11086378557870091,58.80779944418876,0.05154025947430997,0.011396936960645407
2026-09-19 12:20:00,24.78168197743301,30.429620941760863,2.371519198703279,125.88142164555681,185.41122580559355,0.01152457439191252,-0.000683437630686548,0.050745640620604965,-65.50149871018805,0,-0.6858877968543702,0.028636492408402603,59.52980416003673,0.05204231877909896,0.011032788424135066
2026-09-19 12:21:00,25.442892142734753,30.3568809316751,1.7229143291167066,131.0544397010566,186.07293973301734,-0.020169628545726327,0.04231541619125969,0.046242820909462835,-65.1411032903739,0,0.6612101653017426,-0.07274001008576292,55.01850003196074,0.06584684387863061,0.01141470657629881
2026-09-19 12:22:00,25.898443492876705,30.36055201869282,2.3295016664316646,124.06532425187557,186.83532688280454,-0.034460920585824624,-0.01018690192661417,0.05953088054992494,-65.78598324873683,0,0.4555513501419526,0.003671087017721675,62.77000263092897,0.06953598893763141,0.010660627213773232
2026-09-19 12:23:00,25.48560104201119,30.397714347723525,1.7748671572416765,130.14080470618111,187.50923422218887,0.006225233993350097,0.003895480112561345,0.03782196694677415,-65.20320624297709,0,-0.4128424508655151,0.03716232903070349,57.36842951600775,0.03852829463267481,0.01138578451165746
2026-09-19 12:24:00,25.2760796541275,30.426617163720824,2.0736698543166288,135.69330105023792,187.78994984644976,-0.010569019958007814,0.018132967716185663,0.05430077648367486,-67.06712555285263,0,-0.20952138788369012,0.028902815997298603,52.09664879621184,0.05821583141894493,0.011418107158493451
2026-09-19 12:25:00,25.839802916335614,30.52518051908079,1.9975663242541815,127.15632184819304,184.53323381473263,-0.019606274919011946,0.005605825839318139,0.04346309313003743,-68.24106083182542,0,0.5637232622081143,0.09856335535996763,57.37691196653958,0.04800908001587774,0.01102197377039637
2026-09-19 12:26:00,25.672817081678126,30.387478022105768,2.326270803688192,127.49703086352525,185.5285472471688,-0.025351554090661553,0.005849683758845917,0.052230380248264756,-67.65704535776132,0,-0.1669858346574884,-0.1377024969750238,58.03151638364355,0.05835180130697397,0.009511481487056793
2026-09-19 12:27:00,26.091760941126388,30.60926814035495,1.9008162510179998,132.2920893447186,182.76303293763164,0.0032195099517431103,-0.0072480486737616,0.05068931052308473,-65.8156024529302,0,0.4189438594482624,0.2217901182491815,50.470943592913045,0.05130600018723248,0.009183279046309225
2026-09-19 12:28:00,25.67620099028842,30.494086947300232,1.7823291840306168,125.37159545437106,182.12684589557514,0.0301541539862673,-0.004637559501224652,0.047482209258573826,-67.22683323913736,0,-0.4155599508379666,-0.11518119305471686,56.75525044120408,0.056438817819209446,0.008864067792419415
2026-09-19 12:29:00,25.739060897254426,30.418336181718963,2.123405410276109,128.10173491034487,179.57917109844337,-0.008173446914120834,-0.019200210443756565,0.05477811846269385,-67.15358320628494,0,0.06285990696600408,-0.07575076558126881,51.477436188098494,0.0586182188219278,0.008841309495276502
2026-09-19 12:30:00,25.383679250153342,30.261277676816892,2.016513702415245,131.78932341274526,179.56473358837684,0.011805406221506444,0.01692090017778815,0.050436527343029613,-68.45706746068718,0,-0.35538164710108333,-0.1570585049020714,47.77541017563158,0.05449337362749372,0.008762595298038375
2026-09-19 12:31:00,26.050118470072874,30.350315417615953,1.9484321183830027,128.09714245693178,177.71243741310025,-0.0020453270043518505,-0.03482983313228192,0.048671936979233055,-67.47898163092323,0,0.6664392199195319,0.08903774079906057,49.61529495616847,0.05988537457416267,0.008197884082500972
2026-09-19 12:32:00,25.95002293068304,30.092961344302754,1.568126070614272,129.2920900383671,177.46451205976953,-0.02578764178206786,0.019421766767644046,0.04643583465977257,-68.69079234871182,0,-0.10009553938983373,-0.2573540733131985,48.17242202140244,0.0565552317085409,0.006565090411424594
2026-09-19 12:33:00,25.630944712593653,30.01811486813355,1.6636996920155926,132.2325571309451,180.5298266517832,0.014696226870208346,-0.02807396769490485,0.05077598389745337,-68.64868841095014,0,-0.31907821808938763,-0.0748464761692027,48.297269520838086,0.05985254620406419,0.0038815145371099867
2026-09-19 12:34:00,26.024798855940002,29.935737598935063,1.6105551917475134,131.2646382506097,175.54579120206782,-0.021893840880547428,0.019252145481533044,0.05222043548146072,-68.26107309153733,0,0.39385414334634916,-0.08237726919848853,44.281152951458125,0.059807685593226606,0.004005287627538068
2026-09-19 12:35:00,26.24406487768899,29.877897008400147,1.679132086701297,130.80045518888622,181.75693185277856,0.0004325326118712941,-0.007076350524243622,0.04010857919919379,-67.47933459371984,0,0.21926602174898946,-0.05784059053491575,50.956476663892346,0.04073033202148365,0.005899352768355421
2026-09-19 12:36:00,25.830720140487095,29.752348759278174,2.0377121075863336,128.98263316218987,176.56143136881326,-0.006830408300106104,-0.024637373762661605,0.04650528762082624,-67.41812990915882,0,-0.41334473720189635,-0.12554824912197304,47.57879820662339,0.05306973186443492,0.005862334498617765
2026-09-19 12:37:00,25.925550896847792,29.514586303387013,1.59890556193442,131.11018334580686,175.0713108383048,0.017861548691313837,0.01158597290159273,0.039448140553688275,-67.41586531933456,0,0.09483075636069671,-0.2377624558911613,43.96112749249795,0.044826615786518635,0.006632729831330102
2026-09-19 12:38:00,25.867193725625206,29.375300248645523,0.978469803811017,129.62880195970072,172.1647055302104,-0.021163019849413735,0.018575350701515496,0.04960154577219215,-69.58714110525459,0,-0.058357171222585436,-0.1392860547414898,42.535903570509674,0.057037096751341096,0.006655544028608868
2026-09-19 12:39:00,25.35453991186179,29.35274372526887,1.608926210308419,131.37341682977734,174.52295816697824,0.007817398156039195,-0.008761572962070738,0.044076677951459725,-67.9890535286319,0,-0.5126538137634178,-0.022556523376653814,43.1495413372009,0.04561392785034446,0.007019305302021007
2026-09-19 12:40:00,26.254165453515007,29.21470522497865,1.4579219302722186,128.50920392464607,171.28069939444515,-0.016795948146974018,0.014412210973578664,0.05770783147981256,-68.14180384751597,0,0.8996255416532186,-0.13803850029021802,42.77149546979908,0.061806225523042796,0.00753266720009665
2026-09-19 12:41:00,25.408194525496818,28.953195665682088,1.5067630974114987,129.45229307686137,172.06124851864664,-0.010222104246575704,-0.04570168989338701,0.0567272697775669,-69.41939770698511,0,-0.8459709280181897,-0.26150955929656305,42.60895544178527,0.07356030866408887,0.009673371148307186
2026-09-19 12:42:00,25.649672327153574,28.67875156842192,1.6896434386306374,127.03012662234396,176.40441135240172,-0.07270400455080205,-0.02641192579493201,0.040772514364356305,-67.79338629515019,0,0.2414778016567567,-0.2744440972601687,49.37428473005777,0.08744060858383639,0.014059737941704866
2026-09-19 12:43:00,25.578359746362704,28.657957650804885,1.6168108427168681,129.8949771699813,170.64622083305616,0.041841971432358176,0.025848178609374578,0.04997692654601525,-67.96245382357436,0,-0.07131258079087033,-0.020793917617034197,40.75124366307486,0.07011827221027492,0.014546014991253318
2026-09-19 12:44:00,25.192107077143636,28.579245445609793,1.83877785944506,127.56699740911347,172.7825259136762,0.011011138656524637,-0.004473385483958323,0.05638516579248364,-67.08433485669083,0,-0.3862526692190684,-0.07871220519509237,45.21552850456274,0.057624155296604286,0.014555618709269684
2026-09-19 12:45:00,25.294331295069576,28.533341704791646,1.562342251151132,126.65786064951402,168.81834597309725,-0.01534694971876329,-0.03724426652897695,0.04824691679835971,-67.38043099577888,0,0.10222421792594005,-0.0459037408181473,42.16048532358323,0.0628524401714012,0.013041947074150352
2026-09-19 12:46:00,25.056566615251796,28.06734395890325,1.3327495318261284,130.77598344356616,169.99311298267145,-0.02249311376665988,-0.013977323608839874,0.04271782475194456,-67.85973104954299,0,-0.23776467981777927,-0.4659977458883944,39.21712953910529,0.050260504312272705,0.013269467180483078
2026-09-19 12:47:00,24.420601483995156,27.977990940600204,1.524023607897346,130.63821932757298,173.54236869563002,-0.009912975057586811,-0.018468009450501616,0.03907596471955205,-66.21734528142161,0,-0.6359651312566399,-0.0893530183030471,42.904149368057034,0.044342592011742295,0.013336194117238773
2026-09-19 12:48:00,24.602170911829575,27.815124285278515,1.3051984444305376,132.34862120484573,168.78441979606606,0.01433759069638903,-0.0033192346294584948,0.05854267561578363,-69.18216436336597,0,0.1815694278344182,-0.16286665532168954,36.43579859122033,0.06036413416721426,0.01326584114881207
2026-09-19 12:49:00,24.3672935378318,27.823710112328403,1.4500049812583131,128.7066232912747,173.80037098975055,-0.03784169851169851,-0.007415019676152948,0.0590271314828497,-66.8294094250154,0,-0.23487737399777586,0.008585827049888195,45.09374769847585,0.07050658773576868,0.012273241362323885
2026-09-19 12:50:00,24.255365064011986,27.520085942765423,1.5658608219917218,131.22415854051027,171.82626112427957,-0.0028316883858867624,0.0035786345787632164,0.04792052401125951,-68.3203578081458,0,-0.11192847381981252,-0.3036241695629798,40.602102583769295,0.048137321342974465,0.013252869196229696
2026-09-19 12:51:00,23.839533916214677,27.270414588995695,1.4478844257761345,131.652392716821,169.61691962493416,0.03541283744925347,-0.001389321032251494,0.057661375845266774,-67.2504557409475,0,-0.41583114779730934,-0.2496713537697275,37.96452690811316,0.0676818552753027,0.012832492316673558
2026-09-19 12:52:00,24.399935602309665,27.25742221947112,1.77580065857729,131.33432142349477,172.43026892090953,-0.022678926719356084,0.027194785100740373,0.020347894701146594,-65.58531624787827,0,0.5604016860949876,-0.012992369524575054,41.095947497414755,0.040840260437297944,0.010848183688155839
2026-09-19 12:53:00,24.368719961543555,27.00504162600488,1.8974769391084405,127.52303895159358,173.62243447701445,0.0016077007752730995,0.008490971994393382,0.06327554650709237,-67.1484901370353,0,-0.031215640766109942,-0.252380593466242,46.099395525420874,0.06386294773155711,0.010185277720563908
2026-09-19 12:54:00,24.00292041373484,26.771260164427076,1.4010037522698653,130.44809044681358,173.51597504887454,0.04406619630515515,0.009153432223871721,0.048430551947228215,-67.05610521699627,0,-0.36579954780871304,-0.23378146157780222,43.06788460206096,0.06611454711479656,0.010620342789705991
2026-09-19 12:55:00,23.90780273545347,26.657530047801522,1.5466213326286211,131.09242088816399,169.80414730451517,0.012643032593815455,0.023303142477890434,0.051417765607994895,-63.00414811825466,0,-0.09511767828137252,-0.11373011662555399,38.71172641635118,0.05785040486143415,0.010456579194770214
2026-09-19 12:56:00,23.236562149521173,26.778887743159057,1.317363747270507,130.02153540072382,172.23305926962706,0.002518476409709103,-0.007775375008591635,0.04679482276334031,-66.4964082056359,0,-0.6712405859322956,0.12135769535753482,42.21152386890324,0.04750320639075772,0.010687724174150535
2026-09-19 12:57:00,22.959034998874365,26.50877619480815,1.9340985729750944,123.74056702488674,173.99810730292063,0.010132729098180056,-0.025237548867169703,0.06395707481867506,-63.2366726382481,0,-0.277527150646808,-0.2701115483509078,50.257540278033886,0.06949901791508627,0.010407508614961238
2026-09-19 12:58:00,22.723421202812418,26.352798906564626,1.4939501058101896,130.48146887192044,175.20511134766235,-0.008017306700194047,0.024139406492644983,0.03939268376044466,-64.81025301798189,0,-0.23561379606194777,-0.1559772882435233,44.72364247574191,0.04689106190301653,0.011094639971780543
2026-09-19 12:59:00,22.954910066331273,26.196067214144804,1.254813084918,136.63759311819172,177.502577546799,0.0259926257060688,0.0027168349621622496,0.06474460326606836,-64.91624936839266,0,0.23148886351885523,-0.15673169241982166,40.86498442860727,0.06982020792999692,0.011009702956449915
2026-09-19 13:00:00,13.375406157670469,26.137208645942057,-4.5482724383794135,128.91988219372905,0.0,-0.007986600458004239,0.002787024157978569,0.053962709209451114,-63.58222705302211,0,-9.579503908660804,-0.05885856820274782,-128.91988219372905,0.05462167404754938,0.01055773173794612
2026-09-19 13:01:00,13.180384451228116,26.03136033299693,-5.099762308003473,127.81576870643404,0.0,-0.03918363217471954,-0.012666598430604728,0.056226642159181585,-62.57591877445372,0,-0.19502170644235228,-0.10584831294512753,-127.81576870643404,0.06969386655009586,0.010769861966453721
2026-09-19 13:02:00,13.483012116408336,25.936767370622754,-5.033053889135838,131.1200456791342,0.0,-0.007826062078809197,-0.012337106662071549,0.04670795436671084,-64.82962782323625,0,0.30262766518021955,-0.09459296237417547,-131.1200456791342,0.04893960001446117,0.009511017154131664
2026-09-19 13:03:00,13.102004048826002,25.832545077993803,-4.711824613590561,130.93713463139972,0.0,-0.01933469059753407,0.016934446775416872,0.036917808021036294,-63.973993358003014,0,-0.38100806758233396,-0.10422229262895044,-130.93713463139972,0.04498366700447943,0.010378464111336735
2026-09-19 13:04:00,12.610622180777717,25.831131073009384,-4.7541618429676475,133.57820549624924,0.0,-0.005623880243948586,0.019693115962752205,0.05930510765536102,-62.40771979573823,0,-0.49138186804828443,-0.001414004984418682,-133.57820549624924,0.06274187309392859,0.010122366290622154
2026-09-19 13:05:00,12.535813985184367,25.679774181423166,-4.581949308755685,126.22639553227333,0.0,-0.005181681181612618,0.01567646811493317,0.05311408351189331,-62.76955507339252,0,-0.07480819559335039,-0.151356891586218,-126.22639553227333,0.055621105164629474,0.010132326731112301
2026-09-19 13:06:00,12.819263729733082,25.523200931720943,-5.037106572519412,132.19414075772497,0.0,0.023948463996098148,0.0158592321089095,0.06361623458308818,-61.77207284648484,0,0.2834497445487152,-0.1565732497022232,-132.19414075772497,0.06980021112709603,0.010255140276961804
2026-09-19 13:07:00,12.799033865697414,25.513853035537984,-4.8696950178475005,131.7712661837544,0.0,0.013905854533287711,0.011380590745195178,0.04806223679784302,-62.19007542565508,0,-0.0202298640356684,-0.009347896182958948,-131.7712661837544,0.05131149229970335,0.009842190828485826
2026-09-19 13:08:00,12.521704865761045,25.34206732772239,-4.549385291308892,129.57356038917837,0.0,0.0052653097515079315,0.0026304546015631313,0.045807686211010855,-60.74408705244505,0,-0.27732899993636906,-0.17178570781559444,-129.57356038917837,0.04618427106923571,0.00992854116007363
2026-09-19 13:09:00,12.793371678231734,25.71845420252058,-4.562788715651652,131.01606195376507,0.0,-5.890822665190231e-05,-0.003507593686419612,0.06388088236640302,-62.23783414968179,0,0.2716668124706896,0.37638687479818955,-131.01606195376507,0.06397713509964634,0.009264248910244582
2026-09-19 13:10:00,12.581914919196587,25.588888166450445,-4.75640078226187,133.08837244479508,0.0,-0.021177160177159888,0.024206476998831064,0.06911894164497445,-62.07665441538218,0,-0.2114567590351477,-0.12956603607013406,-133.08837244479508,0.076235514925692,0.011051676059098
2026-09-19 13:11:00,12.090425107015394,25.417541262843358,-4.504952748795651,132.61694614008536,0.0,-0.04362350475331355,-0.007474417409808673,0.050093471763657305,-61.87753680835444,0,-0.49148981218119303,-0.1713469036070876,-132.61694614008536,0.06684484270244603,0.010777216990365103
2026-09-19 13:12:00,11.573427835276657,25.481403992970687,-4.440911383300254,126.57094206377882,0.0,0.0022632002278556635,0.007399584277614939,0.042472425031428944,-62.26197799177546,0,-0.5169972717387363,0.06386273012732957,-126.57094206377882,0.043171550942759096,0.011486515314143747
2026-09-19 13:13:00,11.299670936884379,25.466005392862048,-4.880222365086873,132.46047456026645,0.0,0.015892824071473178,-0.01608025995908493,0.058105307627895494,-61.21162491511741,0,-0.27375689839227846,-0.01539860010863947,-132.46047456026645,0.062348884447525746,0.01056075426159022
2026-09-19 13:14:00,11.445483241957815,25.715027400089056,-4.6920266315716965,129.80593418490244,0.0,-0.0021666776648917837,-0.01318598073700901,0.04745979433829326,-61.78330063645528,0,0.14581230507343612,0.2490220072270084,-129.80593418490244,0.049305138258942206,0.01099411599002202
2026-09-19 13:15:00,11.658639662998393,25.46070159691506,-4.931238313371805,130.21862229404655,0.0,-0.010697086455734006,-0.00472309135714453,0.055992628254007984,-61.213471736181354,0,0.21315642104057808,-0.25432580317399456,-130.21862229404655,0.057200608995017825,0.01095977143878672
2026-09-19 13:16:00,11.85416812439807,25.666704322171608,-4.672327475685608,130.2195909730051,0.0,0.00929004330428425,-0.01607876753454327,0.04740724025621247,-61.05927159268998,0,0.19552846139967706,0.20600272525654617,-130.2195909730051,0.05091441935970214,0.0104373230657175
2026-09-19 13:17:00,11.307989011635872,25.70738855715379,-4.404339555927347,129.5492710336052,0.0,-0.00166664401248694,0.01595703650956601,0.06564014018211814,-61.598231570091784,0,-0.5461791127621982,0.040684234982183654,-129.5492710336052,0.06757242573387535,0.010757762710148005
2026-09-19 13:18:00,11.413583495668616,25.87404722377053,-4.633482072033563,133.5751224913212,0.0,0.03371488383947923,-0.02696068503090059,0.04300510494949301,-61.56852079858174,0,0.10559448403274452,0.1666586666167369,-133.5751224913212,0.06093448105434158,0.009875509514086563
2026-09-19 13:19:00,10.873749218050076,25.863896984980524,-4.353485496260903,129.74884612045236,0.0,0.024654566841365688,0.0019845924676214583,0.0548052966252196,-63.1444515857775,0,-0.5398342776185405,-0.010150238790004096,-129.74884612045236,0.06012825302281961,0.009771260778467012
2026-09-19 13:20:00,11.023223757849923,25.790855633415504,-4.583482820718745,126.6413616148505,0.0,0.01919016114046659,0.002650161936843624,0.04511298029767877,-62.76825047866689,0,0.14947453979984715,-0.07304135156502056,-126.6413616148505,0.04909650327902509,0.008245766644494501
2026-09-19 13:21:00,10.977621296957881,26.042976997645788,-4.331473270814677,128.81941043209082,0.0,0.015154682284198076,-0.036215991566393615,0.04718493438579231,-61.47759751294204,0,-0.04560246089204156,0.252121364230284,-128.81941043209082,0.06138143427180246,0.007663130723970139
2026-09-19 13:22:00,10.036596818430532,26.08086791179895,-4.700663850662146,130.53608415043144,0.0,-0.02580334828902914,-0.008820476410472174,0.04587944345239424,-61.0190273941629,0,-0.9410244785273498,0.037890914153162925,-130.53608415043144,0.053371686487632,0.006291592275459972
2026-09-19 13:23:00,10.412388836844938,26.304131845988692,-4.48024171037499,133.68764435289114,0.0,0.013259874041051993,0.005113990760962854,0.057386080660934154,-64.5225154519801,0,0.37579201841440657,0.22326393418974178,-133.68764435289114,0.0591197041155571,0.006078675187001008
2026-09-19 13:24:00,10.733778358262862,26.56525110897123,-4.711845780018657,131.8092840548465,0.0,0.007526519152931505,0.008574559865881362,0.05918363114933871,-63.3061563842215,0,0.3213895214179239,0.26111926298253607,-131.8092840548465,0.06027332547216889,0.0055193179113154885
2026-09-19 13:25:00,10.450547875087103,26.380561871216,-4.410282088230533,127.44839416375886,0.0,0.012128494567823268,-0.004086144172003317,0.055577388289323716,-62.88657785483078,0,-0.2832304831757586,-0.18468923775522939,-127.44839416375886,0.05703194757097439,0.005522286616285954
2026-09-19 13:26:00,9.935841717356348,26.61357515826338,-4.6141050182107675,137.4555697500367,0.0,0.009852189736261051,0.013537764089614308,0.0489201653325473,-63.97588225381518,0,-0.514706157730755,0.2330132870473811,-137.4555697500367,0.05170608547655779,0.005414321716367478
2026-09-19 13:27:00,9.499924253399156,26.78322525608726,-4.709911451892453,130.79432593293393,0.0,0.009055251756961312,-0.0021863251447208163,0.05140180031001593,-64.1187471243156,0,-0.43591746395719255,0.16965009782387952,-130.79432593293393,0.052239091465406846,0.0045187034961031
2026-09-19 13:28:00,10.061259846578798,26.95038889636455,-4.735828352991059,133.82617221399704,0.0,0.054017329390991894,0.0002730582415011346,0.05897721568459425,-63.03275220285485,0,0.561335593179642,0.16716364027729114,-133.82617221399704,0.07997661161392947,0.008678956681376838
2026-09-19 13:29:00,10.09967737133361,27.21711568648653,-4.368829339932608,129.5448566992683,0.0,-0.0015237133990383808,0.005033077379731073,0.05929311587207606,-62.148098096405434,0,0.03841752475481286,0.26672679012197875,-129.5448566992683,0.059525852872950986,0.008667962161206057
2026-09-19 13:30:00,21.734823115051498,27.98264555824386,1.6886200449840205,131.60007773411635,179.62625671167729,0.018726747616586607,0.018539992574683375,0.023097243686464652,-64.03182355632214,0,11.635145743717887,0.7655298717573302,48.02617897756093,0.03504147637980709,0.011129203481254256
2026-09-19 13:31:00,22.24284215819111,28.208123509880526,1.435838205511793,132.51840551355522,180.11887204991993,-0.009419796205280065,-0.013514360048310638,0.047277778282273045,-62.180886788880024,0,0.5080190431396119,0.22547795163666606,47.600466536364706,0.050065545112104315,0.011205475569863073
2026-09-19 13:32:00,22.55124969075718,28.269769252182606,2.258103730252528,133.65458413526278,184.88064907665807,0.01581283167775344,-0.00973643745036595,0.04775741208560515,-61.57828996352084,0,0.308407532566072,0.061645742302079753,51.22606494139529,0.05124074813083973,0.011277558133236436
2026-09-19 13:33:00,22.798958681112268,28.51966576152945,1.6980544894004963,133.17210491613469,183.34831161963655,0.018786397804649108,-0.013377929834584294,0.05669252564126162,-61.31304876266782,0,0.2477089903550862,0.2498965093468435,50.17620670350186,0.0612040865687798,0.011368284276692451
2026-09-19 13:34:00,22.087901645700548,28.73657324094661,1.9367969781091101,132.61659100021893,185.95787250202378,0.007288521542706958,-0.006643954322838667,0.049332291822892546,-61.846001817986746,0,-0.71105703541172,0.21690747941715927,53.34128150180484,0.05030844553175441,0.011372310591229761
2026-09-19 13:35:00,22.595330307675656,28.744756787016673,2.115786863659883,129.05473980641767,181.8231346399681,0.03338493884753,0.028524685161595294,0.05719183380949287,-60.49526825028239,0,0.5074286619751085,0.008183546070064551,52.76839483355042,0.07210490732199927,0.012625807862868061
2026-09-19 13:36:00,23.090694032138938,29.051681667752277,1.9460070546665111,128.28476187413182,186.18052526568886,-0.017685520727208352,0.011454506386596444,0.039213392289694476,-62.33834572100309,0,0.4953637244632816,0.306924880735604,57.89576339155704,0.044515991450472775,0.013114377039012205
2026-09-19 13:37:00,23.543243169133046,29.130016978262756,1.8421269863788299,130.9978225309726,188.22143846362377,-0.009744418833364443,-0.02262179490337684,0.052600545154607804,-61.18411343011293,0,0.4525491369941079,0.0783353105104787,57.22361593265117,0.05808198217702637,0.01307700377651322
2026-09-19 13:38:00,23.704443573299613,29.375562401376477,1.9985597690164978,132.7993842170232,187.33812888754608,0.004247601720469792,-0.012008939311773492,0.059002056534504944,-63.28870588801512,0,0.16120040416656778,0.24554542311372174,54.538744670522874,0.060361406702217554,0.010289391548607406
2026-09-19 13:39:00,23.881423120807924,29.39146419347989,1.8068272900152138,129.33183789767017,189.96422984640554,0.017616137069684443,0.007455344485528043,0.03525617130681852,-62.74695044678969,0,0.17697954750831002,0.01590179210341347,60.632391948735375,0.040111196215913796,0.010990046184382016
2026-09-19 13:40:00,23.802676771826132,29.58404897319055,1.8775836792955252,133.19551589714317,187.38013294787822,0.0035885904258986644,-0.01813015561865541,0.07513643468208903,-64.19547834354968,0,-0.07874634898179167,0.19258477971066057,54.184617050735056,0.07737612254912588,0.011730587273683975
2026-09-19 13:41:00,23.992458884529647,29.669313977458312,2.098040527310473,134.35785023645855,191.73076848098552,0.02571518073021132,-0.014506800816295138,0.061908859328665196,-62.27372918504687,0,0.18978211270351508,0.08526500426776096,57.37291824452697,0.06858880851339778,0.012053186447861018
2026-09-19 13:42:00,24.040071113053617,29.78376900104475,2.3269792586396467,127.25103724277974,193.91818710691078,-0.013233797419326388,0.026899193323482975,0.05001353302465642,-63.499535945036754,0,0.0476122285239704,0.11445502358643722,66.66714986413103,0.05830997754414144,0.011791804342409364
2026-09-19 13:43:00,24.65120386137591,29.93133122510717,1.8849050558157598,127.48923788861116,188.90990473329262,-0.02281156978977109,-0.012267512569463734,0.041715918927612325,-63.23702126216065,0,0.6111327483222944,0.14756222406241903,61.42066684468146,0.04910272368097998,0.012166457392482536
2026-09-19 13:44:00,24.30072411262889,30.06270140615852,2.4397147853050547,129.578874823284,188.96349225708306,0.006162566730730092,0.019093336320587736,0.048249148497262945,-64.133712591956,0,-0.3504797487470199,0.13137018105135212,59.384617433799065,0.05225431131756218,0.012046767698857815
2026-09-19 13:45:00,24.981565958650208,29.978720970827343,2.233524802779419,130.92283800456758,192.88171882027592,-0.0015436055222739266,0.02510646379061877,0.05083802359611341,-63.46760441115518,0,0.6808418460213161,-0.08398043533117772,61.95888081570834,0.05672055963437799,0.010993061441032122
2026-09-19 13:46:00,24.931780335039388,30.332351410406854,2.5979654722372634,128.42629895869885,193.15488032187648,0.0108572744071644,-0.014669241823379286,0.05440662556812048,-63.89685330623527,0,-0.04978562361081984,0.35363043957951135,64.72858136317763,0.05738595619953464,0.010149671327139127
2026-09-19 13:47:00,24.991608277024625,30.078607099938473,1.905647036164508,134.05660803660143,188.87092805021814,-0.0005480458173300788,-0.017799251131142828,0.06500660849460031,-65.53409102467151,0,0.05982794198523678,-0.253744310468381,54.81432001361671,0.06740157893564233,0.01059361210456084
2026-09-19 13:48:00,24.936294518576993,30.261616503944175,1.8820655354488076,131.27220058455535,188.89810267459023,-0.006800395812469141,-0.005522641729623302,0.04523901530557154,-65.7245558275799,0,-0.055313758447631756,0.18300940400570198,57.625902090034884,0.046079425568226876,0.01129352140398828
2026-09-19 13:49:00,24.846999460808256,30.375842963905715,2.1531608452807074,130.11834114472222,188.89943165915312,-0.0014987514344744698,-0.021772554413472502,0.05562709837572562,-65.06537876470279,0,-0.08929505776873725,0.11422645996153946,58.7810905144309,0.059755037070130045,0.009536932463677563
2026-09-19 13:50:00,25.171588112318172,30.47108035031688,2.125121211084136,125.69227142839442,186.40407324618826,0.0005769778958636989,0.002420677570054848,0.03707570837399887,-64.62759668663647,0,0.32458865150991656,0.09523738641116353,60.71180181779384,0.037159127207515144,0.00954581932339829
2026-09-19 13:51:00,25.3706908417886,30.621241577745288,1.9338133235018304,126.05255255071748,186.79478977352034,-0.006099625996966608,-0.0041130382370677294,0.04586399285674733,-63.67184261383463,0,0.19910272947042884,0.1501612274284092,60.742237222802856,0.046450278380287695,0.008639341505193214
2026-09-19 13:52:00,24.854122146771367,30.30062936101513,2.266587378680583,130.8430277508454,186.07668250469175,-0.004062640926468563,0.0072116003177260316,0.05376716847869359,-65.47560352219077,0,-0.5165686950172343,-0.32061221673015794,55.23365475384634,0.05440055731935349,0.008462107069650043
2026-09-19 13:53:00,25.591849214441684,30.447476447484277,2.101233236493466,123.6022131215355,185.92145699155893,-0.008071866739738203,0.027938869124656422,0.05691262491008805,-65.00951541113923,0,0.7377270676703169,0.14684708646914757,62.31924387002343,0.06391230174845174,0.009044141937708498
2026-09-19 13:54:00,26.005463554276705,30.286250658823835,1.5479235016768058,133.0379122289322,186.68526203073796,0.017133302397388132,0.016349699615406384,0.042467675233353805,-67.8612914444056,0,0.4136143398350214,-0.1612257886604418,53.647349801805746,0.048624748516367444,0.009200240428200694
2026-09-19 13:55:00,25.96610384905251,30.491682091770436,2.298762226478237,129.52553846688303,186.4531509061126,0.0038804200901159857,0.009784795508247126,0.04559208303988086,-64.45821364650087,0,-0.03935970522419652,0.20543143294660027,56.92761243922956,0.046791429975257016,0.00938267993852501
2026-09-19 13:56:00,25.70537097894632,30.49421814690783,1.6322381038038534,139.7292789087842,188.2560147038428,0.045135049443375326,-0.039320968259358366,0.06460556635583546,-66.07800172719803,0,-0.26073287010618884,0.0025360551373942997,48.526735795058585,0.0880749137795074,0.014612256221683615
2026-09-19 13:57:00,25.916974320831205,30.593698651412613,1.4981974346558886,136.92374875184834,182.2770907208607,0.003214091025569237,0.008867519642047503,0.061619086196280454,-66.934125379327,0,0.21160334188488505,0.09948050450478263,45.35334196901238,0.062336787448403076,0.014251268347677369
2026-09-19 13:58:00,25.77494954912724,30.403435319800263,1.64202510781739,129.45565279225744,185.3185262985122,-0.011017149406573236,0.034452553214090985,0.05208457217052367,-67.23697046670755,0,-0.14202477170396577,-0.19026333161234987,55.86287350625477,0.06341260649273942,0.01404996125336147
2026-09-19 13:59:00,26.015480184151066,30.44190273969663,2.2154571048652105,129.68098899240604,181.9645156036888,0.053413507497261294,-0.060210450326270336,0.027633548467792847,-68.3528452996905,0,0.240530635023827,0.03846741989636726,52.28352661128275,0.08509943661725447,0.01663234731298355
2026-09-19 14:00:00,26.452012293539426,30.33162727521811,1.4680156011040526,132.98674454200608,181.3122726612938,0.008272527554286707,0.013787650859512507,0.07511132547690008,-68.22471764236097,0,0.4365321093883594,-0.11027546447851932,48.325528119287725,0.07681305385972535,0.015358994842660595
2026-09-19 14:01:00,26.289684697544892,30.15536252434339,1.677973031102273,135.1095178297541,181.7654456086661,0.019802495737856335,-0.0031871714951292856,0.04980068438342755,-65.6340997239401,0,-0.16232759599453317,-0.17626475087472215,46.655927778912,0.05368803465060858,0.014613941312431024
2026-09-19 14:02:00,26.154532703873848,29.97386583273566,2.042699125040505,125.08591282769194,177.1708145225996,0.011842059664049831,-0.016995900060458893,0.04687432941978673,-68.65698414292514,0,-0.13515199367104458,-0.18149669160772675,52.08490169490767,0.051247417052049625,0.014883172033524855
2026-09-19 14:03:00,25.83959464010056,30.048741239378156,2.032432277564894,124.64087360393594,179.18736255093563,0.012460220585954973,0.016022571678239072,0.044776400741458854,-68.78117489376373,0,-0.3149380637732868,0.07487540664249437,54.54648894699969,0.04916203782996268,0.015606201914544211
2026-09-19 14:04:00,26.19164075969333,29.7695299432456,1.7610547737737388,128.13389558333685,177.7774933961578,0.010713081027049485,0.03419411801214661,0.05376367037199109,-68.56080989478902,0,0.3520461195927673,-0.279211296132555,49.64359781282096,0.06461068072376927,0.014823249093152276
2026-09-19 14:05:00,25.429880702083832,29.937235411612775,1.292840310542463,131.7482127495216,177.4770702511201,-0.022041691295521307,0.015504614576755074,0.0538658258917093,-69.12261260452327,0,-0.7617600576094965,0.16770546836717415,45.7288575015985,0.06023085942718007,0.013639179012306504
2026-09-19 14:06:00,25.819684478915512,29.672451741174196,1.4331447501088395,131.4906207715228,176.1531328548671,0.007350580951228239,-0.0074238390252305275,0.05950627873126513,-67.95467091495583,0,0.38980377683168044,-0.26478367043857887,44.662512083344296,0.060416402033190555,0.011116396910422198
2026-09-19 14:07:00,26.020214237848386,29.681616572382616,1.6948073713865501,133.20931436495155,179.61223887073683,-0.02649722607700478,-0.018869396488163128,0.04073937835650987,-66.90599970460715,0,0.2005297589328734,0.0091648312084196,46.40292450578528,0.05213304194537539,0.011610918698739236
2026-09-19 14:08:00,26.007326714963984,29.38057817717488,1.492744961258533,126.40090741490408,172.6059411220702,-0.0034872567282506852,0.0028925526757908756,0.04687505121858739,-68.60954931648226,0,-0.012887522884401648,-0.3010383952077369,46.20503370716611,0.047093505361314375,0.012456581409811188
2026-09-19 14:09:00,25.9168042070802,29.31563850819376,1.7909853236805846,123.05156841109337,172.06034449815664,-0.014512349131265746,0.017463385847631765,0.07030545723224202,-69.35571330800246,0,-0.09052250788378302,-0.06493966898111836,49.00877608706327,0.07388122521456739,0.01026173617916642
2026-09-19 14:10:00,25.725638914065637,29.164116452322997,1.515336232054627,132.57404258590643,171.1856939940712,0.007149403716974481,-0.007741060524674552,0.05224590633249992,-67.6531607011186,0,-0.19116529301456353,-0.15152205587076395,38.61165140816476,0.053297961687660426,0.008193748906663844
2026-09-19 14:11:00,25.490731980808338,28.988026366363282,1.735031415371845,127.5154111811043,170.7062746510354,0.006682524946764693,-0.005807659833015934,0.04827475626673254,-67.94298962858346,0,-0.2349069332572995,-0.17609008595971432,43.19086346993109,0.04907990571519664,0.008498145976199127
2026-09-19 14:12:00,25.61423025754344,28.794204424050104,1.3999402575237854,123.94453640683409,170.0094680212511,0.009622917815303736,0.05644000499676797,0.04058382234416298,-66.80664551179076,0,0.12349827673510205,-0.1938219423131784,46.06493161441702,0.07017920879703522,0.009358431715870651
2026-09-19 14:13:00,25.0617368510181,28.71793486225276,1.967228584454449,130.43519123787814,173.21637369472057,0.005745931454981743,0.02157303891919452,0.05505934305820752,-68.16653490543987,0,-0.5524934065253397,-0.07626956179734279,42.78118245684243,0.059413323375281865,0.008828157597010939
2026-09-19 14:14:00,24.980582436290387,28.424276539378887,1.6158337507832734,132.37952706465603,173.32498775708456,-0.012136506835727976,0.023002573567872643,0.06031018217042444,-67.85601730843538,0,-0.08115441472771323,-0.29365832287387406,40.945460692428526,0.0656790016850808,0.008909237888533261
2026-09-19 14:15:00,25.130813190489775,28.23185648725376,1.4085635132738263,129.63382860363618,169.08320623585007,-0.005220069787033592,-0.02920571812117624,0.058745876458098076,-67.61120843656195,0,0.15023075419938792,-0.1924200521251258,39.449377632213896,0.06581262113291968,0.00915656424294907
2026-09-19 14:16:00,25.034780141519505,28.31142244447,1.638333172901199,128.62645484145253,168.39837881745692,0.018407923225089697,-0.01414377358586921,0.04741199136391083,-67.22140640870624,0,-0.09603304897026987,0.07956595721623927,39.77192397600439,0.052790102233285015,0.009404374725411663
2026-09-19 14:17:00,24.298208857593984,28.09336486477247,1.952427455598906,129.5219133035623,170.9435985371318,0.021357133545888,0.0014936327890847805,0.053612522833635365,-67.53566940923618,0,-0.736571283925521,-0.21805757969752904,41.42168523356952,0.057729201421746666,0.009116681385278819
2026-09-19 14:18:00,24.83839663648946,27.860653802291274,1.1424579837272693,128.88825171279765,168.93390782307966,-0.022935661972530986,-0.02002275115770299,0.06671659436648612,-67.51557497063685,0,0.5401877788954756,-0.23271106248119722,40.04565611028201,0.07333525153637743,0.008924907077841842
2026-09-19 14:19:00,24.782877321913833,27.854643816639634,1.5794288588263077,125.9558586641795,171.4413375092677,-0.030618552650252928,0.03200794597778588,0.06070882292171469,-68.61552198146762,0,-0.05551931457562631,-0.006009985651640903,45.485478845088195,0.07515028644425303,0.009117669959665767
2026-09-19 14:20:00,24.370703005175937,27.496803540938803,1.0586224296697098,127.85595796902871,170.81660329507122,-0.014537787664094241,0.02820624613181291,0.0421583725780668,-67.12249408527398,0,-0.4121743167378966,-0.35784027570083055,42.96064532604251,0.05276616311089708,0.009177021523160456
2026-09-19 14:21:00,24.943074754550867,27.49341756693182,1.3294776362327043,131.56383971504144,167.71036494672822,0.020904151640645012,-0.010670906747681076,0.024539949353785305,-65.62303920165962,0,0.5723717493749305,-0.0033859740069814848,36.14652523168678,0.033956750741481946,0.012294697982298531
2026-09-19 14:22:00,23.8571249553913,27.21911009967152,1.6193441420039247,130.9650356241295,174.26046384545862,0.02429768060366069,0.035678372132149694,0.05296772507084235,-65.25988443151873,0,-1.0859497991595681,-0.2743074672603001,43.295428221329104,0.06832937450246421,0.012148966881468786
2026-09-19 14:23:00,23.779796016143468,26.943030403001334,1.5909140592704325,130.50417941790047,175.26908092395203,-0.01849423760802343,-8.504193439884268e-05,0.05798568126748433,-66.34540568018579,0,-0.07732893924783113,-0.2760796966701875,44.76490150605156,0.06086364505094086,0.012143258739224819
2026-09-19 14:24:00,23.590999449097158,27.078502910939957,1.4416726854086057,127.01455455443985,171.04677774347135,0.006146187074726766,0.051787794347780976,0.039107755081267376,-64.33290140011057,0,-0.18879656704631032,0.13547250793862275,44.0322231890315,0.06518564079965762,0.012121499679836837
2026-09-19 14:25:00,23.503787684822022,26.845878463191546,1.115586493577732,129.455490513593,172.1691936244241,0.03668862666280175,0.002893722610500729,0.049912104778772226,-65.41479717337064,0,-0.08721176427513555,-0.2326244477484103,42.71370311083112,0.062013282128880326,0.011998600468442406
2026-09-19 14:26:00,23.241335156733733,26.593381444615837,1.8886445774700382,123.46880486067144,174.2590644027266,0.008306229544806676,0.01152385500656844,0.04736300934126922,-66.47496552603168,0,-0.2624525280882892,-0.25249701857570983,50.79025954205517,0.04944741992586253,0.012271791420914122
2026-09-19 14:27:00,22.727868885988716,26.5430723985966,1.8848950454381193,130.53542999165617,175.1620581539977,0.02843006570466187,0.02799806882339117,0.05104286322232199,-66.53957759779033,0,-0.5134662707450168,-0.0503090460192368,44.62662816234152,0.06478838151816582,0.012337329552854139
2026-09-19 14:28:00,22.793032827984987,26.301652557619583,1.3955282241307208,134.2865731234407,176.6710667512081,0.019974531401661968,0.025552666996156184,0.044553037128802875,-63.419792930782904,0,0.06516394199627129,-0.24141984097701652,42.3844936277674,0.055108019495649786,0.011566437001841928
2026-09-19 14:29:00,22.732404380711884,26.303971491231962,2.0417276581387944,125.57760360387368,180.28164242923032,-0.018203974124558216,0.01021464132271787,0.06290510997627993,-64.76442397221476,0,-0.06062844727310335,0.002318933612379226,54.70403882535663,0.06627802375152139,0.010456606507242236
2026-09-19 14:30:00,13.675858866345823,25.868885905201783,-4.893708040542822,128.24221698004672,0.0,-0.003799628469941563,-0.002822806388876716,0.05147968880632763,-65.3630779666829,0,-9.05654551436606,-0.4350855860301799,-128.24221698004672,0.051696844894200344,0.010519916426926042
2026-09-19 14:31:00,13.864223946719518,25.90135660502722,-4.586675970694725,130.98732033613038,0.0,0.000695089565836958,0.010282653999862383,0.041209831138352505,-66.17178902143375,0,0.18836508037369448,0.03247069982543849,-130.98732033613038,0.04247901017251872,0.00853459631391504
2026-09-19 14:32:00,13.495109722504928,26.005476462230718,-4.855766741809019,133.75852790328244,0.0,0.0020826677604268004,-0.0163236834375223,0.05917462153593721,-64.07927599200306,0,-0.3691142242145897,0.10411985720349648,-133.75852790328244,0.061420159393233136,0.007918578081046776
2026-09-19 14:33:00,12.747907933779617,25.796095015144136,-4.747316666945567,128.65532615109956,0.0,0.018326579068771425,0.0030426743772823174,0.03735812404008295,-63.05899270927812,0,-0.7472017887253113,-0.20938144708658157,-128.65532615109956,0.04172230577909525,0.0093196564731965
2026-09-19 14:34:00,12.653476588846043,25.765005468667702,-4.720760192964737,127.9232490122023,0.0,0.008173695245508171,-0.022186150649959897,0.06284494377535133,-63.95228067446869,0,-0.09443134493357341,-0.031089546476433583,-127.9232490122023,0.06714552503894974,0.00955168436952618
2026-09-19 14:35:00,12.69228806067227,25.54278518061155,-4.510623408290593,124.09323057275175,0.0,-0.058724018875562306,-0.03561763280160603,0.05991059424222564,-64.1107945459534,0,0.038811471826226907,-0.22222028805615324,-124.09323057275175,0.09113948354990849,0.014616106918606582
2026-09-19 14:36:00,13.150033406612915,25.80578151484642,-4.5774531364302184,130.3103143879243,0.0,-0.02625680546185452,0.0010085352827888612,0.06389775295320786,-63.42336644573295,0,0.4577453459406442,0.26299633423487023,-130.3103143879243,0.06908950578016525,0.014490715140545493
2026-09-19 14:37:00,12.436886794246467,25.694148288999838,-5.124083644540219,136.12622812043122,0.0,-0.04374761829952086,0.025245557813433447,0.048417536275583845,-61.461995360942005,0,-0.7131466123664474,-0.11163322584658175,-136.12622812043122,0.06996749327501638,0.014728320724100765
2026-09-19 14:38:00,11.957948548923024,25.519900675233828,-4.7519971872383575,130.83207538589403,0.0,0.0035073048131066833,0.018516092831921186,0.045038860202166235,-63.94529267926939,0,-0.47893824532344276,-0.17424761376600983,-130.83207538589403,0.048822595272298236,0.015164046585235558
2026-09-19 14:39:00,12.0739519127842,25.47530290523001,-4.648764464973004,129.93316306244887,0.0,0.0048097529893552215,-0.0016382459145121654,0.05084021760933093,-63.058123778937954,0,0.11600336386117505,-0.04459777000381848,-129.93316306244887,0.051093495672728736,0.01533345326706331
2026-09-19 14:40:00,12.318529570022987,25.605573143397148,-4.897173806774263,130.96624693230095,0.0,0.005664499172214369,0.03493979396350993,0.04915563213644469,-61.08770782409555,0,0.24457765723878744,0.13027023816713879,-130.96624693230095,0.060573524941330725,0.015089248497872292
2026-09-19 14:41:00,12.165096439628991,25.69879535737317,-4.282335673527647,129.9667239881542,0.0,-0.019178565354292326,-0.011381227816931475,0.043472637144364876,-61.70508189094649,0,-0.15343313039399575,0.09322221397602348,-129.9667239881542,0.04885918435622282,0.014367496240657756
2026-09-19 14:42:00,11.764937033173611,25.604964503491534,-4.726447556127254,127.5609568832196,0.0,0.013482880102399784,-0.038356653235960464,0.04446376685874358,-61.940361326269944,0,-0.40015940645537995,-0.09383085388163792,-127.5609568832196,0.06024987524126592,0.014368308905314188
2026-09-19 14:43:00,11.897691592471919,25.74687330702235,-4.864953087977881,132.46983974703312,0.0,0.014325249929370582,-0.04364202588401924,0.04633627152733536,-62.708158209334584,0,0.13275455929830748,0.1419088035308178,-132.46983974703312,0.06524484092903658,0.012716493661222229
2026-09-19 14:44:00,10.87974610469818,25.46853754604545,-4.862707467440759,130.67728456933526,0.0,-0.025102981344103156,-0.023623818811914343,0.03829996313560138,-61.98983704581788,0,-1.0179454877737388,-0.27833576097690127,-130.67728456933526,0.05152796972333544,0.013132828692970541
2026-09-19 14:45:00,11.463824399583356,25.520750630292273,-4.285048259565268,130.05283975580096,0.0,-0.029320764028977445,0.016332494865244577,0.056779632895993346,-62.5394808137798,0,0.5840782948851757,0.052213084246822916,-130.05283975580096,0.06595744312486641,0.00842017375028731
2026-09-19 14:46:00,11.564379627015079,25.536362604484395,-4.427772594214577,127.07390191816525,0.0,-2.633724538757172e-06,-0.012696053669347727,0.04947702862428994,-62.86315757738489,0,0.10055522743172318,0.015611974192122346,-127.07390191816525,0.05107999752545284,0.007969246339013296
2026-09-19 14:47:00,10.932895918766272,25.762417406375224,-4.969837108241738,133.91052379580427,0.0,0.03583564547226718,0.009219172837146041,0.04691621530766353,-63.10674372695385,0,-0.6314837082488065,0.22605480189082883,-133.91052379580427,0.05975213714178127,0.006728556709201169
2026-09-19 14:48:00,10.81206509645036,25.808923715680052,-4.492828982370839,131.99410823599933,0.0,0.03399485484397285,0.032925667671679544,0.03889645839058323,-61.28614152644344,0,-0.12083082231591291,0.04650630930482791,-131.99410823599933,0.06125915623659079,0.006326974935261863
2026-09-19 14:49:00,10.387407018077374,25.859102795405793,-4.543475885710014,128.3412374878981,0.0,0.01126808720896105,-0.02200193925155612,0.038396270223325354,-62.19452793039711,0,-0.4246580783729854,0.05017907972574065,-128.3412374878981,0.045665399234437215,0.007125793165081243
2026-09-19 14:50:00,11.313361698724867,26.047602383893377,-4.6987448358150505,133.00547456104582,0.0,-0.014599933431601528,0.009569994635917798,0.06935914050722412,-61.90338314704437,0,0.925954680647493,0.1884995884875842,-133.00547456104582,0.07152225685365046,0.008450900808871016
2026-09-19 14:51:00,10.51456805500826,26.191321641631497,-4.658441423352075,128.50728748484437,0.0,0.017736853189771702,0.010779261453114444,0.043727425371384306,-62.16930778013136,0,-0.798793643716607,0.14371925773811967,-128.50728748484437,0.04840326608980118,0.008507405221080549
2026-09-19 14:52:00,10.702788084544924,26.0255178926646,-4.7089542517652125,127.65398952246689,0.0,-0.00904848529618083,-0.017214759769462067,0.05610528394209327,-62.00173974817305,0,0.18822002953666406,-0.16580374896689776,-127.65398952246689,0.05938034966466937,0.008487026021214792
2026-09-19 14:53:00,10.717595590002905,26.236476688542925,-4.49390716045905,127.72089064755914,0.0,-0.01535014073347621,0.027084218504901662,0.05162634469900177,-62.836804016457634,0,0.014807505457980596,0.21095879587832655,-127.72089064755914,0.06028649251315697,0.008153682498757975
2026-09-19 14:54:00,10.902488627721937,26.5038477647315,-4.562117243882537,124.68679434073573,0.0,-0.04287933663243988,-0.005754141110989532,0.02224811538891898,-63.21995068802466,0,0.1848930377190321,0.26737107618857436,-124.68679434073573,0.04864901117517122,0.008433356719620862
2026-09-19 14:55:00,10.322038042200443,26.50773052725337,-4.330028414844072,131.4146271412546,0.0,0.002047643966953058,-0.007675059618260186,0.06792450823138593,-63.72547878663656,0,-0.5804505855214934,0.003882762521868699,-131.4146271412546,0.06838741261690534,0.00874318838314433
2026-09-19 14:56:00,10.132967293668102,26.613776824167555,-4.700521269798083,124.50656536498495,0.0,-0.012597346982747504,0.04223226436835946,0.056840839787761166,-64.5105769251416,0,-0.18907074853234107,0.10604629691418666,-124.50656536498495,0.07192453247995897,0.009509955078474047
2026-09-19 14:57:00,10.28088126068853,26.94034829423065,-4.204006806364822,126.31466850620271,0.0,0.0019286075905700884,0.010455334847334364,0.042323298456951916,-64.41826065075684,0,0.14791396702042725,0.3265714700630937,-126.31466850620271,0.043638230329431524,0.010751025066742788
2026-09-19 14:58:00,10.556218153132086,26.859601998933474,-4.442736483072574,123.7732359727644,0.0,-0.04598715392474123,0.018505810993709963,0.04971633495570405,-63.873089797748875,0,0.27533689244355664,-0.0807462952971747,-123.7732359727644,0.07020681824481523,0.011412570366992556
2026-09-19 14:59:00,10.07010131978154,27.112945139296894,-4.573818243253897,129.7417909216273,0.0,0.0033965334516737446,0.027097858630436775,0.03850816632596334,-65.33251355001235,0,-0.4861168333505468,0.25334314036341965,-129.7417909216273,0.04720920731839852,0.011223940560393575
2026-09-19 15:00:00,21.713539275524777,28.03286440258048,1.994785410417366,129.5490386191844,180.7373466177458,-0.04862242327943256,-0.013009479989184338,0.06826220478461134,-63.38228590413603,0,11.643437955743238,0.9199192632835853,51.18830799856141,0.08481223506788103,0.013443862059156222
2026-09-19 15:01:00,21.737689334588104,28.10916124591747,1.7022267546195646,129.01991136044091,180.21165654181357,0.02175880506537104,0.024996421941073585,0.040923422917585356,-60.96827074726315,0,0.024150059063327234,0.0762968433369906,51.19174518137265,0.05265921810111266,0.013088425764390352
2026-09-19 15:02:00,22.032944451205747,28.410662122157103,2.1432752497194403,126.87226691598828,182.04418295382024,0.010437824682701689,-0.0100378822999534,0.04476916003305341,-61.81739082045743,0,0.2952551166176427,0.30150087623963273,55.17191603783196,0.04705300155398889,0.013789864262685822
2026-09-19 15:03:00,22.857069979116396,28.439785629467917,1.566662909357261,126.48329873969008,185.512105791828,-0.005573295428491756,-0.010892467786765947,0.04270438921852409,-62.54509946307158,0,0.824125527910649,0.029123507310814034,59.02880705213791,0.04442265564941134,0.014577125390516579
2026-09-19 15:04:00,22.6984899802882,28.79965542720343,1.7446903779444196,131.3931095906397,184.27638155912632,0.011254397201641585,-0.005439999446162723,0.05080379400209171,-59.89355470215123,0,-0.15857999882819485,0.359869797735513,52.88327196848661,0.05231902651381749,0.014363071811608227
2026-09-19 15:05:00,22.807359564041878,28.805412112240806,1.8344297341560656,128.34834420487454,184.88712848235434,-0.019561485253271046,-0.012441296698899096,0.06370316500139314,-63.90492051893154,0,0.10886958375367684,0.00575668503737603,56.538784277479806,0.06779034444564136,0.014317478356002488
2026-09-19 15:06:00,22.967290659690175,29.04067286944216,1.605642993503579,130.94907496460843,182.9267124519905,0.0014475103122978485,0.016443128653143256,0.06789374449095158,-61.39164103786706,0,0.15993109564829666,0.23526075720135609,51.97763748738208,0.06987154146725723,0.01411211761087016
2026-09-19 15:07:00,23.39710498788186,29.199382096688282,2.120952963198639,127.34425394162733,187.93468400443135,0.015895480769206712,0.005344213102901114,0.046010038557777036,-62.60757230328444,0,0.42981432819168575,0.15870922724612058,60.59043006280402,0.04897091555874333,0.013600677500283325
2026-09-19 15:08:00,23.485836841104927,29.208262377053845,2.1457693165993432,130.54318822831326,188.46452927127737,-0.06188578498182779,-0.009824488292342257,0.053782589823179225,-61.85729119475634,0,0.08873185322306654,0.008880280365563209,57.921341042964116,0.0825768606881597,0.015243834691663839
2026-09-19 15:09:00,23.657922493329146,29.206257528622,2.2208871579476317,133.9098341119482,192.15977854288576,-0.008944487193550475,0.013490100663096437,0.050819054126040736,-62.69597967610773,0,0.17208565222421868,-0.0020048484318451187,58.249944430937575,0.053334444117488666,0.014799699122380515
2026-09-19 15:10:00,24.322499332760035,29.582000083140727,2.04962735061846,131.75849740117835,187.79915337817295,-0.0004528826027274856,-0.00550364874772692,0.04018390735555942,-64.85500832999608,0,0.6645768394308895,0.37574255451872673,56.0406559769946,0.04056157864963335,0.013213604754286708
2026-09-19 15:11:00,24.552153800281125,29.68060343533865,2.0307047252567076,128.76275854535055,189.35037425594223,-0.003925872354915331,-0.006561407407293532,0.07422555574595945,-63.07913315803703,0,0.2296544675210903,0.09860335219792304,60.58761571059168,0.07461834671652882,0.014378185836304066
2026-09-19 15:12:00,23.775563391707443,29.84897283000632,2.1826447631373913,130.77159691106777,189.8191582270938,0.029142036524548103,0.0009736776980308728,0.06362759562296255,-63.04353722775598,0,-0.7765904085736821,0.1683693946676712,59.04756131602602,0.06999055126098795,0.014239796953857166
2026-09-19 15:13:00,24.519023442287043,29.882785435046316,2.29316013673051,129.27800447640936,192.79048841369888,-0.022478022498457692,0.009269207113324344,0.051891158497110346,-65.78682762320496,0,0.7434600505795999,0.03381260503999428,63.51248393728952,0.05730507853692463,0.01317184758867544
2026-09-19 15:14:00,24.343812119364348,29.96597788935596,2.3172207221952927,130.02364055408418,189.6639062351107,-0.01242318486890458,0.007796952987548392,0.06581876093498988,-61.87629566686903,0,-0.1752113229226957,0.08319245430964273,59.640265681026506,0.06743320613165571,0.012834318007347035
2026-09-19 15:15:00,24.65207970593501,30.30452476311791,2.352166843230114,129.0231668435545,190.5329929175812,-0.03831738052616897,-0.007264983645056609,0.06212106712717805,-63.74282531864142,0,0.3082675865706612,0.3385468737619526,61.509826074026705,0.07334867837098044,0.013169024824817202
2026-09-19 15:16:00,24.962207879136102,30.041752643373986,2.209828663766422,129.50699438234383,191.21152904984814,0.030205733025462908,0.016942224148788047,0.05081861341081756,-63.62229953995453,0,0.3101281732010932,-0.262772119743925,61.704534667504305,0.06149761569127248,0.013005352693151295
2026-09-19 15:17:00,24.941305645481894,30.337968451829877,1.9510346234682803,130.6362800592225,190.2898663508374,-0.004925802852176,-0.004447883021593122,0.053259636053279935,-65.7049689842766,0,-0.020902233654208402,0.2962158084558908,59.653586291614886,0.053671556989155045,0.01251926884257358
2026-09-19 15:18:00,25.202445602698223,30.272637529099725,2.0774701537773956,127.01992390125415,188.84560907968088,-0.008768177760734141,-0.013099689772174381,0.06512126142376655,-64.09717087285128,0,0.2611399572163293,-0.06533092273015129,61.82568517842674,0.06700195148496489,0.010711394379333003
2026-09-19 15:19:00,25.45555308096707,30.351692009208165,2.136428461773847,126.95236351903006,189.85118086267076,-0.0010496536462142809,-0.029360432975347028,0.040538464188703195,-63.948105574798376,0,0.2531074782688485,0.0790544801084394,62.8988173436407,0.05006499651508654,0.011045765354888352
2026-09-19 15:20:00,25.454256979393683,30.398134470150886,2.2728704985549633,125.83437233850637,191.24023776797637,0.012724716568606482,0.019663569619980427,0.0667369069732134,-65.03360241590528,0,-0.0012961015733878867,0.0464424609427212,65.40586542947,0.07072756983173198,0.008503819383829679
2026-09-19 15:21:00,25.27564201112578,30.383280897554023,2.2457485277028706,125.19918668648887,186.57906306766662,0.006947268070322495,0.0002478015238801511,0.047748874393148844,-65.54410972546924,0,-0.17861496826790457,-0.014853572596862819,61.37987638117775,0.048252263626164374,0.009106794888951374
2026-09-19 15:22:00,25.376069558154644,30.543580930861264,2.3574188588524363,126.34815192333856,188.35090338648965,0.05295768427114175,0.0042174471702102955,0.06524676742847567,-66.67218250375491,0,0.1004275470288647,0.16030003330724085,62.002751463151085,0.08413943096943931,0.011326905818811928
2026-09-19 15:23:00,25.219144172056673,30.637310219918245,1.9747199389496557,130.47838752041238,186.05681049188885,0.009078717768075492,0.02091605831399031,0.0499477340253718,-66.2332537314111,0,-0.1569253860979707,0.09372928905698075,55.57842297147647,0.0549061084577654,0.011493206790575762
2026-09-19 15:24:00,25.47198025461269,30.545935373728426,2.2111923722171247,127.32163745352435,189.1447250633612,-0.009304908583381621,-0.00954812463195632,0.05337606222472972,-66.76047002390071,0,0.25283608255601564,-0.09137484618981873,61.82308760983685,0.05501592520671337,0.01164335123501525
2026-09-19 15:25:00,26.384558985991905,30.49885809400062,1.8642864123849556,131.5408433926933,182.93834763147203,-0.011227134750478943,-0.02748798496948257,0.04965691643427541,-65.89917385854216,0,0.9125787313792166,-0.04707727972780518,51.39750423877874,0.05785712766935914,0.010955586858618001
2026-09-19 15:26:00,25.616631669440196,30.368405738547903,1.8229985365668808,130.10414124625768,184.03717002367145,-0.007855179048336183,0.0013956140443043702,0.04468156377188773,-67.53356386344463,0,-0.7679273165517095,-0.13045235545271794,53.93302877741377,0.04538825528199282,0.01190533092585006
2026-09-19 15:27:00,25.544879787573493,30.486301603777935,1.9911263767850333,124.09448735968584,185.02822255246733,-0.03003673849259676,0.006159231041605908,0.047299451018556884,-66.31987014666467,0,-0.07175188186670312,0.11789586523003237,60.933735192781484,0.05636825217224131,0.01180886271974229
2026-09-19 15:28:00,26.03777727850727,30.60700680688385,1.5959125208008105,131.96492675266506,186.48092956002773,0.0007972841498317212,-0.005256981323207456,0.06379111403168568,-67.91125998197928,0,0.4928974909337782,0.12070520310591348,54.51600280736267,0.06401232493865264,0.011619309796758738
2026-09-19 15:29:00,25.937742536362798,30.299430764372882,1.640562872428151,132.43239593677512,182.26099276999383,0.015669362124178344,0.02947475156152338,0.02685836017327532,-67.50799805599152,0,-0.10003474214447294,-0.3075760425109664,49.82859683321871,0.04284461926764599,0.01241103910567069
2026-09-19 15:30:00,25.93130197536145,30.235645209129018,1.997571556786301,127.01841197549544,180.30080102721226,-0.01226727201246472,-0.04972333135442713,0.03761034055195163,-66.78738644962799,0,-0.006440561001348044,-0.06378555524386442,53.28238905171682,0.06354080075072814,0.01178109547088513
2026-09-19 15:31:00,26.421848846681055,30.142778430945803,1.749330074339555,131.26057462868496,184.17812076321408,-0.016147601125682233,0.02240113275799566,0.04274528290641898,-68.24833207605955,0,0.49054687131960506,-0.09286677818321465,52.91754613452912,0.05088924229840011,0.01158564602618127
2026-09-19 15:32:00,26.16303241483353,30.065820483965425,1.705643073840502,127.4305052877724,176.52023076489172,0.030318902925884676,0.015823073007284517,0.03921655207563979,-67.01744321566152,0,-0.25881643184752434,-0.07695794698037872,49.089725477119316,0.05203406067879425,0.006871382140084814
2026-09-19 15:33:00,25.828462234304634,29.746711054181738,1.6551405437354045,130.29301113024502,174.02493114532737,-0.028529663132423302,0.009135415554009187,0.0650997961041549,-67.21991297822602,0,-0.3345701805288961,-0.31910942978368695,43.73192001508235,0.07166157232852574,0.008809120636501213
2026-09-19 15:34:00,25.839316466532342,29.959243683545708,1.9654990814525066,126.2065047791351,178.32461787983834,-0.04135636752954602,-0.06671803098938192,0.06257676977853205,-68.12954008209039,0,0.010854232227707428,0.21253262936397022,52.11811310070324,0.10038673672480054,0.016550553981449917
2026-09-19 15:35:00,25.785167833324042,29.72315948671035,1.6007855235668749,124.62068064239627,175.48805927439858,-0.023058038872947655,0.025677775665405366,0.05592031809394616,-66.7626486502062,0,-0.05414863320829966,-0.23608419683535686,50.867378632002314,0.06571227659667082,0.01659761351799001
2026-09-19 15:36:00,26.157812409986857,29.527631639498697,1.7951540677774767,128.8515484311611,173.53232993279005,-0.03080865434248593,-0.020528682212717704,0.043621959325224655,-67.89219314782423,0,0.3726445766628146,-0.19552784721165395,44.68078150162896,0.05721429289222303,0.01573825370275345
2026-09-19 15:37:00,25.75265652306526,29.63741782620473,1.8858106723117496,129.6288131611755,176.11835148551376,0.007724521282091636,-0.010153839567667735,0.06335051866794136,-66.89263369068703,0,-0.4051558869215981,0.10978618670603169,46.48953832433827,0.06462241795615983,0.015598722357973093
2026-09-19 15:38:00,25.247254300013413,29.320397842083928,1.4012465142333959,128.80696091915618,174.3690225181152,-0.007214090008991471,-0.0034118532958013763,0.03411870074004456,-66.20559206533304,0,-0.5054022230518456,-0.317019984120801,45.56206159895902,0.03503954305864474,0.017961724446261297
2026-09-19 15:39:00,25.701342956395173,29.254886524165286,1.4618852268344291,126.44790832533232,171.9941811466868,-0.0043937409004767974,0.008148360693039506,0.07141982640147937,-68.22369004994296,0,0.4540886563817601,-0.06551131791864151,45.54627282135448,0.07201730586672792,0.017145117094547312
2026-09-19 15:40:00,25.17608190696435,29.289825805708386,1.705041830771108,128.80030281360658,169.87136624957893,0.023058683539495466,0.012788560843850999,0.043153702028224494,-67.30006703010585,0,-0.5252610494308243,0.034939281543099554,41.07106343597235,0.050571653856407196,0.01761008238111908
2026-09-19 15:41:00,26.204718655059974,28.851609198361924,1.4975671274694402,130.8078842577422,173.5621435459162,-0.01382669722325553,0.01785681108638593,0.04737964778158562,-68.52478321622652,0,1.028636748095625,-0.43821660734646173,42.75425928817401,0.0524868962902701,0.017504863851466844
2026-09-19 15:42:00,25.163137092441325,28.684210551929986,1.0817345434435246,129.8653209096324,172.58464463178146,0.015501788234912816,0.016317070201570322,0.04570656149505286,-68.84218447138059,0,-1.0415815626186493,-0.1673986464319377,42.719323722149056,0.05094744333275326,0.01757802582094579
2026-09-19 15:43:00,25.29903573358667,28.70561987936194,1.1519381923802152,130.54750309179764,170.6399889049467,0.030226455984064062,0.005058544084262518,0.03926892585901323,-67.90748626352402,0,0.13589864114534578,0.021409327431953784,40.09248581314907,0.04981240857185755,0.017610667321981383
2026-09-19 15:44:00,25.3114464356887,28.631841602128244,1.5996831769141782,127.9896543986373,174.17725325320018,-0.009113249960273214,0.008318453181151816,0.0692511312393692,-68.95846080855817,0,0.012410702102030768,-0.07377827723369634,46.18759885456288,0.07034178819235243,0.011400145126413307
2026-09-19 15:45:00,25.025695339347916,28.195365848376472,1.002012025176946,133.51515374414848,168.08452929069674,0.014740457111126273,-0.02181507431644493,0.05788894630784487,-68.399285851666,0,-0.28575109634078544,-0.43647575375177183,34.56937554654826,0.06359487910130433,0.011236288173922155
2026-09-19 15:46:00,24.89581172826702,28.227908728821035,1.3651923755684343,126.47147999033565,167.0120396218159,-0.004836358250579602,-0.015020536136380444,0.06215470542079787,-66.71897791993867,0,-0.12988361108089563,0.03254288044456288,40.540559631480235,0.06412654889278246,0.011483730053231887
2026-09-19 15:47:00,24.972441597011642,28.07874801987943,1.3334174710701563,131.46268089126016,168.6169512845965,0.01848196257681578,0.017909204473496646,0.0377633072793923,-67.65675674732742,0,0.07662986874462163,-0.14916070894160427,37.15427039333633,0.0456989050442364,0.011710227970709954
2026-09-19 15:48:00,25.159717509843485,27.64814859306182,1.592504799380185,133.5456732788799,169.9471818789306,-0.03142978375152546,0.016744189734573624,0.051809378270039994,-66.25041677546898,0,0.18727591283184353,-0.43059942681761143,36.401508600050704,0.06286820240203427,0.009395033685110892
2026-09-19 15:49:00,24.781311533083205,27.767979712175975,1.342603091545706,131.4427242782467,170.66215277240207,-0.03291024490250693,0.014475988328888419,0.05521028689331404,-66.4657323585683,0,-0.37840597676028054,0.11983111911415634,39.21942849415538,0.06588485589635254,0.008559269692381478
2026-09-19 15:50:00,24.83744273998789,27.611240680795504,1.6622175677306392,129.39242731880552,169.92828513765596,-0.007825354298150814,-0.01028833523313055,0.05270756523549844,-64.70595281413475,0,0.056131206904684205,-0.15673903138047152,40.535857818850445,0.05426945222512557,0.008296121605281351
2026-09-19 15:51:00,23.916749137137618,27.32996868760732,1.8225682863266481,128.41510886001106,171.4459639697513,-0.017778496181195414,0.018209842638873916,0.03839626548932,-65.81392518416533,0,-0.920693602850271,-0.2812719931881844,43.03085510974023,0.04606459051075648,0.008990155699685747
2026-09-19 15:52:00,24.157214277262465,27.32678732740874,1.5566516353446593,133.10826295313876,168.6623745944176,-0.010334182188597708,-0.02322488904960716,0.06075500021130638,-64.99591188060829,0,0.2404651401248472,-0.003181360198578176,35.55411164127884,0.06585864289179919,0.009044646636137979
2026-09-19 15:53:00,23.934695980777015,27.159151035441457,1.8010144744518475,125.73107522421498,174.56485478590753,-0.0043905316489427975,0.02154719619724546,0.05121550082785155,-65.47240799346694,0,-0.2225182964854504,-0.16763629196728402,48.83377956169255,0.055736755890261676,0.008568230169782635
2026-09-19 15:54:00,23.81484690843834,26.90401068433459,1.2151430828891316,127.08962721886107,172.108052767655,0.014400270636725035,-0.005217416024917804,0.04045035964356997,-65.32099389721427,0,-0.11984907233867403,-0.25514035110686706,45.01842554879394,0.04325298625161214,0.009010875956700757
2026-09-19 15:55:00,23.939513559399998,26.701662839496645,1.748302891078898,128.80732670352484,175.17918840747234,-0.008153211571318698,0.03368340812681265,0.03144749460447337,-64.22136005955697,0,0.12466665096165741,-0.202347844837945,46.3718617039475,0.046797347775942334,0.009154633334890193
2026-09-19 15:56:00,23.273715855686003,26.5082007584585,1.661816514759001,133.712961272536,174.3727843140322,-0.016477226212461733,-0.0304288418413097,0.0560666651348988,-64.46832168835047,0,-0.665797703713995,-0.19346208103814533,40.659823041496196,0.06588538790057286,0.009362797773868874
2026-09-19 15:57:00,23.02826103940395,26.466598921706584,1.5647632969203633,131.1393029081227,175.4066510123312,-0.007030267535177978,0.035268080918370436,0.074504557341315,-64.67712992837865,0,-0.24545481628205224,-0.041601836751915755,44.26734810420851,0.08272962744933762,0.012097250810411053
2026-09-19 15:58:00,23.11719155608153,26.39899879298979,2.1131185612242485,127.09586272446927,176.49351276632683,-0.015382905596132356,-0.007229286583269236,0.039847457266537184,-64.43239618747292,0,0.08893051667757845,-0.06760012871679422,49.39765004185756,0.04332108285455321,0.012940883643819512
2026-09-19 15:59:00,22.22822977117435,26.188638901621943,1.889380054718026,129.0690768838453,177.15665047173226,-0.018680110041254288,-0.007589585120234884,0.051704470504129664,-63.85319093512327,0,-0.8889617849071776,-0.2103598913678475,48.087573587886965,0.05549685201489427,0.012557918919092132
2026-09-19 16:00:00,13.23623162699057,25.888243661203976,-4.4633821305591255,128.1570305677111,0.0,-0.03226033627153938,0.0038967763797119383,0.06110497279091577,-64.8203869630702,0,-8.991998144183782,-0.3003952404179664,-128.1570305677111,0.06920788872870517,0.013208601492682248
2026-09-19 16:01:00,13.163291657922008,26.13020812785434,-4.3495321800195255,127.87063302329939,0.0,0.0013895623244215727,-0.013941578256013935,0.03730347733898699,-64.62631231613692,0,-0.07293996906856215,0.2419644666503622,-127.87063302329939,0.03984780934132175,0.013929840280438938
2026-09-19 16:02:00,12.818359968257655,25.92657280998651,-4.681064196736052,132.93666867567035,0.0,-0.011374114131941069,-0.001446580026046138,0.04520043230914976,-62.25815394875499,0,-0.34493168966435306,-0.2036353178678283,-132.93666867567035,0.04663198630760014,0.013869406183964966
2026-09-19 16:03:00,13.297639346088372,25.783098119298344,-4.994446764600838,125.88477061220948,0.0,0.019325574784693433,-0.01475252530541709,0.04139841220738598,-61.59932990441448,0,0.47927937783071783,-0.14347469068816565,-125.88477061220948,0.04800982583740952,0.014031334159203516
2026-09-19 16:04:00,12.543547376830908,25.82996707802116,-4.915054310551327,134.8263425672031,0.0,-0.028947921841178812,-0.01402127061958374,0.059846766948245464,-64.18347198883265,0,-0.7540919692574644,0.046868958722814824,-134.8263425672031,0.06794272384051293,0.014079209545625054
2026-09-19 16:05:00,12.699324719415937,25.82992760647137,-4.492162432784496,132.48468907055386,0.0,-0.010841671100957578,0.009737719006011437,0.0632552256935406,-63.72654381825922,0,0.1557773425850293,-3.9471549790448535e-05,-132.48468907055386,0.06491216050357694,0.01384305565173328
2026-09-19 16:06:00,12.70261290755373,25.34080365832742,-4.921253447012912,133.2725850118111,0.0,0.03625814441317498,-0.018031309906070322,0.05159036264731735,-61.73146785762208,0,0.003288188137792858,-0.48912394814394844,-133.2725850118111,0.06558465286404373,0.013825298819851544
2026-09-19 16:07:00,12.89254947834387,25.618521689620277,-4.637950981901825,128.61118146392423,0.0,-0.01879219034195699,-0.015363884700109645,0.04158265931005899,-62.17166738694446,0,0.18993657079013992,0.27771803129285644,-128.61118146392423,0.048148862148788524,0.011113759351808588
2026-09-19 16:08:00,12.353033865619999,25.397304275990326,-4.835759328593567,129.55017784276268,0.0,-0.00473066504192248,-0.02745582499492818,0.045572090620721525,-61.87588295627328,0,-0.5395156127238714,-0.22121741362995095,-129.55017784276268,0.05341364021890144,0.01037830634274805
2026-09-19 16:09:00,12.505151132108573,25.565683541596236,-4.1325206436891415,125.70054455642587,0.0,-0.02431687965650737,-0.01007861359922679,0.04369501485753247,-61.51982145366238,0,0.15211726648857393,0.16837926560591043,-125.70054455642587,0.05101120868702843,0.01049489311354518
2026-09-19 16:10:00,12.301591388660299,25.515405427492635,-4.250344822044953,128.4260127787996,0.0,-0.02696855025561962,0.02623204059447844,0.040227311383769934,-62.53919772545722,0,-0.20355974344827388,-0.05027811410360172,-128.4260127787996,0.0550786640888015,0.009326041753864665
2026-09-19 16:11:00,11.995151623410907,25.564120965000335,-4.872522512704198,131.48096454292946,0.0,0.03094621966175357,-0.01691867280205937,0.048979617991815355,-61.869288255380056,0,-0.306439765249392,0.04871553750770019,-131.48096454292946,0.06035654876946502,0.008016999719269606
2026-09-19 16:12:00,11.49814801063907,25.459663716460934,-4.752261442255904,133.88818918534417,0.0,0.003420789852742945,-0.014632665303744826,0.055748264844618624,-61.867296989350805,0,-0.49700361277183625,-0.10445724853940064,-133.88818918534417,0.05773807868550691,0.007295017580910372
2026-09-19 16:13:00,11.262292932132604,25.342369029100777,-4.6603320077525465,126.67852954959264,0.0,0.0026735767647524666,0.0038784389296307106,0.054902574444285195,-62.91820367416379,0,-0.23585507850646614,-0.11729468736015747,-126.67852954959264,0.05510429186422939,0.006612920503790302
2026-09-19 16:14:00,11.593649385887986,25.515735859825977,-4.480706864659589,128.9034821890442,0.0,-0.03392632470232444,-0.00741592867599053,0.04991767635430489,-61.7052509171026,0,0.33135645375538125,0.17336683072520032,-128.9034821890442,0.06080925849365423,0.005739824192960243
2026-09-19 16:15:00,11.269866566902763,25.643374076856134,-4.524709896669478,129.54610233930242,0.0,0.007174827762166059,0.044563088666992996,0.05057053836825364,-60.76394104917683,0,-0.3237828189852223,0.12763821703015665,-129.54610233930242,0.06778441100883036,0.006219567609734504
2026-09-19 16:16:00,11.581952328108876,25.756795949157254,-4.330967185442438,125.81263239342255,0.0,0.023148438919876516,-0.0032505592935251344,0.04918449204910221,-62.337904685157504,0,0.312085761206113,0.11342187230112089,-125.81263239342255,0.05445668570778225,0.005575044503411868
2026-09-19 16:17:00,11.406511856742206,25.601058211363025,-4.639832300646822,131.7740477252752,0.0,0.022989541216570594,0.006704366924347435,0.037027884608337266,-61.87411700291118,0,-0.17544047136667018,-0.1557377377942295,-131.7740477252752,0.044096845462833524,0.006335919115166257
2026-09-19 16:18:00,11.00758335906813,25.89406940338692,-3.978205508892741,127.82802900477218,0.0,0.013366664592123217,0.018875375695986442,0.05160134896982873,-61.86352820680508,0,-0.3989284976740759,0.2930111920238936,-127.82802900477218,0.05654773864169106,0.006271785105790513
2026-09-19 16:19:00,10.600027586724035,25.809510678788342,-4.827507215376038,129.41382894646893,0.0,-0.02258971155190808,0.018491557317257015,0.0441637441454535,-62.418786348616244,0,-0.4075557723440948,-0.08455872459857616,-129.41382894646893,0.052940240431649806,0.006118899925659302
2026-09-19 16:20:00,10.98961368516384,26.0029215092405,-4.936554666753888,128.64415188426437,0.0,0.006262468343859833,0.0046657516311475866,0.03652656780840563,-61.54099565315271,0,0.3895860984398052,0.19341083045215868,-128.64415188426437,0.03735208031560568,0.008627208893911527
2026-09-19 16:21:00,10.425229414274185,26.017099385823467,-4.636903200241756,127.63198448284098,0.0,0.013351699209532154,-0.0032225497337200243,0.05370705567115584,-63.00104659718776,0,-0.564384270889656,0.01417787658296632,-127.63198448284098,0.05543555291897748,0.008407435276682309
2026-09-19 16:22:00,10.40293592430703,26.196301196364495,-4.95569997609628,129.97886504355833,0.0,-0.03588887170177803,0.04048057072758514,0.04388269963581455,-61.11001305728548,0,-0.0222934899671543,0.17920181054102713,-129.97886504355833,0.06965901984513438,0.009705581864206718
2026-09-19 16:23:00,10.242595756093346,26.385361654790064,-4.918248570583196,129.35317126429592,0.0,-0.022425591829635695,-0.0019952055062853326,0.05227753921258836,-61.95587966483949,0,-0.16034016821368446,0.18906045842556907,-129.35317126429592,0.05691949683584218,0.009716019037516085
2026-09-19 16:24:00,10.407317936397515,26.29913199759034,-4.8032781577383075,128.884426353164,0.0,0.017763146434868832,-0.008833802088569612,0.05847637815069427,-63.67506183764298,0,0.16472218030416919,-0.08622965719972342,-128.884426353164,0.06174991686010277,0.009776420628800183
2026-09-19 16:25:00,10.719265074617303,26.486513805964545,-4.749245464477717,127.81461513495897,0.0,0.01752091553343857,-0.01291697976588037,0.04049761278854769,-61.212188772359184,0,0.3119471382197876,0.18738180837420515,-127.81461513495897,0.04597703218970525,0.009194802405627209
2026-09-19 16:26:00,10.293283970734569,26.712093690537582,-4.868015549402472,130.95857401234886,0.0,-0.030971660672427848,-0.03453606405413512,0.05092121282072972,-62.928506330472906,0,-0.4259811038827337,0.2255798845730368,-130.95857401234886,0.06888362214847145,0.010410667900243233
2026-09-19 16:27:00,10.095995358389054,27.078652917568643,-4.716386631535092,134.96085180547686,0.0,0.015900429185383452,0.016432315044743264,0.03189577118269639,-64.01917499736896,0,-0.1972886123455151,0.36655922703106114,-134.96085180547686,0.03924518881784129,0.011065431901368019
2026-09-19 16:28:00,9.713309591155827,26.90223303468919,-4.759082872878403,130.4196616985174,0.0,0.001906067983072356,-0.04696136794201653,0.06532533090609277,-62.40311755165746,0,-0.38268576723322667,-0.1764198828794541,-130.4196616985174,0.08047609602939292,0.013810986476330712
2026-09-19 16:29:00,10.286790454620727,27.347116508675697,-4.78548700942926,132.9883546447334,0.0,0.015620179092143029,-0.00011445681809841428,0.03640933503111218,-63.23480254612884,0,0.5734808634648996,0.44488347398650774,-132.9883546447334,0.03961871745326449,0.014835928755785703
2026-09-19 16:30:00,21.76587861822141,28.200442330367515,2.1283976760200263,125.82933422453961,180.41676561589512,-0.012690426468678828,-0.004097212685427701,0.044851803376026254,-63.771959704234035,0,11.479088163600684,0.8533258216918185,54.58743139135551,0.046792289341603004,0.013815894762384153
2026-09-19 16:31:00,22.23517196283014,28.15681212223832,1.505363356177229,130.4732843178813,176.9148644296197,0.01290366992961804,0.044799303844628956,0.06338379903763958,-62.53607095714218,0,0.4692933446087295,-0.04363020812919416,46.4415801117384,0.07868283359831289,0.015477374589624301
2026-09-19 16:32:00,22.293068081812322,28.302531303935794,1.9036780881098638,126.70789504308681,181.49233854290944,0.01687657548971249,-0.036633024574272526,0.047654770739190146,-61.76247296808968,0,0.05789611898218183,0.14571918169747278,54.78444349982263,0.062432158892064535,0.015077576144396325
2026-09-19 16:33:00,22.849205695774227,28.427466807121185,2.0739380098333506,125.5692252174043,181.5912335706178,-0.007026698709114234,-0.01802206573968714,0.038026023136997,-64.25282941251072,0,0.556137613961905,0.12493550318539093,56.022008353213494,0.04266319003414658,0.01585329331430739
2026-09-19 16:34:00,22.74750640557168,28.651973224825568,1.544152783650019,127.78188577762289,181.89094340329666,0.0003550509234657202,-0.002721929173632987,0.057130732322865356,-62.080059075668395,0,-0.10169929020254642,0.22450641770438295,54.10905762567377,0.057196639196122535,0.015755696585134638
2026-09-19 16:35:00,22.971937930661177,28.677314798734425,1.3321744981037913,133.57569800324072,184.23205480027013,-0.01297043259009307,-0.003950586749383366,0.05690532462151185,-62.098691427513245,0,0.22443152508949638,0.025341573908857384,50.65635679702942,0.05849833525424629,0.01534547875169905
2026-09-19 16:36:00,23.327804970881996,28.965921954039565,2.0832145479609885,132.85004748600895,189.24179778764938,0.033032778973717584,-0.010990891816200896,0.04366813660634767,-63.550744196704706,0,0.3558670402208186,0.28860715530514014,56.39175030164043,0.055846847219091535,0.014810550293716902
2026-09-19 16:37:00,24.003673284500763,29.274467728775086,2.1339331571400835,130.7290141661632,187.7238625949109,-0.002405438786515319,-0.0016197581880433478,0.04475073479219601,-62.22546133424506,0,0.6758683136187678,0.3085457747355207,56.9948484287477,0.044844598524068295,0.014193618071270583
2026-09-19 16:38:00,23.824207448342168,29.20990787108058,2.578176334438319,125.4018983203302,186.03120292942964,-0.01844048650354364,-0.025191254577394826,0.04564591029381914,-62.634874378544126,0,-0.17946583615859524,-0.06455985769450479,60.629304609099435,0.055300994351113394,0.011482669956602925
2026-09-19 16:39:00,23.713280304540337,29.387533753088682,2.159021711357325,129.4111580458362,188.97843465898717,-0.014316518277495003,0.00714385757989878,0.04792976039313969,-63.996227499263554,0,-0.11092714380183111,0.17762588200810114,59.567276613150966,0.05052978654274633,0.010413059023222008
2026-09-19 16:40:00,23.9186615516014,29.375810460247617,2.317816539685396,130.9051000267052,191.21342072125097,0.0025354120228422627,-0.046429706841551566,0.031070289230781936,-62.063202720888,0,0.2053812470610623,-0.011723292841065103,60.308320694545756,0.05592413490079607,0.009977437407275736
2026-09-19 16:41:00,23.933291077625306,29.710780809439267,2.112145909772237,130.5266086887358,190.7613409664399,0.015066623435564235,-0.0005153871175451414,0.048185761388819005,-62.33673983082806,0,0.014629526023906436,0.33497034919165003,60.2347322777041,0.05048897271930006,0.006174662789161566
2026-09-19 16:42:00,23.973571182524232,29.819838395743943,2.3798394568154047,124.46861924955776,189.43965159951262,-0.026716536903010436,-0.012007133885271467,0.0678391419818315,-63.66883016924794,0,0.040280104898926083,0.10905758630467588,64.97103234995485,0.07389244746968289,0.008621637129880913
2026-09-19 16:43:00,24.25492038682426,29.911808418261174,2.512475005593492,127.32904645594039,188.34170829876078,0.03695320005884898,0.02032575885513271,0.04104030032763296,-63.79342364807237,0,0.2813492043000281,0.09197002251723063,61.01266184282039,0.058847104589849035,0.0076083807065894585
2026-09-19 16:44:00,24.34522605983718,29.987337954213814,1.769600622787657,129.80776670755384,191.2509439271118,0.006173505881112328,0.035106221412666096,0.044165064065302365,-63.09408002307558,0,0.0903056730129208,0.07552953595264,61.44317721955795,0.05675483979918828,0.007602824567267408
2026-09-19 16:45:00,24.922565555232104,30.074401670142496,2.1953321053833528,131.60887272855157,190.76192063688404,0.00932911945938825,-0.006621043375007154,0.038163823368036046,-64.254696055926,0,0.5773394953949236,0.08706371592868223,59.15304790833247,0.03984153736150146,0.009090508043036601
2026-09-19 16:46:00,24.548065906237397,30.239178072895132,2.869063986507272,123.41161653670017,191.78612247047053,-0.0019437908764687283,0.02781451858282862,0.056121619263953544,-66.22519548061118,0,-0.374499648994707,0.1647764027526364,68.37450593377037,0.06266627414945078,0.00947324472089027
2026-09-19 16:47:00,25.405084788975184,30.26169174383459,2.2590269736393034,129.51362807356043,191.1869917078886,0.00038517934702251097,-0.006322325612608215,0.06203197358142377,-64.05250303730037,0,0.8570188827377869,0.022513670939456887,61.67336363432818,0.06235451796532205,0.009013340143608868
2026-09-19 16:48:00,25.358921553595582,30.3615949020736,2.5232730008531328,130.42914630963685,191.8375817394206,-0.00296566275854806,-0.019322530462581804,0.06180317839177625,-65.6010477157354,0,-0.046163235379601986,0.09990315823900886,61.408435429783765,0.06482120176609317,0.009350320414667736
2026-09-19 16:49:00,25.259812537967797,30.40676815272766,1.8685752303871246,132.54883596554865,188.392530453753,0.020355919380719206,0.03491807264371239,0.0375198941110634,-65.42745308877903,0,-0.09910901562778562,0.04517325065406297,55.84369448820436,0.05514868724721673,0.00907152081842782
2026-09-19 16:50:00,25.365979522671108,30.54218748211786,2.123918702839156,132.07857275271232,191.7277623995255,-0.0001585717490674081,0.010415528894680136,0.054997917304969605,-63.829300076091656,0,0.10616698470331087,0.1354193293901993,59.64918964681317,0.05597570272037498,0.009070177495177257
2026-09-19 16:51:00,25.3025085094917,30.531323734708653,2.0524041876008288,131.74771395642642,189.02729287587354,0.015341004369854196,8.877045219628715e-05,0.06433750034214236,-65.66871664095727,0,-0.06347101317940584,-0.010863747409207036,57.27957891944712,0.06614127490111026,0.008964754189714347
2026-09-19 16:52:00,25.64585476365007,30.505744694152657,1.8648856163979681,127.6001784798942,192.23548578344642,-0.008676950467051444,0.01374354950197297,0.055096631077101235,-65.77685944298263,0,0.3433462541583694,-0.025579040555996357,64.63530730355222,0.05744400210959403,0.007439233550635568
2026-09-19 16:53:00,25.97748350000466,30.650088063388466,1.9736031093213167,124.27599358863007,186.07867648558806,0.0039128105662463155,0.005484300702603346,0.05478409683343777,-65.50737953816417,0,0.3316287363545882,0.14434336923580915,61.80268289695799,0.05519678348037493,0.007482454799438613
2026-09-19 16:54:00,25.51720940519216,30.54096086050942,1.9736863299455674,128.8208417288158,190.226559411842,-0.016078406884788423,-0.0013843881588303604,0.04528357421364842,-65.74310656576739,0,-0.46027409481250103,-0.10912720287904776,61.40571768302621,0.04807321283303338,0.008075967118139632
2026-09-19 16:55:00,25.335920850746728,30.619016163258454,2.070686341761476,133.0048954756257,186.38054300796486,0.02433056465099074,-0.02652869654615993,0.05220109823793664,-67.39036726331263,0,-0.18128855444543035,0.0780553027490356,53.37564753233917,0.06340901177215262,0.005667899193536275
2026-09-19 16:56:00,26.065198218125794,30.52774404929649,1.948423982865826,134.1803635825733,183.85217771098573,-0.016674944814382316,-0.005410734743225334,0.06236318179706406,-66.7439864538616,0,0.7292773673790656,-0.09127211396196344,49.67181412841242,0.06478036954879081,0.005851206401227374
2026-09-19 16:57:00,26.000203223579778,30.250427169302334,1.8924637109461748,132.13164730689334,183.30602713422965,-0.006499588885226525,0.012465108469169456,0.053282089684287645,-66.8483683402424,0,-0.06499499454601576,-0.27731687999415655,51.17437982733631,0.05510539597852094,0.00588443371054158
2026-09-19 16:58:00,25.605739279521487,30.52185532004285,2.0012907371127557,131.28802246840522,182.70918688517042,-0.006299208249094898,-0.002455428513736211,0.037517252439702733,-66.8002475226208,0,-0.3944639440582911,0.2714281507405154,51.42116441676521,0.03812156062356203,0.008310139779097354
2026-09-19 16:59:00,25.75083455287612,30.35101785088666,1.8279524831622798,131.13891894515788,183.24082518494365,-0.007079027753475367,0.01804651522260772,0.04543958325714029,-66.95642356091489,0,0.14509527335463446,-0.17083746915619002,52.10190623978576,0.049401873164859555,0.00856569094124329
2026-09-19 17:00:00,25.732248664201173,30.26804808997413,2.173430165941909,128.33164375971765,182.45687105666966,0.014449915388858741,0.007673100477335779,0.06209279538888994,-64.81598961786335,0,-0.018585888674948592,-0.08296976091252972,54.125227296952005,0.06421208425901638,0.009015141797825546
2026-09-19 17:01:00,25.781775376047154,30.22702217879286,1.7752786705662928,129.60981911933914,179.26840661645574,-0.006333155294732874,-0.01756272636170814,0.053247433203510955,-68.72039512666075,0,0.04952671184598145,-0.041025911181268526,49.6585874971166,0.05642559132172034,0.008320090631456317
2026-09-19 17:02:00,25.901189585953666,30.08026359121916,1.5958706953326107,135.007208577479,179.36754938120225,0.027878490610821455,-0.026383439156642475,0.051190620782430765,-66.68788808444117,0,0.11941420990651253,-0.14675858757370008,44.36034080372326,0.06398262073845169,0.008759861354091198
2026-09-19 17:03:00,25.907495922531453,30.043943895587873,1.9302656802463352,127.17232598262437,182.70708377579126,-0.016369501722603364,-0.003143569998603361,0.044459844667533,-66.58953133006432,0,0.006306336577786453,-0.03631969563128834,55.53475779316689,0.0474817902657808,0.00915657862928253
2026-09-19 17:04:00,25.771421145289338,29.859552538325826,1.7817236293774128,134.84433637212956,180.89967531993312,0.003387549398854138,-0.010484568962091751,0.06188599180534435,-67.36580543478992,0,-0.13607477724211492,-0.18439135726204725,46.05533894780356,0.0628591891371634,0.009089507681932115
2026-09-19 17:05:00,25.70849464164577,29.93514193021925,1.641863791174847,129.03391553652384,177.36481506245187,-0.015515719786251998,0.006726436192433722,0.06662412597822256,-68.57474724643507,0,-0.06292650364356689,0.0755893918934234,48.33089952592803,0.0687368654122258,0.009671892723991951
2026-09-19 17:06:00,25.826755220336967,29.677299140015773,1.6836614967289936,133.97629632728524,175.65080252338788,0.008419455650629334,-0.014362753175254596,0.06263189123018033,-66.30530945953372,0,0.11826057869119566,-0.2578427902034761,41.67450619610264,0.06480686469268004,0.00967423053365981
2026-09-19 17:07:00,25.89540827235907,29.52384044695923,1.5293611101726627,125.77955497150738,174.94170124435158,-0.0003189945395354007,-0.012307846515097544,0.06442591621445373,-70.18689308201259,0,0.06865305202210337,-0.15345869305654247,49.1621462728442,0.0655917946349028,0.009995396786786882
2026-09-19 17:08:00,25.690311389840204,29.33610703901619,1.3284576216450648,131.75771260349396,175.10845703603366,-0.0031012408939695693,0.021061394351898247,0.04641293759233834,-68.68232368742805,0,-0.20509688251886615,-0.18773340794303905,43.3507444325397,0.05106232273485896,0.007682670835635325
2026-09-19 17:09:00,26.063438967017866,29.315631008468525,1.6834519112255268,127.78968959215713,171.07675327776346,0.023769499330070477,0.0029640593725579574,0.044998309026260966,-66.81070683101883,0,0.3731275771776623,-0.020476030547666113,43.28706368560633,0.05097668645164325,0.00746678463334795
2026-09-19 17:10:00,25.789616021628962,29.16189227660204,1.63097056950649,125.75419842422744,171.91722197207403,-0.013086837421102069,-0.01405454130854586,0.04843654826500814,-68.31513361755576,0,-0.27382294538890406,-0.15373873186648623,46.16302354784659,0.05210465097194724,0.007618359825366681
2026-09-19 17:11:00,25.072195717475893,29.031373239532126,1.260095238711084,130.65560212723284,168.4800607416007,0.011730303152360002,0.00035283617470039346,0.05038573241976254,-66.29075076610347,0,-0.7174203041530696,-0.13051903706991297,37.82445861436787,0.051734384473852146,0.007893124154601756
2026-09-19 17:12:00,25.609955796219648,28.734745186639252,1.5728070163267627,133.0284153657879,172.0826885210747,-0.015379198253495848,0.02757822486003365,0.06431019780125256,-69.32117480655079,0,0.5377600787437551,-0.2966280528928742,39.05427315528678,0.07164411885554275,0.008858321312557961
2026-09-19 17:13:00,25.529258357969663,28.51857114052455,1.4738176038860484,127.46517568421952,172.13273251191094,0.0022537040032074747,0.005875733765494454,0.061658867394684166,-68.8241285000856,0,-0.08069743824998454,-0.21617404611470192,44.66755682769143,0.06197918487211889,0.007959061573752663
2026-09-19 17:14:00,25.103565124841104,28.579451995977863,1.5319116854928303,125.50295211862479,169.5176063365061,-0.023911506564468908,0.011859016188502592,0.055384693872544945,-68.1274986989357,0,-0.425693233128559,0.06088085545331268,44.014654217881315,0.061480571943479216,0.007918750756265375
2026-09-19 17:15:00,24.66373351136074,28.501264206337318,1.838710112976159,129.72446570699515,173.3726723499291,-0.013250342926134808,-0.015044690730548852,0.035688132341531134,-67.04427879448215,0,-0.43983161348036504,-0.07818778964054474,43.64820664293396,0.0409335693149849,0.00927904585713469
2026-09-19 17:16:00,24.98524087653022,28.084504392898328,1.6604664914475669,129.73769401366846,167.6115586376607,-0.001642860911457301,0.020528387542692008,0.03311978155403125,-67.53243066963975,0,0.32150736516948086,-0.4167598134389898,37.87386462399223,0.039000430988183905,0.010452487001600539
2026-09-19 17:17:00,24.843580815718703,28.17959219423943,1.5797317413853462,131.6449588826635,167.07201766393936,0.036292983346461555,0.04636204520927604,0.052404627448017035,-67.63350698444101,0,-0.1416600608115175,0.0950878013411014,35.42705878127586,0.07882172831230581,0.01260650807013598
2026-09-19 17:18:00,24.365358851244643,27.88245574730469,1.2878060529942204,132.84878371409346,170.48725754876153,0.0020160774091954824,-0.01582935285025707,0.05880263205600717,-65.54053443149232,0,-0.4782219644740593,-0.29713644693473995,37.638473834668076,0.06092932394579782,0.012565455033043016
2026-09-19 17:19:00,24.115693043660034,27.687423287930173,1.762137581811126,129.8217544561825,172.269670478981,0.03309336631733413,-0.023637879487439787,0.04920432951013863,-65.25169932119664,0,-0.2496658075846092,-0.19503245937451652,42.447916022798495,0.0638356192373685,0.012543005426602066
2026-09-19 17:20:00,24.367622512479794,27.48382522315671,1.1749273877284625,135.5665099443828,173.77861263628435,0.004406465833818361,0.0035108448767029645,0.06914904504978406,-66.97148664186142,0,0.2519294688197604,-0.20359806477346254,38.21210269190155,0.06937819112797584,0.012790197986183301
2026-09-19 17:21:00,24.160811711950423,27.222695442990425,1.2168830113905496,130.67270423360588,169.82408465098482,-0.007741684889498782,0.017510100996888208,0.03917558956219565,-68.04803027707105,0,-0.20681080052937162,-0.26112978016628574,39.15138041737893,0.043603487697604325,0.013604693075536294
2026-09-19 17:22:00,23.936825877689138,27.3003255427714,1.1142693518923332,128.9607204819793,173.32281510966106,0.03078713045201387,-0.0018277934410052272,0.03791648050504401,-68.267613780075,0,-0.22398583426128482,0.07763009978097557,44.362094627681756,0.0488758398825195,0.013182010841821877
2026-09-19 17:23:00,23.86309894473556,26.96794484186521,1.992966880239279,125.16529792269152,171.60030863875957,0.008740352441468377,-0.021064127920853257,0.04335719025525679,-65.63500254181413,0,-0.07372693295357635,-0.33238070090618876,46.43501071606805,0.048989153827124696,0.013263889793944661
2026-09-19 17:24:00,23.378686608789224,26.81571822418911,1.3527425689528925,129.21202143905148,171.9271005245585,-0.012854431877654273,-0.0021716832356078,0.042977027868087644,-64.97643177607354,0,-0.48441233594633815,-0.1522266176761029,42.71507908550703,0.044910773221438265,0.013478771674297993
2026-09-19 17:25:00,23.396197784349493,26.846000009517834,1.6075891074614037,128.9908391637666,174.71191661926943,0.009411429188005948,0.011961845455549092,0.055262858686819794,-65.32309531609174,0,0.017511175560269265,0.030281785328725164,45.72107745550284,0.05732053991635725,0.012696904959045406
2026-09-19 17:26:00,23.499950109807923,26.41718520304962,1.3219017383736007,132.88091438884442,174.99197937810362,-0.005851894998152204,-0.008140636538921187,0.04578288148156497,-65.2080272612965,0,0.10375232545843005,-0.428814806468214,42.111064989259205,0.04686775944168062,0.011765988555705598
2026-09-19 17:27:00,23.044921025264788,26.317995491576387,1.5659226706608338,131.38745087220056,171.34036026005512,-0.039780683923425916,0.012145100355098432,0.03452159538721339,-65.69173615603016,0,-0.45502908454313484,-0.09918971147323319,39.95290938785456,0.054053185143240194,0.008724522748813092
2026-09-19 17:28:00,22.455405575318164,26.340209476668566,1.7764863489355347,126.46189263510215,178.30705890531422,0.01871946318531235,0.023294215704798202,0.05891578456695117,-63.98307105948879,0,-0.5895154499466244,0.0222139850921792,51.845166270212076,0.06606139915553813,0.009316368231907025
2026-09-19 17:29:00,22.619882906127035,26.250385030626493,1.4713456540833896,130.5167631592331,179.02141605999253,0.02189868111283858,0.004804612515408952,0.0324004807392787,-62.713234868054776,0,0.1644773308088716,-0.08982444604207274,48.504652900759424,0.03940085897593335,0.009757512943037849
2026-09-19 17:30:00,12.986239702675165,26.15646722652707,-4.6264743984194725,132.01459351518716,0.0,0.03675884059984551,-0.000558955425565853,0.03928781776989291,-66.36589112094588,0,-9.63364320345187,-0.09391780409942285,-132.01459351518716,0.053805737784486635,0.0076899099656696805
2026-09-19 17:31:00,13.283691853646163,25.973156889057055,-5.0933207934678855,134.5840940781635,0.0,0.008442873843905253,0.016586878504525636,0.03377293429256131,-63.99001403878593,0,0.2974521509709973,-0.18331033747001513,-134.5840940781635,0.0385618690936741,0.008323375507117887
2026-09-19 17:32:00,13.19011877416386,26.16058745466619,-4.905427998714605,132.6625119022422,0.0,-0.004974468481650651,-0.01712201654874461,0.05207121277070874,-64.65390823054152,0,-0.09357307948230265,0.18743056560913374,-132.6625119022422,0.055039258595868105,0.008467322661688191
2026-09-19 17:33:00,12.48288925515559,25.798271313089447,-5.145754250172875,132.28253996293444,0.0,0.016699788547571717,-0.019094196673858452,0.05186047712151212,-64.95420956232833,0,-0.7072295190082709,-0.3623161415767413,-132.28253996293444,0.057731970098243456,0.008740814911395575
2026-09-19 17:34:00,13.089923363208548,25.721172623968556,-4.934086550434003,130.18025798384548,0.0,0.01699640730637813,-0.005331445698579707,0.06916454321016353,-64.3845654012069,0,0.6070341080529591,-0.07709868912089135,-130.18025798384548,0.07142153885230831,0.010421101779776381
2026-09-19 17:35:00,12.406430743541508,25.597765079941706,-4.648756166636989,131.16493601627036,0.0,0.032765623662728435,-0.009837589096289344,0.0591382665614555,-62.677876530135116,0,-0.6834926196670406,-0.1234075440268505,-131.16493601627036,0.06832055931510475,0.011346882064511123
2026-09-19 17:36:00,13.082420427101544,25.633385496928316,-5.169639875553388,133.74851470211848,0.0,-0.000892552461328843,-0.01606683950580951,0.064416461833422,-62.469028479535055,0,0.6759896835600365,0.03562041698661034,-133.74851470211848,0.06639593765237733,0.011447597617596216
2026-09-19 17:37:00,12.47188113055085,25.636591447832746,-4.796288709480095,126.00166780756105,0.0,-0.0033115794513518893,0.03660936949997549,0.05288609651298493,-61.244899618912065,0,-0.6105392965506944,0.0032059509044302104,-126.00166780756105,0.06440614643051631,0.011610511361710617
2026-09-19 17:38:00,11.982282746522506,25.660327002524706,-4.605890998167602,128.95168201834915,0.0,-0.01431088839517055,0.043439864189885824,0.040230681789094364,-62.54352951444874,0,-0.4895983840283442,0.023735554691960203,-128.95168201834915,0.060912487100020146,0.011329707493450678
2026-09-19 17:39:00,11.881709232662304,25.366844064472318,-4.668803298994727,127.68229375373127,0.0,0.010749241734504034,-0.007074100845111645,0.051281076019934965,-64.17464437838501,0,-0.1005735138602013,-0.2934829380523887,-127.68229375373127,0.05287095477098897,0.009593290649677767
2026-09-19 17:40:00,12.195841357013364,25.47801317341961,-4.2850733641002225,131.13745935617837,0.0,-0.030965233364616707,0.001834378994967309,0.05592421007387307,-62.536635106089115,0,0.31413212435105997,0.1111691089472906,-131.13745935617837,0.06395098041476013,0.009525421313961118
2026-09-19 17:41:00,11.840724389590651,25.545218673437194,-4.407887352471994,133.69066652695236,0.0,0.015521747457251291,-0.0037568564012758193,0.05703807382251575,-63.585637252586025,0,-0.35511696742271326,0.06720550001758596,-133.69066652695236,0.05923158346295708,0.005929974323480522
2026-09-19 17:42:00,11.796005860235665,25.56829423136985,-4.752480104687258,128.20907713983678,0.0,0.011756702437315792,0.022149984802363125,0.04527587855891658,-63.326285026470906,0,-0.0447185293549861,0.02307555793265692,-128.20907713983678,0.051756613666528326,0.006429649933608345
2026-09-19 17:43:00,12.176501260213021,25.530347906063145,-4.275325579804721,122.82908689759168,0.0,0.011701404049167441,0.026112911236800943,0.05488786473782399,-61.47915301551184,0,0.38049539997735593,-0.03794632530670583,-122.82908689759168,0.06189898775796402,0.0062771414163178265
2026-09-19 17:44:00,11.351924546193507,25.615015075904854,-4.448834123085773,128.76333776492658,0.0,0.002764504730036809,-0.035545275973792936,0.04066972029158736,-61.82616095472388,0,-0.8245767140195142,0.0846671698417083,-128.76333776492658,0.05408451977277278,0.005797480408336472
2026-09-19 17:45:00,11.450664486382259,25.521792924049574,-4.860225100035317,132.7404211960522,0.0,0.030659564950621696,0.009520216001312512,0.03956722405889283,-61.41408614989117,0,0.09873994018875187,-0.09322215185527938,-132.7404211960522,0.050953004380504055,0.0057566339856630795
2026-09-19 17:46:00,11.732127346816405,25.811047259521565,-4.999568654044271,131.61288970884965,0.0,0.017439869308537265,-0.02613642682322297,0.038842152886145155,-62.36126429358587,0,0.2814628604341465,0.2892543354719912,-131.61288970884965,0.049959730677969265,0.005643367396005101
2026-09-19 17:47:00,11.263908943952552,25.81750415170822,-4.691193930698458,131.28455874343172,0.0,-0.012141543827513994,0.03516544315750557,0.050246259885567975,-61.23615668822675,0,-0.46821840286385275,0.006456892186655239,-131.28455874343172,0.0625196937889753,0.0053944203659296855
2026-09-19 17:48:00,10.580985836791843,25.6568705819931,-4.6474269954762715,129.16002009437656,0.0,-0.011783580993952936,0.00880496060420796,0.03822163644923697,-62.48364002110604,0,-0.6829231071607094,-0.16063356971512022,-129.16002009437656,0.040954530947629506,0.007124178984377164
2026-09-19 17:49:00,11.098958167426058,25.766787602941317,-4.592971034799147,126.16290779134064,0.0,-0.017593476268292736,-0.016466990767252724,0.04575255610128993,-61.01743896543872,0,0.5179723306342154,0.10991702094821676,-126.16290779134064,0.05171062349201998,0.007168725609202027
2026-09-19 17:50:00,10.487492162946625,25.861984346070358,-4.609603875112582,131.5458829648734,0.0,0.01102566665551175,-0.004826427758757064,0.05902916551413959,-61.87325795137553,0,-0.6114660044794338,0.09519674312904058,-131.5458829648734,0.06024368939071254,0.006719028721444372
2026-09-19 17:51:00,11.152656506734619,26.135885778199683,-4.703615727468839,127.49715456989613,0.0,-0.020002778424799136,-0.005779545165323168,0.03970870321921695,-62.527977836417385,0,0.6651643437879944,0.2739014321293247,-127.49715456989613,0.04483631785039301,0.007084628102759954
2026-09-19 17:52:00,10.383614819686898,26.049611356951537,-5.107267016663735,136.55229020014136,0.0,0.021667842871667044,0.010502258857716313,0.04495687966495683,-62.23056553180531,0,-0.7690416870477215,-0.08627442124814522,-136.55229020014136,0.05099915572865047,0.007102140792997127
2026-09-19 17:53:00,11.42727332988159,26.26307145791223,-4.682166321110874,131.71152162506354,0.0,0.026459466166910865,0.020838252083549565,0.0507163127677617,-62.599945927446655,0,1.0436585101946925,0.2134601009606918,-131.71152162506354,0.06088087121989046,0.006963408419274741
2026-09-19 17:54:00,10.889081039477803,26.46730384496087,-4.503450806212587,128.25805509233814,0.0,-0.017580325379009023,-0.022964145839434198,0.05246886901532267,-61.14218672165716,0,-0.5381922904037868,0.20423238704864133,-128.25805509233814,0.05991161865876867,0.007325229630807602
2026-09-19 17:55:00,10.12922360350774,26.547887802184583,-4.812680569416944,128.16584425783412,0.0,-0.003710970691857074,0.03677509001824228,0.045007094091944394,-62.664760834666644,0,-0.7598574359700638,0.08058395722371259,-128.16584425783412,0.058239308614773076,0.007427838712770378
2026-09-19 17:56:00,10.300800373302112,26.71948618337464,-4.447280712807472,129.72116738015924,0.0,0.0003324196272482741,0.03211380215641687,0.05786860068735157,-63.09822046412901,0,0.1715767697943722,0.17159838119005855,-129.72116738015924,0.06618294143706678,0.008175213103319126
2026-09-19 17:57:00,10.455054250607402,26.73191428033073,-4.971292450195743,129.28149423393475,0.0,0.01767966320939335,-0.01750647135182091,0.05590452300784725,-63.534718337184714,0,0.1542538773052904,0.012428096956089263,-129.28149423393475,0.06119119808538337,0.008061134681220982
2026-09-19 17:58:00,10.406092212437411,27.048037443245597,-4.8781405962641955,133.35050132658986,0.0,0.03218686751219754,0.0014560358872461863,0.06139856604361703,-62.66448785740364,0,-0.04896203816999112,0.31612316291486664,-133.35050132658986,0.06933901061426466,0.00732851146747313
2026-09-19 17:59:00,10.253853957194632,27.081781930828406,-4.714432011140669,130.55924850923213,0.0,-0.03370984785737155,0.03421617088228632,0.049183980756529404,-63.02156072652336,0,-0.15223825524277856,0.03374448758280835,-130.55924850923213,0.06874710288784255,0.007588292409653376
2026-09-19 18:00:00,22.375647711089833,27.967538032560206,1.7119549341806808,127.80510478327442,179.3026957311843,-0.006363614350533658,0.02465837173354966,0.04487181190543657,-62.27384163031263,0,12.1217937538952,0.8857561017318005,51.49759094790987,0.0515946740258054,0.008043888621258783
2026-09-19 18:01:00,22.1630259930924,28.19031641009908,1.4808627875170495,135.67132205546736,180.29981875783142,-0.005320333911206939,-0.006734860600957912,0.04317367977987878,-63.16605215452113,0,-0.21262171799743257,0.22277837753887297,44.62849670236406,0.04401852934818004,0.008208527956285497
2026-09-19 18:02:00,22.289318366014506,28.34265437870887,2.2026255468528793,130.14792499456067,181.34342320551585,-0.028013397097730954,0.016286796291357465,0.05307027517929363,-62.943538443689576,0,0.12629237292210505,0.152337968609789,51.19549821095518,0.062180899462755325,0.007728382083225735
2026-09-19 18:03:00,22.49369333351701,28.499071328889215,1.7870438609718051,132.3065190279067,187.10869803373507,-0.009702200386081232,0.05994396583438277,0.04622844217188728,-62.277425274410255,0,0.20437496750250617,0.15641695018034696,54.80217900582838,0.07631828482038135,0.009262658941860196
2026-09-19 18:04:00,23.052189292771885,28.58373079566116,2.505484839133093,128.17532047766574,184.65805432754962,0.008555378887012223,0.002103199637024242,0.04430830222319211,-60.816201654936705,0,0.5584959592548735,0.0846594667719458,56.482733849883886,0.045175697034082876,0.010658557783769226
2026-09-19 18:05:00,23.099170149108886,28.788031800870463,2.0361750629887325,131.08934688323356,185.6543386804242,-0.005573578056791143,-0.012652965028800384,0.04551712735754678,-62.506847429465424,0,0.04698085633700089,0.2043010052093024,54.56499179719063,0.04757069664466059,0.011396023252572562
2026-09-19 18:06:00,23.269465926352435,28.97376421485533,2.0460418013404147,130.93332997342958,187.70699164201403,-0.030892423372148273,0.0034483970418279844,0.043163095148757484,-62.961375924294444,0,0.17029577724354894,0.18573241398486573,56.77366166858445,0.053191033518656436,0.011255222623246805
2026-09-19 18:07:00,23.61016150459896,28.987271178073293,2.330558894488904,124.33105212371154,186.91975519042992,0.05748165396019827,0.004931041909946359,0.05199021112762732,-64.25682553375367,0,0.34069557824652463,0.01350696321796363,62.58870306671838,0.07766233172789037,0.0128738781351997
2026-09-19 18:08:00,22.942357646878445,29.224763080696913,2.313473095777958,136.04582533138193,186.65547661735383,0.005323557304083606,-0.010490734780001962,0.03587416817455939,-61.12879678206686,0,-0.6678038577205143,0.23749190262362063,50.60965128597189,0.03775383054487021,0.014035671531114801
2026-09-19 18:09:00,23.832882783607467,29.450374171390873,1.7144469711900403,133.87193338276765,187.44056939810488,0.0022338826021334997,0.00883250135628434,0.05303016292474963,-62.23590524739708,0,0.8905251367290212,0.22561109069395968,53.56863601533723,0.05380707659327321,0.013356601470899142
2026-09-19 18:10:00,23.983272821078927,29.418180847289808,1.8995983189873216,128.80841405156204,188.27150732925082,-0.021958527261340927,-0.025088021194550027,0.05676548760402951,-62.18675329774497,0,0.1503900374714604,-0.03219332410106546,59.463093277688785,0.06583241078578599,0.013715898331100358
2026-09-19 18:11:00,24.591391340112846,29.78903276578559,2.0684709874342664,126.69319077863243,188.83762912759465,0.0052141232394255065,-0.013310677340173585,0.04419120861822703,-62.21290557366649,0,0.6081185190339191,0.3708519184957808,62.144438348962225,0.04644592696404917,0.013493059257141496
2026-09-19 18:12:00,23.799993498901042,29.92035155350879,2.139748811733469,131.04268484141065,190.77564994694623,-0.003284275680829886,0.015164895523095955,0.06922036939606548,-63.54382331115454,0,-0.7913978412118041,0.1313187877232025,59.732965105535584,0.07093814250670696,0.014163486131517949
2026-09-19 18:13:00,24.887901612657185,29.78092312468859,1.7791093653068897,130.2600930982432,189.73947362578653,-0.037770468254308125,-0.03509741703084503,0.05017621310976854,-63.51025169093301,0,1.0879081137561428,-0.13942842882019946,59.47938052754333,0.07194504372382893,0.01357199561516305
2026-09-19 18:14:00,24.599493487628163,30.144782622541044,2.1563525124575094,131.0670068456897,191.31977745431575,-0.021405108800288324,0.01806335183989553,0.03438657016900112,-62.331742018718934,0,-0.28840812502902224,0.3638594978524523,60.252770608626065,0.044349741492275635,0.01365443146283464
2026-09-19 18:15:00,24.87325189929135,30.089319303148528,2.454380302298488,130.57473218858226,189.81351670582336,0.0158985203534789,-0.04023962731411406,0.0471875709366333,-63.87445202349506,0,0.27375841166318793,-0.055463319392515587,59.2387845172411,0.06402075762366903,0.0133872564072183
2026-09-19 18:16:00,25.372199999880905,30.23083950544077,2.124363029665294,131.51872296791777,190.15300641104724,0.03888035300000883,-0.0346264915775263,0.05062656144935797,-63.70676199002703,0,0.49894810058955485,0.1415202022922415,58.634283443129476,0.0726204137454436,0.013915384762176663
2026-09-19 18:17:00,25.17335000096284,30.214908298780628,1.783546109536553,134.34191709817543,185.92024673546047,0.007343308100860892,-0.009979574861117708,0.05448967555570214,-63.66888887749979,0,-0.19884999891806387,-0.015931206660141584,51.57832963728504,0.05588059439947382,0.012577435002998833
2026-09-19 18:18:00,25.253418125348702,30.42240219764074,2.0144686975061665,131.70430961538594,191.5711316581869,0.022061665565867347,0.0057372768563870085,0.04742569475889154,-64.14485706257425,0,0.08006812438586053,0.20749389886011116,59.866822042800976,0.05261967271497005,0.010593408196159523
2026-09-19 18:19:00,25.32634937489819,30.425879272867075,2.4405932096745975,126.85103350327017,190.15597782867013,-0.0031151061716641996,0.026505272062547772,0.0398842972429561,-65.16577920462792,0,0.07293124954948738,0.0034770752263355575,63.30494432539996,0.047989483224295,0.011109087243428442
2026-09-19 18:20:00,25.220840498733274,30.34842942774852,1.8705943714180606,134.08768855813736,191.08899448797612,-0.001730923213612058,0.0011524552631919111,0.03905019381887717,-65.32105448685705,0,-0.10550887616491522,-0.07744984511855435,57.001305929838765,0.03910552244372849,0.012483347159919948
2026-09-19 18:21:00,25.46114616502295,30.34710412497462,2.080627013392582,134.92184369046487,182.83958291010137,0.021819580552389303,-0.0049310721515197975,0.04346400714818329,-64.75709772897252,0,0.2403056662896752,-0.0013253027738997503,47.9177392196365,0.048882813804271,0.012285505507068278
2026-09-19 18:22:00,25.350175610408918,30.340428266316717,2.2725842082650534,139.45617020353626,192.26171344775736,0.033255545783589385,0.011591624959696083,0.044422246374812374,-65.00259151892178,0,-0.11097055461403116,-0.006675858657903433,52.8055432442211,0.056688914856038566,0.011250815784570965
2026-09-19 18:23:00,25.63768569121444,30.517040037966524,2.21379140848863,126.6295179002812,187.17787286545683,0.02602193386931243,-0.017417976409358688,0.03865025835100743,-64.84881421460831,0,0.28751008080552154,0.17661177164980657,60.54835496517563,0.04974303383485435,0.009710559815968283
2026-09-19 18:24:00,25.027377134752374,30.556181148781736,2.077780960939517,130.72864603945084,188.97099743898653,-0.02132726150769638,0.002788303186928126,0.04267186838896301,-65.6973435263316,0,-0.6103085564620656,0.03914111081521199,58.24235139953569,0.04778613888864512,0.00941939345499387
2026-09-19 18:25:00,25.924650347692612,30.553616462257356,2.354389307946721,123.75370389043304,183.9049095867885,-0.0013391778063049154,-0.0239889251591072,0.05659458524439355,-65.87456388234278,0,0.8972732129402381,-0.002564686524380022,60.15120569635546,0.06148340431751542,0.009135404496564446
2026-09-19 18:26:00,25.81771156553368,30.45525167899709,2.173285202559827,131.65944746913763,186.38056152833977,0.005550493689525904,0.0016518103375082625,0.06648412607694487,-67.12992130511167,0,-0.10693878215893093,-0.09836478326026565,54.72111405920214,0.06673586350534222,0.007850310640518835
2026-09-19 18:27:00,25.802032310306608,30.318919431629052,1.76064338844852,128.35539910549969,182.16696767599097,-0.005193559270150582,-0.002596726516988067,0.057554617138709636,-67.46567037924012,0,-0.015679255227073696,-0.1363322473680384,53.81156857049129,0.057846780381280036,0.00796287374532985
2026-09-19 18:28:00,26.007726345135882,30.32316436390854,1.549403480361681,135.77033738447486,182.10234358016746,0.007757150868311915,-0.016085358428988346,0.06305861086186812,-66.29164374489812,0,0.20569403482927484,0.004244932279487301,46.3320061956926,0.06553854247091014,0.008906530213194845
2026-09-19 18:29:00,25.540782787260724,30.452735090648584,1.8264019741322386,127.67615508994426,186.2205559998734,0.01641153623337895,0.0033008127307547833,0.05974118468233698,-67.81983056984788,0,-0.4669435578751582,0.12957072674004522,58.54440090992914,0.06204226811998508,0.008929848889881164
2026-09-19 18:30:00,26.5687609454026,30.224780710604197,2.085291001701588,124.93245088609821,181.02983527907196,0.02005619503910281,0.0031709930631928563,0.05833130328398345,-67.42413184975766,0,1.0279781581418774,-0.2279543800443875,56.09738439297375,0.06176444850608971,0.00693569386824722
2026-09-19 18:31:00,25.968304818311147,30.213229107112053,1.9999135621485173,128.58620877789244,180.85067237069234,0.033717403044430466,0.023509080246782697,0.046622037369426717,-66.16551211510222,0,-0.600456127091455,-0.011551603492144125,52.2644635927999,0.06215427974473245,0.006266360404823726
2026-09-19 18:32:00,25.954541082274364,30.007196859057377,1.7686883488832144,124.07353668634859,181.15639402710173,-0.006588822094496694,-0.032112668061255754,0.05140910878386947,-66.44740941229404,0,-0.013763736036782603,-0.2060322480546759,57.08285734075314,0.060971571183273995,0.00622351763064555
2026-09-19 18:33:00,25.6978412507758,30.05489931409488,1.5932676644292971,132.25329836352194,179.41390683451274,-0.02728066329678628,-0.0015209781539408521,0.045793806575439786,-67.4711183051002,0,-0.25669983149856535,0.047702455037502034,47.16060847099081,0.053325610030511415,0.005671240511375917
2026-09-19 18:34:00,25.973843156544653,29.872971688792227,1.657001928226152,123.80475086123104,177.74542679001885,0.007164691880289056,-0.015205247994069587,0.047808928376663735,-68.15472898854715,0,0.2760019057688545,-0.18192762530265227,53.94067592878781,0.05067766775242918,0.005017316024788372
2026-09-19 18:35:00,26.352031754577734,29.91238597572339,1.5036942159686175,130.08537274354947,177.22208972803625,0.03767622062369604,0.017395241163525837,0.050681671003865864,-68.0478107619055,0,0.3781885980330806,0.039414286931162223,47.13671698448678,0.06550361662814307,0.005280905007934643
2026-09-19 18:36:00,26.20616538634239,29.766013721998558,2.1321699190844248,123.7665645404314,180.38162673752802,-0.009539517199081183,0.015078241303842659,0.05713566151579027,-67.10231734874573,0,-0.1458663682353425,-0.14637225372483087,56.61506219709662,0.05985682555945838,0.004829703631688252
2026-09-19 18:37:00,26.101432137243368,29.512528236573985,1.4799926727521235,129.03910658639006,174.58640099684789,0.01373693954127439,0.01015759690137242,0.054233233815151244,-68.03140949471856,0,-0.1047332490990236,-0.25348548542457294,45.54729441045782,0.05686056570963977,0.004887557506625493
2026-09-19 18:38:00,25.94912003624984,29.415933217853354,1.3453164058145812,134.9301344674136,174.28361918400276,0.013914915849452855,-0.014076665161389262,0.04838170736985644,-68.55733938322048,0,-0.15231210099352666,-0.09659501872063103,39.35348471658915,0.052273960947929375,0.004977217806660196
2026-09-19 18:39:00,25.608276101746693,29.2336418055496,1.2510270660486835,131.08194367430738,175.2236472001755,0.0038288409468921793,0.017709411658801907,0.050555387408916665,-66.76661427183367,0,-0.3408439345031482,-0.1822914123037549,44.14170352586811,0.053704101150313995,0.005024088568225539
2026-09-19 18:40:00,25.202140757191717,29.001238246935028,1.7243090322210577,127.4095191851052,174.6430269128367,0.0001384944208742874,-0.030602618574866635,0.05433463674193527,-67.76342187500396,0,-0.4061353445549756,-0.23240355861457118,47.23350772773149,0.06236018115930588,0.005080728424567888
2026-09-19 18:41:00,25.489137842973513,28.906786535209655,1.572748906291567,129.90638953318276,174.19128950047667,-0.018468584114427852,-0.03470621407185543,0.05667394438057835,-68.4644711118954,0,0.2869970857817954,-0.09445171172537314,44.28489996729391,0.0689749655023186,0.006092046098374363
2026-09-19 18:42:00,25.38207602723539,28.857292108161847,1.3723385822715517,130.05405061613334,172.5617027199225,-0.04563324144841155,-0.02551741999803848,0.03481004836742797,-67.33042987293976,0,-0.10706181573812401,-0.04949442704780793,42.507652103789155,0.06281139160843353,0.00620339348680118
2026-09-19 18:43:00,25.66223349509536,28.711215210228666,1.288427132231872,131.4178910375302,168.55233080704448,-0.022237014133280577,-0.0006694962065381179,0.03922611036101063,-66.7408081929451,0,0.2801574678599721,-0.14607689793318102,37.13443976951427,0.045095684458587325,0.007413855341416617
2026-09-19 18:44:00,25.326802748016306,28.53174765608647,1.7450381695131723,125.89942491015752,173.75084232570705,-0.007806082982233985,0.013503288019765875,0.061073105339393426,-68.60353359359648,0,-0.3354307470790552,-0.17946755414219595,47.851417415549534,0.063033307978139,0.0071163895640956164
2026-09-19 18:45:00,25.59598624592275,28.322626714753806,1.1282515922099043,131.777701821542,167.93200803731165,0.02194845374845414,-0.05952064948019049,0.04939130430068942,-67.66213198537162,0,0.26918349790644314,-0.2091209413326638,36.15430621576965,0.08039865220894585,0.0097056240488615
2026-09-19 18:46:00,25.342067410718332,28.280446415709417,1.446945197947921,121.88682510519168,170.66836089414343,-0.0020625612470275122,0.02645485663759573,0.045759234066330215,-67.55709388684815,0,-0.2539188352044164,-0.04218029904438936,48.78153578895176,0.052896324077866486,0.010004799795098836
2026-09-19 18:47:00,24.708944728312147,28.027002256339355,1.8033245073020672,128.11034634290857,168.4922157243203,-0.010380514378362972,0.002622243923568684,0.04736500527073961,-66.69082056609511,0,-0.6331226824061851,-0.25344415937006204,40.38186938141172,0.04856001406765946,0.010605818494400359
2026-09-19 18:48:00,24.16331396321864,27.924390024240648,1.351020414265454,128.53517847264536,169.9100772184556,-0.01781970883906861,-0.031355446951795506,0.047362946944234464,-66.32892253973098,0,-0.5456307650935059,-0.10261223209870707,41.37489874581024,0.059531124799540036,0.010338540203074406
2026-09-19 18:49:00,24.96673137872046,27.510752065165004,1.3711129156536916,131.8999804782137,170.83299869436365,0.013136116570189607,0.0020189394057916203,0.05557937781524374,-67.31661820786528,0,0.8034174155018192,-0.4136379590756434,38.93301821614995,0.057146311457516454,0.01017132443645927
2026-09-19 18:50:00,24.80170414338505,27.131340067649454,1.6659386300840109,130.06789255803062,171.05347168426917,0.027167143328612104,0.021850508293568393,0.03891983606019234,-68.04985805205989,0,-0.16502723533541186,-0.3794119975155503,40.98557912623855,0.05225181363624522,0.010418903868840847
2026-09-19 18:51:00,23.820871392295,27.389526047716732,2.3416104606127446,125.78331083843113,171.58569468519326,0.02126871443734919,0.011988820306125178,0.05024777746496761,-65.30646371514197,0,-0.9808327510900483,0.2581859800672781,45.802383846762126,0.05586527692868775,0.009842969627742466
2026-09-19 18:52:00,24.514777493234106,27.05907612580679,1.4420975442496125,127.04502062254896,174.39287598091576,0.012122993995169383,0.02198146125107932,0.052461177294504044,-67.23007522146483,0,0.6939061009391061,-0.33044992190994193,47.3478553583668,0.058157774590032255,0.009686319751598636
2026-09-19 18:53:00,24.002757316337284,27.024260307737666,1.5895495196076856,130.59604002864222,172.58439418078896,-0.029512254927658802,-0.02732493258794222,0.05396267916565503,-65.60310845155061,0,-0.5120201768968222,-0.034815818069123594,41.98835415214674,0.06730227243255704,0.009107341215240386
2026-09-19 18:54:00,23.757725170373018,26.86348918766041,1.3592482529216252,129.76279797440634,171.78404185385884,-0.007033484856875429,-0.008280104702768092,0.05222863996210293,-65.76436829702303,0,-0.2450321459642666,-0.16077112007725702,42.0212438794525,0.05334661072094153,0.009206075843815338
2026-09-19 18:55:00,24.011078944483526,26.90554743877069,1.556889918005374,128.26262767109276,174.8727710808728,0.038946084577793506,-0.01849384461047064,0.055159062303140285,-65.22364919646621,0,0.25335377411050786,0.042058251110280054,46.61014340978005,0.07000958467651833,0.00671516225357915
2026-09-19 18:56:00,23.743358152592805,26.645483203011153,1.552699594643714,128.55749863146406,176.06627459912607,0.022439009838304495,0.03435160410088636,0.044273038489416876,-63.48588518250888,0,-0.26772079189072073,-0.2600642357595362,47.50877596766202,0.06036260269333113,0.006558849483153474
2026-09-19 18:57:00,23.345311334968738,26.48694117532307,1.2016341833067323,132.08850399147786,172.03792894374965,-0.0307500643646945,0.0127872568697326,0.04058197267675045,-61.84891192771425,0,-0.398046817624067,-0.1585420276880818,39.949424952271784,0.052497399011969134,0.006007278538142016
2026-09-19 18:58:00,23.098962436599525,26.42572201648274,1.7096651585062748,128.44692228139235,176.54877834556214,-0.001111810463985428,0.05694019177915282,0.07457004443250514,-66.27148826480123,0,-0.24634889836921303,-0.06121915884033058,48.101856064169795,0.0938302354735419,0.01266761730105792
2026-09-19 18:59:00,22.946608876603214,26.25790634640991,1.4168084828905902,129.73572626791278,177.66357883631943,0.007261968653220775,-0.00935219066834455,0.04698735315425764,-63.40751409162076,0,-0.1523535599963104,-0.16781567007283016,47.92785256840665,0.04845627942238608,0.013324485484771548
2026-09-19 19:00:00,13.187270011562466,26.062226062431336,-4.685988835420542,136.50980976424162,0.0,-0.015243169260524398,-0.014493484233646095,0.04815545529345432,-64.30526121628796,0,-9.759338865040748,-0.19568028397857518,-136.50980976424162,0.05254867428257179,0.013302627413448355
2026-09-19 19:01:00,13.187020529787947,26.110484331422136,-4.4793191302700475,125.72895208934823,0.0,-0.046184080428176975,-0.002856532771903011,0.056778400977178844,-62.864658336285665,0,-0.00024948177451911135,0.04825826899079999,-125.72895208934823,0.07324558609225937,0.013653485335434144
2026-09-19 19:02:00,12.823772406771369,25.796575475013192,-4.359958427036712,124.44447180527602,0.0,0.001976480900328634,0.02756714442845098,0.06596089292194242,-62.72629680494876,0,-0.3632481230165787,-0.3139088564089434,-124.44447180527602,0.07151708413902508,0.013782656682352259
2026-09-19 19:03:00,12.880609709959723,25.853385287719384,-4.820050900760524,132.35076899439582,0.0,-0.015755165152408785,-0.007322393787506947,0.044554718830653046,-62.053998761076315,0,0.05683730318835423,0.056809812706191565,-132.35076899439582,0.0478222296619213,0.014661604863262989
2026-09-19 19:04:00,12.752229308433213,25.5894942597652,-4.643586173132267,127.9640708161177,0.0,-0.015676834781693683,0.0024887519581388846,0.04001184731810475,-62.96962461525979,0,-0.12838040152650976,-0.26389102795418395,-127.9640708161177,0.04304538257338396,0.015691258723096475
2026-09-19 19:05:00,12.549495023038576,25.697858132574694,-4.551247483851254,129.04528741677214,0.0,-0.007093607198615162,0.0019338140577363913,0.0375784664920839,-63.94712587077454,0,-0.20273428539463723,0.10836387280949467,-129.04528741677214,0.038290991679438335,0.016901731013125195
2026-09-19 19:06:00,12.655689690751379,25.6402937794535,-4.791971943109974,127.65653086560665,0.0,-0.002673518293096235,0.0007899352240437891,0.06593106221502926,-61.9463411884166,0,0.10619466771280273,-0.05756435312119379,-127.65653086560665,0.06598997395456195,0.017075936196773396
2026-09-19 19:07:00,12.389319754690861,25.742740820819535,-4.6866195003718625,129.22059957769747,0.0,-0.00018165588191372883,-0.01304796920924956,0.03961893013538966,-62.5871898039428,0,-0.2663699360605172,0.10244704136603389,-129.22059957769747,0.04171261349301726,0.017836548616187452
2026-09-19 19:08:00,12.506871212189846,25.383471807727183,-4.986051786214584,134.79561433628902,0.0,-0.017679797978440027,-0.0027458213582073317,0.04972444063484434,-62.78615427672833,0,0.1175514574989851,-0.3592690130923515,-134.79561433628902,0.052845385682553196,0.012512418843458483
2026-09-19 19:09:00,11.73760886988198,25.45568377333096,-4.906913239827287,132.40638537585437,0.0,-0.004404190592681548,-0.003602052027027157,0.04022715167957031,-62.8926466292204,0,-0.7692623423078668,0.07221196560377763,-132.40638537585437,0.04062752030130847,0.013097585775287161
2026-09-19 19:10:00,12.057406331244971,25.58488094991259,-5.15720588154159,132.58667053566094,0.0,-0.0351484674080551,-0.00015129319349298296,0.03551644082041697,-61.29212999460802,0,0.3197974613629917,0.12919717658163066,-132.58667053566094,0.04996854229728629,0.013127689552618662
2026-09-19 19:11:00,11.997579848613414,25.53408003799601,-4.223253211840502,125.75131883262206,0.0,0.006220781307361565,0.018870336363054165,0.047076246469063145,-60.59588868836287,0,-0.0598264826315571,-0.05080091191658198,-125.75131883262206,0.05109756056941274,0.010923213733721482
2026-09-19 19:12:00,11.731813261170043,25.52761898304415,-4.656826993142946,126.54653879034139,0.0,-0.05712550826682315,0.03521256069248985,0.0406221333365884,-63.31484169874853,0,-0.26576658744337145,-0.006461054951859779,-126.54653879034139,0.07844364755721606,0.012521388287748953
2026-09-19 19:13:00,11.64094938046114,25.434079469986838,-4.105994932593851,121.48276402154372,0.0,-0.005789801608672392,-0.016808695253394138,0.04308371574576687,-61.4377598314394,0,-0.09086388070890195,-0.09353951305731201,-121.48276402154372,0.04660751657459664,0.012561301592917804
2026-09-19 19:14:00,11.086123962243272,25.5016908441425,-4.342379304890846,127.57185753675174,0.0,0.01838372307353907,-0.007839872495754302,0.07006105097417403,-62.39272904574095,0,-0.5548254182178685,0.0676113741556641,-127.57185753675174,0.07285585589642105,0.013959409310787135
2026-09-19 19:15:00,11.539618760474394,25.72719341416448,-5.0025609969874765,132.870109559157,0.0,-0.02118681374549653,-0.01650023796812373,0.05424896104172403,-63.46892414351861,0,0.45349479823112127,0.22550257002197682,-132.870109559157,0.06053171651124363,0.012940686134190506
2026-09-19 19:16:00,11.500455795374611,25.65010579691434,-4.915926516679037,131.55083954724512,0.0,0.014328604073148002,0.0037420307444454536,0.05931469519553989,-61.85606562555113,0,-0.039162965099782454,-0.07708761725013957,-131.55083954724512,0.0611354623350246,0.01261405530360195
2026-09-19 19:17:00,11.330816089573762,25.755777311024723,-4.107022987098279,129.33546021114364,0.0,0.023114654242417845,-0.010766989150219538,0.058246595628492534,-62.85982403184167,0,-0.16963970580084897,0.10567151411038367,-129.33546021114364,0.06358365511998029,0.011812594098365038
2026-09-19 19:18:00,11.3745847752319,25.779844527821968,-4.290282638359065,129.93309914884583,0.0,-0.06615799904994776,0.004795936674839774,0.048991390769209754,-63.647990350616126,0,0.043768685658138295,0.02406721679724555,-129.93309914884583,0.08246234423288834,0.013958663620987173
2026-09-19 19:19:00,11.007800345641167,25.755989356228017,-4.575351680246827,127.93334337227378,0.0,-0.0030272580715148475,0.022072538208895737,0.04560281640622377,-62.915862270405505,0,-0.36678442959073365,-0.023855171593950786,-127.93334337227378,0.050754094402269315,0.012643508963690256
2026-09-19 19:20:00,10.97999737447694,26.06005756368855,-4.613320973259579,130.61427664720534,0.0,-0.05751546855256551,-0.05051663371609217,0.05248934611861117,-63.24567080876093,0,-0.027802971164227586,0.3040682074605314,-130.61427664720534,0.09281751376106954,0.015209718744979865
2026-09-19 19:21:00,10.777441469651786,26.11841201956328,-4.85108481053379,132.29763483844184,0.0,-0.0023641689114189215,0.009835597792013819,0.05168450769932495,-62.96766781899616,0,-0.20255590482515373,0.058354455874731315,-132.29763483844184,0.05266513661512298,0.015045927203859699
2026-09-19 19:22:00,10.836740317064038,26.408647817330003,-4.383255872794524,125.15233963776858,0.0,-0.00014342421962653624,-0.009203740977957578,0.044311945828346924,-63.7685426529351,0,0.05929884741225244,0.2902357977667229,-125.15233963776858,0.04525790496245339,0.015687946279433002
2026-09-19 19:23:00,10.063251586718255,26.194615753367984,-4.818398632412781,130.89894306351204,0.0,-0.04965087971821677,0.009208445359687779,0.05129847830466861,-62.977225335097955,0,-0.7734887303457825,-0.21403206396201924,-130.89894306351204,0.07198290907645885,0.014792403367884862
2026-09-19 19:24:00,10.180793952586097,26.504090697439242,-5.149231631890533,132.797304612864,0.0,0.03849676724159731,-0.017929388755004008,0.042936702933037085,-63.45154236505406,0,0.11754236586784117,0.3094749440712583,-132.797304612864,0.06039059966535901,0.014618933607473484
2026-09-19 19:25:00,10.84427727150606,26.423349999035526,-4.862693269198992,128.75469913310988,0.0,0.005720316152692499,0.0239252197661375,0.0482854206935916,-62.534584580099775,0,0.6634833189199636,-0.08074069840371578,-128.75469913310988,0.05419058967479368,0.014927971586871274
2026-09-19 19:26:00,9.556665485172767,26.70933208857068,-4.713713658871374,132.10210183636175,0.0,-0.016980468641640708,0.018265612360805684,0.046647165254826636,-62.503068805336184,0,-1.2876117863332937,0.28598208953515325,-132.10210183636175,0.05289543398551586,0.015297315900145285
2026-09-19 19:27:00,10.18690758716976,26.936145210371926,-5.170640709008292,138.44396333341766,0.0,0.029307588549970367,0.011367042970852859,0.03731127407394221,-63.036078903355474,0,0.630242101996993,0.22681312180124635,-138.44396333341766,0.048788068065218584,0.015905769271153985
2026-09-19 19:28:00,10.52267655805182,26.781338494296225,-4.645133050876969,129.68697162103933,0.0,-0.03591226441284633,0.01586451435620197,0.026488417868878303,-63.74311653452216,0,0.3357689708820608,-0.15480671607570073,-129.68697162103933,0.04736042474696188,0.014509038877088572
2026-09-19 19:29:00,10.093174879539244,27.122609872651847,-4.899929391815714,131.17992115001596,0.0,-0.024583420670366344,-0.014912409343443471,0.04060936750060301,-63.99190166126918,0,-0.42950167851257604,0.3412713783556214,-131.17992115001596,0.04975786624325492,0.014565419385010261
2026-09-19 19:30:00,21.87849667856479,27.94367902659574,1.7625302308766622,127.78582874901582,181.51785717957353,-0.04598911047339797,-0.012392475093785799,0.06804104664586301,-62.83707498741136,0,11.785321799025546,0.8210691539438919,53.732028430557705,0.0830551368053115,0.01205418841631651
2026-09-19 19:31:00,22.2387431801273,28.09634750747897,1.9926674729469553,130.54375348780616,181.56071701440703,0.03602090393078668,0.015048724016349586,0.04690318217963273,-62.82340529930826,0,0.3602465015625107,0.15266848088323215,51.016963526600875,0.06102358653084098,0.012038154836083021
2026-09-19 19:32:00,22.29339761258658,28.37086782178172,1.8642918467032876,131.3808148749469,182.19509551585438,0.00664692742944007,-0.01535458285537224,0.057759681608964046,-61.33796643723249,0,0.054654432459280144,0.27452031430274815,50.81428064090747,0.06013423050545865,0.01125502062088522
2026-09-19 19:33:00,22.60700737772148,28.608741897629915,1.863977429666043,130.5845270208104,182.83001581081436,0.013188035796969899,0.02891270093316174,0.02875554856906642,-63.852965333518526,0,0.313609765134899,0.23787407584819675,52.24548879000395,0.04285732302583246,0.011278427011179572
2026-09-19 19:34:00,22.589663012224207,28.64546560633592,2.1559835162026917,126.94091404087342,182.38625424535314,0.006020024678369515,-0.006471821425620632,0.039917139320356725,-62.24585409936873,0,-0.017344365497272918,0.036723708706006164,55.44534020447972,0.04088402109888494,0.01210031837059399
2026-09-19 19:35:00,23.32221816300481,28.838535384746383,2.0109010014670465,130.61908531397634,184.2329052323085,0.011475355222891693,0.010037887797212439,0.0364551038263765,-62.58019986177971,0,0.7325551507806018,0.1930697784104609,53.613819918332155,0.03951477652616631,0.012947695759363439
2026-09-19 19:36:00,23.609060302965055,28.984976731077552,1.9990956328719398,134.3865878161529,182.26051110555957,0.001561554277919789,0.0419849903851018,0.047976999899128854,-61.76812021295399,0,0.2868421399602461,0.14644134633116934,47.87392328940666,0.0637728028921498,0.013420998024944368
2026-09-19 19:37:00,23.33157413318832,29.124960052025642,1.8687278020099656,131.34590729354358,186.2454976187874,0.005418426854148827,-0.014124467081361532,0.07421955480535243,-63.92111820392738,0,-0.27748616977673635,0.1399833209480903,54.89959032524382,0.07574564169251548,0.014942562764117184
2026-09-19 19:38:00,23.14172654302723,29.16208211355704,1.782302187418707,132.88596156721553,185.19637869469338,0.0021520687244590154,0.0013752350168956557,0.054602389432279186,-62.629857512183214,0,-0.1898475901610901,0.03712206153139874,52.31041712747785,0.05466208560657711,0.014626240195633815
2026-09-19 19:39:00,23.5827091853509,29.522450643659877,1.7518183742889168,129.28896408996212,185.62609046184332,-0.012171836111385571,0.02108366329274615,0.06695612533278086,-62.461949052019435,0,0.44098264232367157,0.36036853010283565,56.3371263718812,0.07124462907295806,0.014994764197061692
2026-09-19 19:40:00,23.862505556385923,29.575444044490226,1.9329466219581866,132.24970071827113,188.7744981503859,-0.000932495304293383,0.019025547777530627,0.04745563272314337,-64.88749448637482,0,0.2797963710350224,0.0529934008303492,56.52479743211478,0.05113587872405739,0.012575875634852799
2026-09-19 19:41:00,24.2424105787936,29.71286274962642,2.3664637880981303,130.83780351464958,191.69607817330353,0.005471891465233553,-0.0065563062047871625,0.06364869373855073,-64.2489215984576,0,0.37990502240767654,0.13741870513619503,60.858274658653954,0.06421902336443659,0.012754282849254476
2026-09-19 19:42:00,23.956165926628938,29.712739264346247,2.5460601980502333,127.1472678109383,191.1570240716769,0.0022109823910426156,-0.010334608750437081,0.07073256706682891,-63.47088292920837,0,-0.2862446521646618,-0.0001234852801736963,64.00975626073858,0.07151775041919008,0.013602700090862008
2026-09-19 19:43:00,24.189996927351512,29.859516142485674,2.1755973776362247,130.95556301439663,186.49458064692558,-0.02955544215506634,-0.004662718650901035,0.04890630933589542,-63.08069541704624,0,0.23383100072257434,0.14677687813942697,55.53901763252895,0.0573331684023936,0.012597892917789209
2026-09-19 19:44:00,24.730073590308407,29.99140723946495,1.8143877344424293,127.02491000967908,187.87524102674394,-0.026899733372168187,0.028957155323027277,0.044607352887726354,-63.637844649558225,0,0.5400766629568956,0.13189109697927748,60.85033101706486,0.059598057279963534,0.010880145868587807
2026-09-19 19:45:00,25.008227689705205,29.950264992674857,2.4935980806275517,128.10135917534564,191.85649224201697,0.021656828678327824,-0.005582117127198931,0.036821890630098476,-63.49357865986438,0,0.27815409939679725,-0.041142246790094816,63.755133066671334,0.043081665353130724,0.01013505424793648
2026-09-19 19:46:00,24.682946150046888,30.0201846170053,1.6845382868263472,130.56798492187713,188.03076124333845,-0.006139880917668036,0.0015623138496692998,0.04690939741423031,-65.37365979273169,0,-0.32528153965831663,0.06991962433044208,57.46277632146132,0.04733529896403116,0.01097515792727237
2026-09-19 19:47:00,24.60515650437587,30.204498610929594,2.2716109285526938,130.89173282014036,189.46738180453065,0.01169450694071881,-0.008535729418468502,0.050818966752007914,-66.12818994442833,0,-0.07778964567101809,0.18431399392429526,58.575648984390284,0.052841153952516165,0.009522165131834605
2026-09-19 19:48:00,26.1185430988963,30.382349791562305,2.2266673054737334,126.43230260476861,190.83858050683105,-0.02184239819444793,0.014110971295919735,0.07030953617349149,-64.7032825892401,0,1.51338659452043,0.177851180632711,64.40627790206244,0.07496426313071183,0.01095456000416802
2026-09-19 19:49:00,25.48865329028411,30.319956131989212,2.0820907575581358,133.16195731354864,187.52631196714685,-0.0294629175329306,0.003110500751673127,0.03705026025903914,-66.26696327257555,0,-0.6298898086121909,-0.062393659573093174,54.36435465359821,0.0474390188530598,0.010659628929513752
2026-09-19 19:50:00,25.285782810701477,30.32796423364921,1.7902141320513492,131.7160188349014,189.30372528054875,-0.016871932250634263,-0.02006867621516458,0.05059661893696978,-66.15249297009093,0,-0.20287047958263216,0.008008101659999767,57.58770644564734,0.056986241416257966,0.010464036080467622
2026-09-19 19:51:00,25.730402285035318,30.382155759647382,2.308455954522836,127.88581469316735,185.96404267665233,-0.004451301415428265,-0.019376482280699887,0.03185691878610383,-64.60245981212209,0,0.44461947433384097,0.054191525998170675,58.07822798348498,0.037551636774043363,0.011873522805640259
2026-09-19 19:52:00,25.527492451331415,30.44092426752311,1.903254448623344,125.38724561065247,186.88222875029348,-0.013302805985688247,-0.03997211133111014,0.045732371711614324,-65.58949482208965,0,-0.20290983370390236,0.05876850787572607,61.49498313964101,0.06217864708827934,0.010730408950753476
2026-09-19 19:53:00,25.91120282777214,30.462859964041236,1.956713650947099,129.5652862627557,188.09661599005227,0.025878670462114277,-0.016626428182512323,0.05311395357412019,-66.58519171888318,0,0.3837103764407246,0.021935696518127656,58.531329727296566,0.06137781165265458,0.010946943322277325
2026-09-19 19:54:00,25.77597430320177,30.71548615282442,1.761326627304466,128.66216885841652,183.56864433844817,0.003590466030749231,0.015878916072643443,0.055125831526885584,-66.94647201428239,0,-0.13522852457036905,0.2526261887831822,54.906475480031645,0.05747946349341294,0.010853881822044662
2026-09-19 19:55:00,25.82332004687262,30.593981957228145,1.667937656071261,130.33942137115906,186.86567091696037,0.03697877237123717,0.02647521076024536,0.05589023079641922,-65.85024793904569,0,0.047345743670849316,-0.12150419559627323,56.526249545801306,0.07205611902788127,0.011430779154982498
2026-09-19 19:56:00,25.820158181199535,30.569527199686,2.026230088654407,128.9106500165333,185.11573812036127,0.008088163081428344,0.01371116726434368,0.053974040328868454,-66.47171700267724,0,-0.0031618656730856287,-0.02445475754214499,56.20508810382796,0.05627265338692417,0.010927664253480456
2026-09-19 19:57:00,25.468679031267712,30.551477113622827,2.5541160126176647,123.97762941776497,185.3787787111726,-0.04825101635839622,0.011092644012813626,0.05580421940096241,-68.09907751049091,0,-0.35147914993182283,-0.018050086063173154,61.40114929340763,0.07460106054047744,0.011926017223134295
2026-09-19 19:58:00,26.523227389771783,30.291489756777512,2.496336422485139,128.83495918509652,183.79770976968837,0.02112083212917109,-0.0025305209905729913,0.05045739129002664,-69.02009815235057,0,1.0545483585040714,-0.2599873568453148,54.962750584591845,0.05475802609761616,0.010782980254211238
2026-09-19 19:59:00,25.68839178807003,30.21526376525367,2.020775139034837,129.08314266679506,185.1207741520875,-0.030191032449399097,0.01549829109827974,0.039521336940110285,-65.36384366919135,0,-0.8348356017017515,-0.07622599152384169,56.03763148529245,0.05209252864721977,0.010365542411851525
2026-09-19 20:00:00,25.58197287352304,30.1625565379108,2.000502898283944,131.90098307432217,181.66164908589448,0.0046106733442267825,0.005725564461637685,0.031483430363199436,-65.36384366919135,0,-0.10641891454699248,-0.05270722734287148,49.76066601157231,0.03233027659216605,0.013293766682455655
2026-09-19 20:01:00,25.93527709193052,30.33233795737769,1.8911187335112631,127.90540097616685,179.5569955420824,-0.015493681153276897,0.03608897943974249,0.04453312178262783,-65.36384366919135,0,0.35330421840748016,0.16978141946689007,51.65159456591556,0.059377331772216956,0.011599321913491988
2026-09-19 20:02:00,25.70985286811287,30.060042728526618,1.6935205515133236,135.0360240201177,179.66085357178878,0.04285422068928373,-0.0019689062835349692,0.04865384566936771,-65.36384366919135,0,-0.22542422381765093,-0.27229522885107116,44.62482955167107,0.06486568832023466,0.011730760185333818
2026-09-19 20:03:00,25.971946276647593,29.896105391325047,1.9045724400815376,124.26507834804472,179.5091391166403,0.028791958548602708,0.026860161674722622,0.06253931797175481,-65.36384366919135,0,0.2620934085347244,-0.16393733720157044,55.24406076859559,0.07390271615190439,0.012698393174000209
2026-09-19 20:04:00,26.172988396378404,29.875640524938156,1.59647276461935,133.93350249340787,177.5423091203831,-0.014836412834035164,0.017482281636357202,0.048993983248438136,-68.45902608518065,0,0.2010421197308112,-0.0204648663868916,43.60880662697522,0.05409398960645325,0.012810982178135796
2026-09-19 20:05:00,26.234534657654514,29.78385415117435,1.7948638844264952,129.3270430873657,176.57335110551156,-0.0025471533624222354,0.014708865724083175,0.04803430965783308,-69.3504808932577,0,0.06154626127610996,-0.0917863737638065,47.24630801814587,0.05030043365066949,0.01226517087408198
2026-09-19 20:06:00,26.139809739999286,29.715499278747334,1.3697386818821375,132.57875461703065,174.17081219143796,0.004891961392984348,-0.0402298265092364,0.0538552712684178,-69.40998802612137,0,-0.09472491765522761,-0.06835487242701532,41.592057574407306,0.06740000349130983,0.012663967076155276
2026-09-19 20:07:00,25.753411195465496,29.58719393330268,1.5250880080084372,130.2394044521762,173.37583675581317,0.01726828143123221,0.018583791230954216,0.047299880125487984,-67.61821536859601,0,-0.3863985445337903,-0.12830534544465522,43.13643230363698,0.05367335931343838,0.011344558706004428
2026-09-19 20:08:00,25.800077899048134,29.34578156420077,1.333226259732538,133.41866660807642,171.0762105469734,0.0005830382465002536,-0.0025501595781830667,0.05810541998946939,-66.54808066726024,0,0.04666670358263758,-0.24141236910190855,37.65754393889699,0.058164276662086234,0.011344939137861155
2026-09-19 20:09:00,25.838202575284726,29.357319068805033,1.8718370130444106,128.83791410634157,176.62149189453413,-0.020497897987617336,-0.008878529888697835,0.06979333618383879,-68.37784812494617,0,0.03812467623659188,0.01153750460426295,47.78357778819256,0.07328097905026658,0.012340364747652408
2026-09-19 20:10:00,25.109853480120105,29.079262213214513,1.3310832032341628,126.70413872446656,169.94424857613814,-0.014351172784001059,-0.029658260823558266,0.07190785514210701,-68.50074247628261,0,-0.7283490951646208,-0.2780568555905205,43.240109851671576,0.07909682816960938,0.009825588603077064
2026-09-19 20:11:00,25.72062488456946,28.97690314449387,1.2814739022767156,134.2615128618132,170.43141849376408,-8.96359275358266e-05,-0.00011174267936366228,0.050970406272444896,-67.18973420009247,0,0.6107714044493555,-0.10235906872064149,36.16990563195088,0.05097060757538591,0.010542938581691277
2026-09-19 20:12:00,25.015647680320345,28.906147782440097,1.8176821538952599,129.65955806235357,169.84742774472574,0.024689139575293822,0.0006710319363648522,0.05336892364695448,-68.49531731577713,0,-0.7049772042491149,-0.07075536205377375,40.18786968237217,0.058806852560415256,0.010570721428860987
2026-09-19 20:13:00,25.959699142865936,28.614507120011275,1.7315089578572487,130.66467542087264,172.62818938639435,0.00855675721072088,-0.02606003843629609,0.06578856120373483,-67.43754369850917,0,0.9440514625455911,-0.29164066242882214,41.96351396552171,0.07127747528162047,0.010269730765293967
2026-09-19 20:14:00,25.112631089885852,28.459957723369094,1.5623295298629698,133.7042557421344,169.8940799045208,-0.015468298532300319,-0.02946560345787384,0.04850037977103729,-67.5540590787232,0,-0.8470680529800845,-0.1545493966421816,36.1898241623864,0.05881986811066371,0.009985297248685519
2026-09-19 20:15:00,25.056830234393306,28.41196682511898,1.6411738214277425,126.90413427371669,172.7201829686965,0.0129674555541958,0.009732389602562223,0.056791921419241796,-67.87114613059674,0,-0.055800855492545764,-0.047990898250112934,45.8160486949798,0.05906095706484479,0.009179091145269982
2026-09-19 20:16:00,24.75190871893552,28.101366437476816,1.3831150849607703,131.78647269291778,168.71610871517763,-0.007739696777563197,0.01743410262122754,0.038648398703141754,-67.32594867799625,0,-0.3049215154577851,-0.3106003876421646,36.92963602225984,0.04309929886591109,0.010947378294531723
2026-09-19 20:17:00,24.656902401606672,27.982168863522855,1.712177233990416,128.23031573061132,170.5587557488066,0.017808160103736825,0.003805658198448435,0.04689160851725002,-65.3799556172286,0,-0.09500631732884912,-0.11919757395396147,42.328440018195266,0.05030344471245261,0.011233282519022947
2026-09-19 20:18:00,25.384080792947575,27.90963885923534,1.6964856727653004,129.6034919330669,168.3676598051221,0.05054020836657211,0.02301669299368726,0.06156114616645307,-66.35639791848989,0,0.7271783913409031,-0.07253000428751477,38.7641678720552,0.08290871809061805,0.013256590659064685
2026-09-19 20:19:00,24.833169715125006,27.893538822528853,1.189998532893087,130.21683689615287,174.46577212930347,-0.00717652741887099,-0.001727699687029972,0.04281804366212377,-65.67264349232981,0,-0.550911077822569,-0.01610003670648652,44.248935233150604,0.043449653106255155,0.013964207388362314
2026-09-19 20:20:00,23.929127842871473,27.58412054328756,1.2560626671489736,125.49933441565919,168.0355604153096,0.016032103194527417,-0.0010870254880040475,0.04871948821270323,-67.47580123707392,0,-0.9040418722535328,-0.3094182792412923,42.5362259996504,0.05130105738636657,0.01236684150294299
2026-09-19 20:21:00,24.681998739771238,27.408411221231923,1.8225318819104601,127.66348887153869,171.36149459717674,-0.014907866640754594,-0.01834056057481581,0.034257903543978806,-65.2423263221338,0,0.7528708968997648,-0.1757093220556385,43.698005725638055,0.04162000246522779,0.013198873783597397
2026-09-19 20:22:00,24.419978169828283,27.254632849546212,1.315328861968499,134.0532186772394,172.4330072046627,-0.0022452753438259514,-0.031204839551074347,0.07005768294509637,-65.47110947541863,0,-0.26202056994295475,-0.15377837168571062,38.37978852742327,0.07672589010505863,0.014739016375381135
2026-09-19 20:23:00,23.803758426473042,26.938186450602267,1.2887397781094423,132.65857356575438,172.504923772664,0.0005912457374420259,0.0370932426771917,0.06263028069816903,-67.37388875315386,0,-0.6162197433552414,-0.31644639894394544,39.84635020690962,0.07279292743228921,0.01489926041063832
2026-09-19 20:24:00,23.80152860354427,26.90525856563086,1.2523713218389658,129.8120812680183,171.90177980668471,-0.0038736732008876115,0.022625981004994928,0.051880995661527485,-65.09259666492123,0,-0.0022298229287720517,-0.032927884971407195,42.089698538666426,0.05673251335290109,0.014901246916923124
2026-09-19 20:25:00,23.522160744383005,26.743830729695496,1.3874104085944121,130.72937037553868,172.68495534482923,0.04926027377550048,-0.02785025134276957,0.055075128720823284,-65.89936723846496,0,-0.2793678591612654,-0.16142783593536336,41.955584969290555,0.07896506110874575,0.016347609216367617
2026-09-19 20:26:00,23.931726571957697,26.63764200175407,1.314443431963249,129.11727248309063,173.77495656523502,-0.006131861493567647,0.0031150381566256093,0.053958981069433684,-66.68292283054136,0,0.40956582757469207,-0.10618872794142575,44.657684082144385,0.054395540498693766,0.01543071382963551
2026-09-19 20:27:00,22.911024992672548,26.48200607789079,1.8514113693065917,134.06975015748395,174.19914057076664,0.01173703077569736,-0.0020009262220733333,0.06384311753030786,-64.75741780900846,0,-1.0207015792851486,-0.1556359238632794,40.12939041328269,0.06494386232096572,0.01500008742385903
2026-09-19 20:28:00,23.000800499788646,26.379992868761086,1.7056125814908412,129.3989422666175,177.28173643945226,-0.038601737386468646,-0.005479849463260864,0.04481199957628628,-64.09900826234002,0,0.08977550711609794,-0.10201320912970502,47.882794172834764,0.05939897461588856,0.0131545373532505
2026-09-19 20:29:00,22.633246990146265,26.189909868236086,1.7736510730215922,130.69552627640454,180.68227935488034,0.008639931267392206,-0.008180356956298788,0.05732267619928232,-64.23981217830912,0,-0.36755350964238076,-0.19008300052500005,49.9867530784758,0.058544477612200926,0.011840670248087666
2026-09-19 20:30:00,12.877375120341867,26.113854653467357,-4.648030751838799,133.4380904324262,0.0,0.022841091847044935,0.007625382939359577,0.060774164988521735,-64.25815202845607,0,-9.755871869804398,-0.07605521476872923,-133.4380904324262,0.06537094975437545,0.011312727086444018
2026-09-19 20:31:00,13.86104244122414,25.88055388179098,-4.367098307056053,127.66788554546228,0.0,-0.010551946851581019,0.01636351050942949,0.06215325970476457,-64.24309818845654,0,0.9836673208822724,-0.23330077167637597,-127.66788554546228,0.06513168008334125,0.008474519116085799
2026-09-19 20:32:00,12.739997579419008,25.875559760001728,-4.620692638456596,134.67636755349068,0.0,-0.05020444282080826,0.008047823380564109,0.027406291161683024,-61.21697187178636,0,-1.1210448618051316,-0.004994121789252404,-134.67636755349068,0.05776121826408706,0.007722123878146754
2026-09-19 20:33:00,13.046560398927731,25.960143923783694,-4.264154745888838,125.40861577076987,0.0,-0.000773035376546502,-0.0024103674875838744,0.04400725521734856,-64.64631295680313,0,0.30656281950872355,0.08458416378196532,-125.40861577076987,0.04407999508715315,0.009064501479108655
2026-09-19 20:34:00,12.340009290119792,25.776132073141657,-4.943630767063115,134.8889263933384,0.0,0.0003436770077105615,-0.0031445343378224,0.03980829378698096,-62.38166754806528,0,-0.7065511088079397,-0.18401185064203673,-134.8889263933384,0.039933775983720346,0.011161103165776006
2026-09-19 20:35:00,12.620365472152148,25.675371643084787,-4.662500976996518,128.88197324814408,0.0,0.014481501014886083,0.018736286338453333,0.05149588285570686,-63.042126414930536,0,0.28035618203235657,-0.10076043005686941,-128.88197324814408,0.05667969873322673,0.008638908201759334
2026-09-19 20:36:00,12.741256386386876,25.810607142901645,-4.463047374501693,129.27190375652415,0.0,0.04021806070826868,0.009268898762321245,0.02983969780485728,-63.72845718339325,0,0.12089091423472809,0.1352354998168579,-129.27190375652415,0.05092948513862427,0.008806164809954768
2026-09-19 20:37:00,12.239093816050325,25.439011826797962,-4.5458338654154655,124.32996948645118,0.0,-0.0076010730120061355,0.0014537892607086637,0.029543771090543975,-62.753586430715444,0,-0.5021625703365515,-0.3715953161036829,-124.32996948645118,0.030540534121047423,0.011386431760117239
2026-09-19 20:38:00,12.53224135130495,25.42902364152674,-4.595150463829263,128.63561584786692,0.0,-0.01712576247320561,-0.0007180259520021564,0.07170094991876261,-63.94524369918282,0,0.2931475352546258,-0.00998818527122225,-128.63561584786692,0.07372132337939485,0.013078556145254628
2026-09-19 20:39:00,12.143592726303686,25.687043632043967,-4.4516965473621575,126.88058040691935,0.0,-0.023338356027428866,0.0069054101922457764,0.05617689388263341,-63.01191315532229,0,-0.38864862500126485,0.25801999051722646,-126.88058040691935,0.06122260169485491,0.013202658106038035
2026-09-19 20:40:00,12.439437523196744,25.50720880086007,-4.420715160819338,128.17706096387957,0.0,0.003961572340631987,-0.009366973771188988,0.05121009243198812,-62.34539988954875,0,0.29584479689305887,-0.17983483118389643,-128.17706096387957,0.05221022715841188,0.012646975460266554
2026-09-19 20:41:00,12.366642630562232,25.4762900087273,-4.983681446139518,129.58806710263337,0.0,0.009587085176370039,0.01643077634616421,0.05363672647838982,-63.750375238969376,0,-0.07279489263451211,-0.030918792132769823,-129.58806710263337,0.05691028941091626,0.012039297745341198
2026-09-19 20:42:00,11.648978604902103,25.389668045400835,-4.602528543001451,132.87337484341873,0.0,-0.01091310788725169,-0.021517171236757334,0.0514634092374918,-61.61310660156084,0,-0.7176640256601292,-0.08662196332646488,-132.87337484341873,0.05683807766045829,0.011997077707098595
2026-09-19 20:43:00,11.715687048221797,25.57446266692219,-4.711845170648983,130.62281005420186,0.0,0.01557365491451579,-0.008229130195329637,0.05997350656551526,-63.02347311482987,0,0.06670844331969406,0.1847946215213554,-130.62281005420186,0.06250663005579496,0.01200823017708933
2026-09-19 20:44:00,11.6167340334039,25.61521866590439,-4.534330956405814,130.92302996020334,0.0,0.009307681536383514,0.012222121908920481,0.043675558079360216,-63.47206281833186,0,-0.09895301481789787,0.04075599898219906,-130.92302996020334,0.0462986778761858,0.01131998590970243
2026-09-19 20:45:00,11.618480417703957,25.493239877258663,-4.370093727009866,126.7134418334633,0.0,0.0008646337928978074,-0.022657656267085463,0.0518661482607357,-63.08206948115487,0,0.0017463843000573576,-0.12197878864572687,-126.7134418334633,0.05660577986847134,0.011318635813705093
2026-09-19 20:46:00,11.310488599477768,25.64122915773469,-4.2269076210330185,127.3577377311918,0.0,-0.01804829441488251,-0.03146017085299001,0.05227421267937716,-59.827817284478655,0,-0.3079918182261885,0.14798928047602544,-127.3577377311918,0.0636244967967084,0.0115485812002003
2026-09-19 20:47:00,11.239818189115486,25.68468975820697,-4.5648869510134,135.39617505505393,0.0,-0.009637286309694461,0.001261553508584802,0.03953142041541663,-64.00475039352095,0,-0.07067041036228261,0.04346060047228306,-135.39617505505393,0.04070874604713913,0.00927752937838579
2026-09-19 20:48:00,10.98994471496071,25.816961075341492,-4.294771270896164,127.79439689571026,0.0,-0.0485951059536509,-0.03392916308892942,0.06276983059063053,-61.63411403404614,0,-0.249873474154775,0.13227131713452067,-127.79439689571026,0.08632916113885379,0.012191632680355006
2026-09-19 20:49:00,10.981913423998023,25.76237288353093,-4.5315739631728915,134.9686247561719,0.0,0.004715741283960673,-0.02597607108103723,0.04554323260098591,-62.88575806920026,0,-0.00803129096268762,-0.05458819181056285,-134.9686247561719,0.05264200338524224,0.01226679755178384
2026-09-19 20:50:00,11.225775078342197,26.091871266532365,-4.55853907458529,129.2708164033574,0.0,0.0005268257749487046,0.015131882370128642,0.06017421669808901,-62.56802506236463,0,0.24386165434417428,0.32949838300143597,-129.2708164033574,0.06204988126249022,0.012192657684053412
2026-09-19 20:51:00,10.924439220478286,26.15967115926979,-4.636665261465151,130.00686380843052,0.0,0.0037695798217897286,-0.004095705152114716,0.0511491272637148,-61.717050037252434,0,-0.30133585786391137,0.06779989273742615,-130.00686380843052,0.051451120032178076,0.012389944297700854
2026-09-19 20:52:00,10.8408517930193,26.141766577720002,-4.582975707674683,133.21109548068978,0.0,0.010086380311291205,0.025709738994179707,0.06633584832409059,-61.88783986114249,0,-0.08358742745898518,-0.017904581549789356,-133.21109548068978,0.07185520523810088,0.013133930739797036
2026-09-19 20:53:00,10.753341574798565,26.2745320201692,-4.632715140635394,133.81567726581596,0.0,0.007716429728644459,-0.0240962868187491,0.03958620911478476,-63.26278164563353,0,-0.08751021822073568,0.1327654424491982,-133.81567726581596,0.04698129711159535,0.013634895197742537
2026-09-19 20:54:00,10.40272560961519,26.408191190291433,-4.692797615889178,129.66756231916273,0.0,-0.0022076636129207054,-0.001879047312645688,0.039152411984895504,-64.09611724360339,0,-0.35061596518337446,0.1336591701222325,-129.66756231916273,0.03925959706448812,0.014454809867674176
2026-09-19 20:55:00,10.463855487469992,26.476673540338577,-4.520294991075325,128.8352708394354,0.0,0.0009733608632550489,0.007991691064155187,0.040943044089956915,-62.2880574835448,0,0.061129877854801506,0.06848235004714454,-128.8352708394354,0.04172705856859755,0.01526043815429578
2026-09-19 20:56:00,9.969244128300906,26.649254489979867,-4.643884959586681,129.83223865443335,0.0,-0.02808632833392339,-0.023410298602578178,0.051332955505143746,-62.54423059872516,0,-0.4946113591690864,0.17258094964129,-129.83223865443335,0.06302345786162396,0.015226743160775415
2026-09-19 20:57:00,10.609603263012449,26.811467514698148,-4.849853459716881,131.01387258469634,0.0,-0.011674412913788517,0.020635238089992493,0.06541468395778205,-63.5811969889221,0,0.6403591347115434,0.16221302471828025,-131.01387258469634,0.06957863066494495,0.014820519065687626
2026-09-19 20:58:00,9.336105940466433,27.149838842976585,-4.4802618181750615,132.67391106060927,0.0,0.0010094210736692278,0.010213577663320777,0.06593093618165251,-63.06572769284028,0,-1.2734973225460156,0.33837132827843774,-132.67391106060927,0.06672499116056733,0.011696076079901549
2026-09-19 20:59:00,10.095008561501146,27.23776495090905,-4.63227049352907,130.01268957698247,0.0,-0.01471707151824721,-0.032185741733748684,0.026900313995615602,-64.1753035465524,0,0.7589026210347125,0.08792610793246425,-130.01268957698247,0.044453808139320164,0.012270950033178437
2026-09-19 21:00:00,22.34226879314508,28.093465470733662,2.1690271847888414,131.85665889406945,181.11665382504344,0.01720301591745093,-0.0007548359241720101,0.05249707161222539,-62.827037565034786,0,12.247260231643935,0.8557005198246124,49.25999493097399,0.055249036749862084,0.012067339030308445
2026-09-19 21:01:00,21.79075629699391,28.20353579860892,1.3261610371200432,134.91507919681283,181.1503449492931,-0.01317264161910061,0.007719134725172655,0.017870463894849774,-62.00644845877725,0,-0.5515124961511724,0.11007032787525972,46.235265752480274,0.023504404011753993,0.015682837250865025
2026-09-19 21:02:00,22.519267641872368,28.22061385566266,1.742939833147363,131.14392883679434,183.06420529284335,0.004326108224966326,-0.01180113347056115,0.057950317937850354,-61.52253756421971,0,0.7285113448784593,0.01707805705373744,51.92027645604901,0.05929773446483483,0.014386498369136259
2026-09-19 21:03:00,22.39352259592069,28.492524216529915,1.7986312070681856,130.93495856801434,181.11385488045465,0.0023313131363067174,-0.029597298110176275,0.061181694148952075,-61.78401246531563,0,-0.12574504595167824,0.2719103608672562,50.178896312440315,0.06800466730525248,0.015247562333907548
2026-09-19 21:04:00,22.684036343623585,28.755842323820175,2.3271061318982422,125.44326752472979,184.23290507115865,0.014925551872208193,0.005569175788948205,0.04959755725307815,-61.65596648097912,0,0.29051374770289584,0.2633181072902602,58.789637546428864,0.052093238554831174,0.014475394119031221
2026-09-19 21:05:00,23.273398125209923,28.692160279053653,2.217715903188982,122.10780958951281,181.96682639223206,0.018015823480566042,0.04422485900565123,0.05083981577494755,-63.017249673507635,0,0.5893617815863372,-0.06368204476652295,59.85901680271925,0.0697502323851559,0.014469323536711574
2026-09-19 21:06:00,23.241497904410902,29.037201176458954,1.999910458820523,131.1651271876905,185.42397261125294,0.013880652219358788,-0.007739681983153809,0.0507363889294024,-60.785371189570625,0,-0.03190022079902022,0.3450408974053012,54.258845423562434,0.05316724879877398,0.014361435424208684
2026-09-19 21:07:00,22.7612844694565,29.357040623916276,1.7359341801780974,129.71552730615738,184.63436158944734,-0.04212012402766267,0.031384823625694176,0.04215558081258754,-62.83848707584365,0,-0.48021343495440405,0.31983944745732273,54.918834283289954,0.06735135481761459,0.014146251656864652
2026-09-19 21:08:00,23.264745707315125,29.377198041927226,1.8131420437169607,128.45565197525576,185.7025010238157,0.023882962960262533,-0.015045776435229365,0.054317057853214806,-62.76125386914575,0,0.5034612378586267,0.020157418010949613,57.24684904855994,0.06121367561362134,0.013782931944618925
2026-09-19 21:09:00,24.032462856911547,29.553009097043788,2.1921746761342913,130.73059061255904,190.30545544669573,0.03054616448389196,0.004310912700199035,0.04768591998346743,-64.12358930259641,0,0.7677171495964217,0.17581105511656148,59.57486483413669,0.0567943579737933,0.013234669702169114
2026-09-19 21:10:00,24.052384969874712,29.56775838271856,1.8978409896955504,129.81878881240928,190.5973300892675,-0.009642485686429388,0.015430450617522387,0.05930291709289619,-63.17661842404811,0,0.01992211296316526,0.014749285674771073,60.77854127685822,0.0620315428810191,0.01332877777983997
2026-09-19 21:11:00,24.61518958747992,29.770167795502665,1.9203033460323842,133.3833407519017,190.1303498424287,0.004732938253456996,-0.00016827331942730026,0.0488637306548077,-62.64235588874434,0,0.5628046176052095,0.20240941278410673,56.747009090527,0.04909270000648428,0.007130384272303924
2026-09-19 21:12:00,24.76336417178413,29.721604905813404,2.1315203488725345,130.25833260477694,187.1357653303271,-0.01781663360261564,-0.005954712977624624,0.041389768935117414,-62.61658246970291,0,0.1481745843042077,-0.04856288968926137,56.877432725550165,0.04545331684352809,0.008473460473332776
2026-09-19 21:13:00,24.31807208390012,29.98502456351872,1.9908042459015314,127.7592301447895,189.00276495478232,-0.038967570134643026,0.014522550427007475,0.0346413532913449,-62.03290158749377,0,-0.44529208788400965,0.2634196577053167,61.24353480999282,0.054123925864252215,0.007857107842886896
2026-09-19 21:14:00,25.32784209047161,30.074459472642104,2.439292406149687,132.97049871687787,192.28069269984297,-0.014774305310847726,0.037829102305384416,0.031359351749442876,-63.300109064845465,0,1.0097700065714896,0.08943490912338348,59.3101939829651,0.05131013565363738,0.00791631262303644
2026-09-19 21:15:00,24.73389894104891,30.13266857942351,2.4201364444961126,129.3486067751614,190.25838369332035,-0.010802780789272206,0.0060117384927826254,0.06312509343954435,-63.77711971701449,0,-0.5939431494226994,0.058209106781404785,60.90977691815897,0.06432432272661624,0.007090356070994782
2026-09-19 21:16:00,24.580623803275383,30.320588791496913,1.937672609595252,131.5796100510169,194.63439511037845,-0.0070970146270363105,-0.010321203530606948,0.04542210647140981,-64.74058239160534,0,-0.15327513777352664,0.18792021207340426,63.054785059361535,0.04711754042006723,0.0076416657158585215
2026-09-19 21:17:00,24.815029660787996,30.210694920208713,2.0326513192883113,128.5677678814216,190.70328378331342,-0.01917828180011976,-0.0037950311451936604,0.05338574190081649,-65.2011800029333,0,0.23440585751261267,-0.10989387128820027,62.135515901891836,0.05685284682844288,0.0065312505681577055
2026-09-19 21:18:00,24.456290106923106,30.311391963270697,1.759703665324378,128.0505193435077,190.122574541762,-0.014668503336344778,0.05039415291290749,0.06783229891744519,-63.81753988032874,0,-0.35873955386488987,0.10069704306198446,62.072055198254304,0.08576687247628595,0.011737392205654104
2026-09-19 21:19:00,25.73576772163228,30.394816075118037,1.936062558130089,130.2525046905571,188.84476794846913,-0.00022012643256815394,0.0026981423267625564,0.04437195668702109,-64.08653968262253,0,1.2794776147091724,0.08342411184733933,58.59226325791204,0.044454459482673486,0.012423523631719908
2026-09-19 21:20:00,25.844312535944745,30.326883656299344,2.271905200571277,130.03848593063105,189.36005607782138,-0.015404539662202841,-0.011888273971559456,0.043725225156188464,-66.3641833448919,0,0.10854481431246654,-0.0679324188186925,59.32157014719033,0.04785944227826538,0.012473952420676835
2026-09-19 21:21:00,25.165040670732072,30.486317519351175,1.94892361467457,131.4394811061005,188.32715399372765,0.010870486651000558,-0.0229013583296508,0.04867838247644676,-64.811642279795,0,-0.679271865212673,0.15943386305183083,56.88767288762716,0.05488373724425011,0.012321526457056725
2026-09-19 21:22:00,25.49646415373117,30.314565468542256,2.2459851148482763,129.19406274007076,189.50118139157308,0.013633213027948789,-0.036518021882252116,0.05029432700419993,-65.12821068746065,0,0.3314234829990994,-0.17175205080891942,60.30711865150232,0.06363135821639729,0.012059542089064547
2026-09-19 21:23:00,25.679738024275856,30.60294131376607,2.0126594258674926,124.49092064868881,189.37045675535637,0.047607754923289794,0.007271685476923801,0.06887551350255847,-67.13085569864197,0,0.18327387054468502,0.28837584522381476,64.87953610666756,0.08404291819512481,0.014683639508671553
2026-09-19 21:24:00,25.440050428226268,30.503597744260357,2.17677271288998,128.70167834923484,185.1826528844956,0.02251359864246924,0.013092839856490074,0.06565820594094113,-65.70798370485225,0,-0.23968759604958834,-0.09934356950571299,56.48097453526077,0.07063486806616776,0.014680992778296872
2026-09-19 21:25:00,25.269407868040997,30.436430603989034,1.7082924448604933,132.38145540143145,183.32225553392402,0.004862061166568289,-0.007933923599304137,0.056208754159067474,-67.52071595541665,0,-0.17064256018527146,-0.06716714027132298,50.94080013249257,0.05697377314678686,0.01473320819485892
2026-09-19 21:26:00,25.791125460535696,30.383612427228314,1.8729600510900577,129.1078717622707,181.48260297200804,-0.012405285933353574,-0.0002994083606190819,0.06449413768996869,-69.11298090600071,0,0.5217175924946993,-0.05281817676072009,52.37473120973735,0.06567704744297895,0.013904759602693767
2026-09-19 21:27:00,25.806569602468862,30.41116117423357,1.9824583734252117,129.26084979245636,185.28978145616338,0.005874947033479976,-0.023409234185772478,0.04821780987432144,-67.04462328186027,0,0.015444141933166122,0.027548747005255336,56.02893166370703,0.05392090908809628,0.014080402626062928
2026-09-19 21:28:00,25.825275547657206,30.46019781478816,1.466548109089168,132.9591295177178,181.1431482892113,0.006531919198327122,0.0026585692965500215,0.05299164567188479,-66.81445971399464,0,0.01870594518834423,0.049036640554589894,48.1840187714935,0.053458848380157034,0.011731816314046606
2026-09-19 21:29:00,26.037666782930646,30.392274124626148,1.5630485546524582,127.86408031822323,178.08671210623484,-0.010266261780113218,0.00962990641134249,0.04698486355461305,-67.36071630671462,0,0.21239123527344006,-0.0679236901620115,50.22263178801161,0.04904802372853196,0.011150442844017101
2026-09-19 21:30:00,26.418835843974016,30.20268977233636,2.2227291418145882,125.3715903452713,182.1883572896606,0.015674627935057552,-0.010703285343352756,0.03709631617420361,-64.53632402945283,0,0.38116906104336934,-0.18958435228978843,56.816766944389286,0.04167002461890557,0.012036598901383663
2026-09-19 21:31:00,25.90820724084991,30.11428337678114,2.0756448249923025,129.51810664142351,185.4018056591985,-0.027961960293637508,0.03380905339171679,0.062038747417935955,-67.16568412683854,0,-0.5106286031241041,-0.0884063955552179,55.88369901777497,0.07598506100473547,0.01297135862844957
2026-09-19 21:32:00,26.04942731178243,30.18045177804683,2.026318329610351,128.54747814625378,179.40411674264442,-0.004887996710750211,-0.016742126534938232,0.05531698733989861,-67.52083788534043,0,0.1412200709325191,0.06616840126568846,50.85663859639064,0.058001382751781794,0.012990943439078218
2026-09-19 21:33:00,26.205521270939155,29.949006269087473,1.9577267744837383,127.10126104074024,180.0995246074708,0.011117169186348135,0.005669532080379647,0.05018073473423664,-67.34331583258329,0,0.15609395915672408,-0.23144550895935723,52.99826356673057,0.051709198245536214,0.010359539723020773
2026-09-19 21:34:00,26.1329021197637,29.924731122368087,1.7476832364090895,129.47386463230393,177.60824769682682,-0.00575168295184194,0.01696634439409211,0.04997532150687825,-68.29990841311354,0,-0.0726191511754557,-0.024275146719386242,48.13438306452289,0.053089278188663463,0.009364955003720137
2026-09-19 21:35:00,25.751616730161395,29.82009016859824,1.2555075718016884,131.47451694174035,176.29438841672152,-0.004135088068585425,-0.001545790002987651,0.03493785129093492,-66.99495278946846,0,-0.3812853896023043,-0.10464095376984517,44.81987147498117,0.03521564812545379,0.011406582202877769
2026-09-19 21:36:00,25.92430366044699,29.71986416455055,1.6402414541381387,129.97213431529656,177.412948533027,-0.002755717223845609,-0.0037695363778898284,0.04022524666847285,-67.60897554362424,0,0.17268693028559667,-0.10022600404769122,47.440814217730434,0.04049535592461832,0.011266457316948
2026-09-19 21:37:00,26.009362757951916,29.647925874249662,1.5373855032220742,130.9209432180587,174.12108950253776,-0.016712024813754913,-0.028577323008993245,0.053361531701140254,-67.6797385133799,0,0.08505909750492435,-0.0719382903008885,43.20014628447905,0.0627965622405215,0.011834707823959473
2026-09-19 21:38:00,25.446694949496425,29.302303326901388,1.782620819053456,135.44022309554626,174.4162057187166,0.023478018631484163,0.02714682991432567,0.04470887332725494,-68.62317721307716,0,-0.5626678084554904,-0.3456225473482739,38.97598262317035,0.05733280986878432,0.01194531140681704
2026-09-19 21:39:00,26.09490056325443,29.097637497027613,1.7371902766063416,128.97136341532732,173.7657340205523,-0.0203607534384563,-0.003397864033351918,0.0478228695878251,-69.54671935469074,0,0.6482056137580052,-0.20466582987377535,44.79437060522497,0.05208773959565613,0.01188526295036761
2026-09-19 21:40:00,26.066666378866962,29.086436838466692,1.745096101902642,130.835045903934,171.09579413963462,0.006363186548197703,0.010747308498696498,0.048953439352208986,-68.44640810321053,0,-0.028234184387468275,-0.011200658560920118,40.26074823570062,0.05052161920825303,0.01127503009900462
2026-09-19 21:41:00,25.332615397900156,29.172683618947595,1.7383987439013153,128.4723599122026,173.80131358842894,0.008272957965647471,0.013454409757202817,0.04317531230982889,-67.60458143464376,0,-0.7340509809668063,0.08624678048090217,45.32895367622635,0.04597358555156805,0.008290220969019742
2026-09-19 21:42:00,25.510938472099944,29.039687785398502,1.4103608518291832,127.46092084033909,170.9343227624733,-0.018972438024179337,-0.012565969840355063,0.0403208167997595,-68.25406954161733,0,0.17832307419978832,-0.13299583354909217,43.473401922134215,0.04629930096675118,0.007968230648029932
2026-09-19 21:43:00,25.5402786401953,28.861806973962295,1.4906238887218657,128.2452770397467,169.32685031351977,0.0014620850876148662,-0.0039505720858242985,0.03387642369074627,-67.42029943907023,0,0.02934016809535578,-0.17788081143620715,41.081573273773074,0.034137322605671275,0.00927074160392214
2026-09-19 21:44:00,25.070301368379734,28.49759472895114,1.5827188243532289,128.56372428543494,171.55699894824565,-0.018192643454894044,0.026689647014870074,0.0485348172098846,-67.82822240566502,0,-0.4699772718155657,-0.36421224501115645,42.993274662810705,0.05830041179316123,0.009736183165021143
2026-09-19 21:45:00,25.256776941258114,28.174588511951185,1.146073724157491,131.07842739264137,168.42776285976694,0.02782084950111891,-0.0223439533148089,0.05618608547610284,-67.03109858739217,0,0.18647557287837913,-0.32300621699995347,37.34933546712557,0.06655920761116528,0.01008899656544108
2026-09-19 21:46:00,25.031797536594528,27.95283584497213,1.1042734146207493,137.04722736010228,170.11945227840363,-0.022775658739524262,0.04255836149514513,0.0335636585778005,-68.28723464513504,0,-0.22497940466358557,-0.22175266697905371,33.072224918301345,0.05879169959524797,0.009524804138304628
2026-09-19 21:47:00,24.405517957871737,27.95924424972832,1.463513020546641,127.85186969117248,169.9825294310706,-0.013077941884639288,-0.01489745570552548,0.04975952174900174,-66.9502177199935,0,-0.6262795787227908,0.006408404756189867,42.13065973989811,0.053562829976817626,0.008928645399307237
2026-09-19 21:48:00,24.83960111699817,27.834257278416114,1.8732675722327068,128.75012408315362,172.21014504330475,-0.024484500167111612,-0.023590349132810235,0.05281143252691561,-67.60188500894223,0,0.434083159126434,-0.12498697131220737,43.46002096015113,0.06280957511547207,0.00942212720347631
2026-09-19 21:49:00,24.221016083656707,27.81819211849085,1.0593604441664595,129.81063096066626,171.1248703395166,-0.02715397453735104,0.002646180413770692,0.040104195962708554,-68.30342723871642,0,-0.6185850333414642,-0.01606515992526525,41.314239378850345,0.04850450636562196,0.009524214728285824
2026-09-19 21:50:00,24.67564943191444,27.61036063876553,1.6402103552056762,131.18739654612924,170.36070333587833,0.03182430581764587,0.044166965286797415,0.06422141811548088,-66.72226099918224,0,0.45463334825773316,-0.2078314797253178,39.17330678974909,0.08418965380724422,0.013744755174062932
2026-09-19 21:51:00,24.0293715470255,27.383887752832084,1.2978814294102268,130.79065243586436,172.37738577512326,0.010855493478251241,-0.0382193187118441,0.046142846309615924,-64.80194489592333,0,-0.6462778848889386,-0.22647288593344683,41.5867333392589,0.06089105293067864,0.01335001585358581
2026-09-19 21:52:00,24.01361985718751,27.112568214084824,1.1574977753671045,133.85228738184435,173.94586854083312,0.0028058685140108803,-0.002820314369793843,0.04898740311543489,-67.56870635873359,0,-0.015751689837991023,-0.2713195387472602,40.09358115898877,0.049148679893324734,0.01311499232892526
2026-09-19 21:53:00,24.299805839193503,26.949427522184486,2.02427851179592,122.72082378839437,172.79294619046473,-0.013131539266938433,0.009525300345131113,0.04838730499402021,-65.75490040620029,0,0.28618598200599266,-0.1631406919003382,50.07212240207036,0.05103430174665305,0.010588585212675077
2026-09-19 21:54:00,23.858434014893973,26.919111660470016,1.91258854151523,122.83921038941298,172.2930603641269,0.018152236220935366,0.0006729991707106271,0.03229225577408944,-64.83481033502811,0,-0.44137182429953015,-0.030315861714470316,49.453849974713904,0.03705059231218345,0.012742363032167128
2026-09-19 21:55:00,23.202801792336963,26.81651247641311,1.7440665546057461,128.51236548396955,170.32092427959577,-0.01648444878734906,0.007638433400060191,0.06008752071684044,-63.086062416525834,0,-0.6556322225570099,-0.10259918405690627,41.808558795626226,0.06277414167096686,0.012488947704956847
2026-09-19 21:56:00,23.035477629383895,26.644671673941353,1.526754879955363,133.29190056263113,171.55710629512606,0.01587278588660206,-0.014360661643445483,0.04044481231580763,-65.63005213666243,0,-0.16732416295306862,-0.17184080247175615,38.265205732494934,0.04575977248523362,0.012938633354454897
2026-09-19 21:57:00,22.97012121278306,26.366895476682537,2.146956116780733,125.30305590518321,173.8826951653143,-0.017450225532112725,-0.01199443691862762,0.047634794845942637,-65.51919414594039,0,-0.06535641660083513,-0.27777619725881664,48.579639260131074,0.05212917194941408,0.012971277351379979
2026-09-19 21:58:00,23.07539054186293,26.40708966389858,2.0102394395540806,120.97710298091873,174.13495380154387,-0.012890154037513438,-0.0029684529431839956,0.05597661001277996,-65.8047430493419,0,0.10526932907987074,0.04019418721604495,53.15785082062514,0.057518246257249356,0.012742667183649352
2026-09-19 21:59:00,22.869180533923938,26.263647684436148,1.5463385435992656,131.71353821865762,175.88729074572674,0.015165647722358422,-0.022597761758055022,0.06460903426144535,-63.25090391210747,0,-0.20621000793899213,-0.14344197946243398,44.17375252706913,0.07010693985269295,0.013354407321732379
2026-09-19 22:00:00,13.054356550328363,26.00092712111116,-4.600377998503879,130.73097167110814,0.0,0.01727654688311534,-0.0008937280288037909,0.03920067718103161,-65.0164277728494,0,-9.814823983595575,-0.2627205633249865,-130.73097167110814,0.042848231158886876,0.010000709961554334
2026-09-19 22:01:00,12.853388119023336,25.924904641366656,-4.277355273602297,126.72937477960171,0.0,0.011949458677935223,-0.007774905873430028,0.04553516414405573,-64.28310928177356,0,-0.20096843130502684,-0.07602247974450549,-126.72937477960171,0.04771467172330201,0.009698138127170762
2026-09-19 22:02:00,13.178942574675482,25.976400085258177,-4.693138679260495,127.0433811978372,0.0,-0.020993482315135897,-0.009400903703097372,0.06382418630007154,-65.53249775849918,0,0.3255544556521457,0.05149544389152183,-127.0433811978372,0.06784268602448663,0.010898712364581314
2026-09-19 22:03:00,12.92596362294435,25.79760981545144,-4.669333746545418,127.09076884109598,0.0,-0.008934537314456576,0.006410128251972756,0.054637138792754475,-62.579771725595954,0,-0.25297895173113183,-0.1787902698067363,-127.09076884109598,0.05573268912127668,0.010882927649760003
2026-09-19 22:04:00,13.509384238268213,25.903165969342474,-4.716492215506075,130.33160595242182,0.0,0.0031379748239702683,-0.036413189863986076,0.056711713590516084,-62.09633124964446,0,0.5834206153238632,0.10555615389103323,-130.33160595242182,0.06746840549797584,0.009835960405411752
2026-09-19 22:05:00,12.751067730893999,25.72757667442955,-4.996668494447745,128.121054171451,0.0,-0.016985619238201834,-0.0045818020676630725,0.03948868264223832,-62.21177432223516,0,-0.7583165073742144,-0.17558929491292474,-128.121054171451,0.043230316074623236,0.010479460503565732
2026-09-19 22:06:00,13.158941588266922,25.572331696457283,-4.668176881063868,131.48219175692657,0.0,0.02741925520258586,0.046347075312297224,0.04620790470073442,-64.47931595847994,0,0.40787385737292325,-0.15524497797226644,-131.48219175692657,0.07095799745413083,0.01101707303737197
2026-09-19 22:07:00,12.135398930469732,25.574074764588975,-4.714230026907592,121.43612001128683,0.0,-0.048038938879010916,-0.0217221937265125,0.04832164567619569,-62.098036339307555,0,-1.02354265779719,0.0017430681316916719,-121.43612001128683,0.07151625542329021,0.011644153171280633
2026-09-19 22:08:00,11.884236914215741,25.54630753633513,-4.54043972329264,127.4294444046166,0.0,-0.015574790307383058,0.02571000992968827,0.041421052426570265,-64.22498144631821,0,-0.2511620162539909,-0.027767228253843257,-127.4294444046166,0.05117892425430907,0.011932636822119851
2026-09-19 22:09:00,11.88827951411245,25.44293345959217,-4.349150552961052,126.62183811726685,0.0,-0.010191330057396635,0.001093122418253975,0.03325430374326093,-62.358382446451195,0,0.00404259989670841,-0.10337407674296273,-126.62183811726685,0.03479808676363032,0.013371946312419185
2026-09-19 22:10:00,12.4481517039132,25.411353887437414,-4.710767362303143,129.23097796488253,0.0,-0.05687887329543535,-0.012059156177628363,0.04489501441236404,-62.09338798372934,0,0.5598721898007515,-0.03157957215475449,-129.23097796488253,0.0734587761547999,0.013697160333321539
2026-09-19 22:11:00,12.484944833468225,25.57068730173723,-4.249785994695825,128.3858567245296,0.0,-0.02792458260472382,-0.02641283319059613,0.0635428819958443,-61.88907496226198,0,0.036793129555023896,0.15933341429981596,-128.3858567245296,0.07426383994340782,0.013968402695991143
2026-09-19 22:12:00,11.590348196935317,25.594115807614607,-5.02044058487253,132.39353133968729,0.0,0.01250579025084137,0.0027936393057046423,0.050591734655604965,-61.58485260741143,0,-0.8945966365329081,0.023428505877376438,-132.39353133968729,0.052189298000946106,0.013999016622529465
2026-09-19 22:13:00,11.554497381476043,25.590071187237985,-4.205390352424342,124.42198968501982,0.0,0.0006056727310592761,0.02906794211629353,0.06374290913573377,-62.0677456774776,0,-0.03585081545927338,-0.004044620376621566,-124.42198968501982,0.07006047789888213,0.014302848685287294
2026-09-19 22:14:00,11.21100349239848,25.712304488384024,-4.512703818325482,130.13647442899224,0.0,0.03146272044085806,-0.007784222903935276,0.0517902091422952,-63.98277137304686,0,-0.34349388907756406,0.12223330114603925,-130.13647442899224,0.06109601187279261,0.014119069145905975
2026-09-19 22:15:00,10.88918367493803,25.548511989740994,-5.045885552149106,131.67500926963513,0.0,0.03090452891769638,-0.0016192284947354702,0.042352922704120374,-61.46653073652696,0,-0.3218198174604492,-0.16379249864302992,-131.67500926963513,0.052454569582869426,0.013149829945025891
2026-09-19 22:16:00,11.521697509937479,25.822683792896843,-4.2996247941092465,135.56994230968587,0.0,0.008660927572078933,0.020207417003806637,0.06277619013231722,-61.90616330518639,0,0.6325138349994486,0.27417180315584844,-135.56994230968587,0.06651467068176292,0.012855142718135674
2026-09-19 22:17:00,11.249660992201282,25.62814922955486,-4.603988417340777,128.55470208671957,0.0,0.006264764980014233,0.006817415826925617,0.05212326140667899,-62.929306043023345,0,-0.27203651773619697,-0.19453456334198194,-128.55470208671957,0.05293919926180429,0.012463247057765673
2026-09-19 22:18:00,11.066113052201409,25.69009480436277,-4.853117369183181,130.97337581305754,0.0,0.0013186221715780098,-0.031445515594491574,0.05961838832427398,-63.63963454395254,0,-0.1835479399998725,0.06194557480790763,-130.97337581305754,0.06741595836164252,0.012403785295802258
2026-09-19 22:19:00,10.527324502757404,25.69830201953807,-4.7310035683251215,124.5884116223129,0.0,-0.053101640357589804,0.0019777443171036728,0.03931671828879429,-60.59409961225661,0,-0.5387885494440052,0.00820721517530032,-124.5884116223129,0.06610219374764394,0.008539395030631263
2026-09-19 22:20:00,11.328380024830256,25.922096989698368,-4.430579726498396,122.82413138706093,0.0,-0.027891190266521506,0.03024469821331197,0.06038756289614504,-60.98659635255639,0,0.8010555220728524,0.2237949701602986,-122.82413138706093,0.073070637174131,0.008490597864301617
2026-09-19 22:21:00,10.579607226699888,26.017716547427085,-4.758850057597459,132.5343231273451,0.0,0.0020135100619786818,-0.0007388237293499664,0.06068889275544199,-61.61502355862532,0,-0.7487727981303678,0.09561955772871755,-132.5343231273451,0.06072677981874454,0.0076399119081028794
2026-09-19 22:22:00,10.790563028631233,26.230677861618748,-4.6217322914012025,129.98331911905578,0.0,0.01232051417495343,-0.05482978858954754,0.05289767144356536,-63.11895848721611,0,0.21095580193134467,0.21296131419166286,-129.98331911905578,0.07717683869180635,0.008056195319467782
2026-09-19 22:23:00,10.100052055984474,26.320562985495084,-4.828685590866052,133.53553806939527,0.0,0.005793396242762814,0.0077642998318214595,0.04193077914190218,-65.09908077868326,0,-0.6905109726467593,0.08988512387633563,-133.53553806939527,0.04303531144712514,0.010299520039408126
2026-09-19 22:24:00,10.39171068609349,26.302536068217282,-4.369061771301651,125.87979133309075,0.0,-0.017849299354313154,-0.003969128790880719,0.049539911712873884,-61.97361406153485,0,0.2916586301090156,-0.018026917277801147,-125.87979133309075,0.05280676399210447,0.010710485552692987
2026-09-19 22:25:00,10.455619711267708,26.515231771796646,-4.7760869100535865,131.55970641858625,0.0,0.018748125649389914,-0.03658188827842434,0.05611291147238245,-62.54351168339036,0,0.06390902517421893,0.21269570357936374,-131.55970641858625,0.0695585048666794,0.010518381318985266
2026-09-19 22:26:00,10.39291879721762,26.656451229694603,-5.230080449220649,135.60645352163155,0.0,0.029648880575092733,-0.033584161801075686,0.05234570019936534,-63.47127010080668,0,-0.06270091405008849,0.1412194578979573,-135.60645352163155,0.06889865290844792,0.010634907850589499
2026-09-19 22:27:00,10.275355529088351,26.660896326769418,-4.71769790002535,131.2591168250718,0.0,0.018759792005826798,0.019502142865776177,0.05601082738107764,-62.17142117343604,0,-0.11756326812926865,0.004445097074814441,-131.2591168250718,0.06220511358700267,0.010030676489160307
2026-09-19 22:28:00,10.31935081778403,26.890457333204537,-5.145986406273696,130.82974451677313,0.0,0.019791986591809415,-0.0146476549119016,0.06012245907652905,-62.659674542685806,0,0.04399528869567959,0.22956100643511945,-130.82974451677313,0.06496912045793317,0.009970454900005851
2026-09-19 22:29:00,9.781996942391885,27.066021757014596,-4.573019739624331,130.02566824247305,0.0,-0.011184515959104217,-0.018149927614719837,0.04351553346628079,-63.55337857734602,0,-0.5373538753921459,0.17556442381005866,-130.02566824247305,0.048457351583779625,0.011033248215865685
2026-09-19 22:30:00,22.059211781631898,28.143362501982093,1.674583465345581,125.28735562862227,177.6597739478813,0.021518682454015985,-0.0007127712186333747,0.03844924379039861,-61.96494158212889,0,12.277214839240013,1.077340744967497,52.372418319259026,0.044067063498948886,0.011622553029930403
2026-09-19 22:31:00,22.234043982126796,28.185688308904215,1.5800883025609174,134.06671880713105,177.39437329130826,0.0029151727865531453,-0.012884059966398775,0.049624611986277586,-61.95944292229864,0,0.17483220049489745,0.042325806922121956,43.3276544841772,0.051352695629166584,0.011860442030248802
2026-09-19 22:32:00,22.468835471845832,28.398563431950535,2.223607556439756,128.16742708058482,183.0696187643602,0.010231110570440096,0.0020009725555549035,0.046702568411301326,-61.36163043247648,0,0.2347914897190364,0.21287512304632017,54.902191683775385,0.047851953051938595,0.010165796848947988
2026-09-19 22:33:00,22.61945609509015,28.346809777272732,1.701681068734601,131.51344976914905,184.47351238721868,0.007308636856494181,-0.004054400588733407,0.0578584641315615,-62.95073908141105,0,0.15062062324431835,-0.05175365467780324,52.96006261806963,0.05845901306468675,0.0092209531661923
2026-09-19 22:34:00,22.412713491006226,28.778214926160235,2.2633321638933817,125.31089708028624,182.74116262163307,-0.0024297421088082206,-0.023999911601872863,0.03925501610341192,-61.73914603927075,0,-0.20674260408392442,0.43140514888750303,57.43026554134683,0.04607445813997335,0.009778865610989373
2026-09-19 22:35:00,22.594275911385402,28.94809694829279,1.811556007922611,126.46162100647666,179.61217080175223,-0.017200049502446038,-0.010223955971227694,0.0602038187417768,-63.177261744688096,0,0.18156242037917636,0.16988202213255477,53.150549795275566,0.06344186921647968,0.009010856697528562
2026-09-19 22:36:00,22.517800370879993,28.773711359057163,2.1452344475480696,134.3052621976667,184.55393583744538,-0.0016427332710809268,0.00885506642618209,0.06353612109546766,-61.03069714257665,0,-0.07647554050540961,-0.17438558923562653,50.24867363977867,0.06417125102310181,0.00833284412574171
2026-09-19 22:37:00,23.616851582775396,29.054248028998416,2.0079584684337686,128.95809313312648,187.225784883182,0.019735232349656455,0.0008383608047725108,0.0500030496426229,-61.96397764892979,0,1.0990512118954037,0.28053666994125237,58.26769175005552,0.053763251559931856,0.007952557984787672
2026-09-19 22:38:00,23.80597062215516,29.320592934629804,1.6124696651600672,134.35982642812763,184.21573777144698,-0.008829516106258192,-0.0016388496478366272,0.05060736125581305,-63.33056647930808,0,0.18911903937976504,0.2663449056313887,49.85591134331935,0.05139796879367175,0.007026131701226878
2026-09-19 22:39:00,23.992927223811556,29.47604502884141,2.2244005798293682,129.76530802282446,188.19998893583315,0.01786694525216292,0.03874768482358769,0.04232453498769847,-62.72433756934879,0,0.18695660165639438,0.15545209421160422,58.43468091300869,0.06009972607056364,0.00717059828976886
2026-09-19 22:40:00,24.009739143155247,29.478075034625622,2.1953343208112206,124.47430668112642,188.38409014973297,0.014741413412353438,0.014620750507710712,0.04457339101025934,-63.83654964777887,0,0.016811919343691528,0.002030005784213529,63.90978346860655,0.049171768332612414,0.006532879547626419
2026-09-19 22:41:00,23.450813150407203,29.6428246543208,1.881512018624961,132.67620279919515,190.07065659981652,-0.0059787479403966065,0.017048825296426852,0.045916633193543166,-61.670480787895066,0,-0.5589259927480441,0.1647496196951792,57.39445380062136,0.04934313604497864,0.006672544121990933
2026-09-19 22:42:00,23.950556746044562,29.733652121144292,2.0947616209223625,128.2303230467332,189.55955159650057,0.027776002072391535,-0.003319368155898497,0.06442940067837931,-61.75621709792437,0,0.4997435956373586,0.09082746682349097,61.32922854976738,0.07024010370048607,0.007885463541736635
2026-09-19 22:43:00,24.47187024822209,29.916479986979212,1.9765564625583165,132.09606644055114,187.6894439724088,-0.00711093342381412,0.0044029038070255,0.049281292141892266,-62.898618642117704,0,0.5213135021775273,0.18282786583491983,55.59337753185767,0.049985964942835394,0.00811726927984094
2026-09-19 22:44:00,24.617526149788304,30.12873851238222,2.4888648726987324,130.07563260262026,192.2476403032136,0.030190937252252633,-0.008621999790513856,0.03677827043359992,-62.26368739301635,0,0.1456559015662151,0.2122585254030085,62.172007700593326,0.04835775789513082,0.007841710387837087
2026-09-19 22:45:00,24.65973057614773,30.026573246305624,1.909155501044342,125.37064531617139,189.6578907199866,0.00868253963081945,0.015550995310482565,0.052553543421120036,-63.9022369639417,0,0.042204426359425895,-0.1021652660765966,64.2872454038152,0.05548959249898083,0.0073932684090069175
2026-09-19 22:46:00,24.980099524470567,30.289070099301906,2.1277676551930664,130.4928842961117,189.9411269513952,-0.00031731836907027063,-0.0022079980819808692,0.05826290124622276,-63.53077471291623,0,0.32036894832283735,0.2624968529962821,59.44824265528351,0.05830558813788338,0.006812476839960616
2026-09-19 22:47:00,25.008617132866743,30.186406196758764,1.9628893889279475,136.5886694264584,188.0501121863783,-0.017756027606753075,0.00444755497861113,0.04974588630678405,-63.31471507279054,0,0.02851760839617512,-0.10266390254314217,51.46144275991989,0.0530067020866893,0.0068271778078276765
2026-09-19 22:48:00,25.16953877817534,30.245334993668376,2.0877237303860574,131.47895937554338,188.85191180639893,-0.001765204602700826,0.0032122260431033628,0.0646921343972699,-64.79353199051282,0,0.16092164530859776,0.05892879690961195,57.37295243085555,0.06479588410011719,0.00743010489681714
2026-09-19 22:49:00,25.06194241930789,30.467129332816526,2.3286140591665894,129.82744674098362,187.69339544882033,-0.004075190269888406,-0.0003633376281090901,0.05777508667265898,-64.9665061770441,0,-0.10759635886745045,0.2217943391481505,57.86594870783671,0.05791977063146098,0.007323750087982548
2026-09-19 22:50:00,25.660487235068064,30.522038391209044,1.9680256462818413,133.2260302058707,188.74708214841,-0.02516592770501811,0.0587637613431154,0.03950871270112147,-64.35351404261424,0,0.5985448157601745,0.05490905839251781,55.52105194253929,0.07514946402832544,0.009146397625887917
2026-09-19 22:51:00,25.34046141977195,30.548765318647416,2.1567863269615293,130.63200539560933,192.05551062677344,-0.004352308454353342,-0.01333238554989445,0.044485671876035984,-64.88824020135247,0,-0.3200258152961126,0.02672692743837146,61.423505231164114,0.046644078891057636,0.009472748732705398
2026-09-19 22:52:00,25.165634715339554,30.354878769015826,2.072485875886412,130.62860269078837,185.3411617523332,-0.016076063601941713,-0.013514230603173846,0.05226226281424609,-66.53405509905755,0,-0.17482670443239812,-0.19388654963158913,54.71255906154482,0.05632422537589634,0.008438846284310747
2026-09-19 22:53:00,25.419756057196466,30.451650762516042,2.0736057930792353,126.72512448352269,184.22992932601372,0.011719835379575636,0.013881934936235138,0.03333810761973393,-68.20387618489924,0,0.25412134185691215,0.09677199350021581,57.504804842491026,0.03796698669322047,0.01016461656838592
2026-09-19 22:54:00,25.62361648646031,30.581232866804093,2.0288978374556894,130.7015440773688,189.69697246049873,0.02612560951456406,-0.011903379981503584,0.05336356737470615,-66.42396857223848,0,0.20386042926384462,0.12958210428805117,58.99542838312993,0.060596272578817445,0.009957702799716714
2026-09-19 22:55:00,26.094139313933,30.4926740784358,1.9767910878274537,133.10633024925085,185.56607408673582,-0.024538313525904815,-0.005828127226977864,0.032384175727453515,-68.56808367516003,0,0.4705228274726885,-0.08855878836829234,52.45974383748498,0.04104668969863506,0.011119496835505433
2026-09-19 22:56:00,25.841552342138332,30.35968050383808,1.8811034376850593,127.49181354369992,183.8168682408948,0.034246154567338455,-0.02172821906711236,0.0602343345556451,-67.67470527443277,0,-0.25258697179466694,-0.13299357459771954,56.32505469719487,0.07261604275805618,0.012412731646420882
2026-09-19 22:57:00,25.847048965616942,30.480450871108033,1.7377688807886198,134.27348746374085,186.35360817713044,-0.0025710206877025948,0.009831158388051738,0.059072736847917084,-67.7588078253686,0,0.005496623478610019,0.1207703672699516,52.08012071338959,0.05994038756406915,0.012382919577704899
2026-09-19 22:58:00,25.56719989252505,30.31989111781177,1.7663214990226175,129.7248819275646,182.13865042208533,-0.019500427698770285,0.010085144889683031,0.05504781360915071,-67.64091673018974,0,-0.2798490730918921,-0.16055975329626193,52.413768494520724,0.05926414270896581,0.012131866296680524
2026-09-19 22:59:00,26.20649674109923,30.516952711591614,2.367321733956471,127.33669146538438,186.0445127192337,0.015155095604163667,-0.006303841198468891,0.04324121635647689,-66.42520735766796,0,0.6392968485741797,0.19706159377984278,58.70782125384932,0.04625168244090693,0.012560064424035464
2026-09-19 23:00:00,25.794394300209202,30.427727713306034,1.1334451428213028,132.99289623076072,182.7670518232772,-0.00892908956510096,0.01429633376960145,0.051702028246135394,-66.36575130591054,0,-0.41210244089002757,-0.08922499828558017,49.77415559251648,0.0543802677860051,0.010515260526995467
2026-09-19 23:01:00,25.969126699075026,30.25929708667946,1.8755614282117417,129.1396172927852,179.4399838080415,-0.0016347335206298836,-0.037162500274671835,0.04486622512485351,-67.0357946362663,0,0.17473239886582448,-0.1684306266265736,50.300366515256286,0.05828123143261896,0.01031384664329729
2026-09-19 23:02:00,26.44234933523058,30.250862577891844,1.844437588904219,132.27854466245833,183.73087499225522,-0.00808556488424158,-0.014137068030286873,0.039691847225499344,-67.03547272857732,0,0.4732226361555547,-0.008434508787615869,51.452330329796894,0.042903097652298015,0.010929082862122538
2026-09-19 23:03:00,26.14008911313047,30.027720144561314,1.3811969477715353,129.1247241032244,177.21111321256086,-0.016334758637298,-0.0033995837242186125,0.0466125698822859,-67.11678667952874,0,-0.30226022210011294,-0.22314243333052985,48.086389109336466,0.04950871822485147,0.009663133438897792
2026-09-19 23:04:00,25.478183027495323,29.995283894397637,1.8158117184822007,129.8205215694103,178.9287797237503,0.014479940648038075,-0.023445649938059056,0.05698265536492096,-70.35541939993436,0,-0.6619060856351453,-0.032436250163677016,49.10825815434001,0.06329605196713355,0.009888133312395608
2026-09-19 23:05:00,25.405090716590006,29.955486733876022,1.7240815508989453,131.48068061300287,177.09075288391676,-0.005726028057883744,-0.034974260748374446,0.05043814192831761,-67.91423416955487,0,-0.07309231090531654,-0.03979716052161564,45.61007227091389,0.061644078980840226,0.008802443716142958
2026-09-19 23:06:00,25.876097388477007,29.713207819557308,1.8074130953100171,130.87269117277,178.17827814584905,-0.028733035843584918,-0.006157919300768941,0.06450709924134423,-69.76643621097135,0,0.4710066718870003,-0.24227891431871384,47.305586973079045,0.07088492908535743,0.00846768467341853
2026-09-19 23:07:00,25.48127862743876,29.536580114080046,1.3914649704525806,124.01340465864479,177.82466098436876,0.011021202484318655,0.013880401741214838,0.05765780539480275,-67.48577074160085,0,-0.3948187610382483,-0.17662770547726225,53.811256325723974,0.060320435837639776,0.008485001221313931
2026-09-19 23:08:00,25.979764375039558,29.258137424770407,1.9628907612632993,126.63626877971683,173.94542938870435,-0.024111647020475108,0.02564216782853024,0.05658690813905619,-70.09216513752992,0,0.49848574760079956,-0.2784426893096388,47.309160608987526,0.06664060673286581,0.009037872864261907
2026-09-19 23:09:00,25.728517779504973,29.280440076981513,1.2391409702450125,132.78822995437244,171.6155026674679,-0.023065203453505174,-0.010945757664107459,0.033910734505543966,-68.16282756359234,0,-0.2512465955345853,0.022302652211106277,38.827272713095454,0.04244703918883441,0.009621107432615475
2026-09-19 23:10:00,25.686805138009888,29.22552388504576,1.6997538743329064,129.60359023329536,173.35191933279896,0.02385212409954632,0.014664316752431872,0.047148414698447216,-67.39725223811365,0,-0.04171264149508502,-0.054916191935753034,43.74832909950359,0.05483556344611192,0.009608240257890028
2026-09-19 23:11:00,25.337426520040797,29.08709412092114,1.6493930439280982,128.42880609168574,170.4617981498517,-0.02392679798420424,0.01273084076151335,0.039356275895658,-69.00497323921996,0,-0.34937861796909075,-0.13842976412461994,42.032992058165945,0.047785797269137203,0.010026121863401512
2026-09-19 23:12:00,25.975252563181506,28.887906881961605,1.5884726834722058,125.92427795422758,175.31101677091738,-0.04632889713854981,0.02437216348668993,0.04816997120376096,-66.84765410135917,0,0.6378260431407092,-0.19918723895953505,49.3867388166898,0.07113870387396323,0.009894615271706111
2026-09-19 23:13:00,26.200373281597127,28.624559350909482,1.7160427139881134,126.76079103617245,171.11141129467094,0.012457229699229912,-0.007003820607080033,0.043067238760768435,-67.20540443618586,0,0.22512071841562076,-0.2633475310521227,44.350620258498495,0.04537646007956736,0.010401396647763407
2026-09-19 23:14:00,25.150410198151345,28.319210708832447,1.559284640330617,123.93460408011416,169.75333615848064,-0.006077268589622606,-0.035970009903693485,0.04622395046942061,-67.2150358329708,0,-1.0499630834457818,-0.3053486420770355,45.81873207836648,0.05888487414422885,0.01026507310148026
2026-09-19 23:15:00,25.218204562076185,28.303278510349195,1.0463639066746337,129.6961578438954,170.59405943507883,-0.004353102422762329,0.0014037170484548925,0.06061162732373851,-66.76367648450815,0,0.06779436392483973,-0.015932198483252336,40.89790159118343,0.06078395585256809,0.010234666082720233
2026-09-19 23:16:00,25.01204605162617,28.15670526803192,1.632268032475167,128.20468725825685,167.36883738460597,-0.006290007867004001,-0.02027587481939446,0.05475249929005834,-67.66961060702639,0,-0.2061585104500132,-0.14657324231727387,39.164150126349114,0.05872402810746693,0.009190917248263243
2026-09-19 23:17:00,24.76798735213106,27.98935516916426,1.3077518295500963,127.10023632704406,168.0575393473377,0.004633398780374536,-0.014470102181240152,0.06007114428981635,-66.99118886812178,0,-0.24405869949511327,-0.1673500988676615,40.95730302029364,0.06196284868920604,0.009277196950135645
2026-09-19 23:18:00,24.452231581884764,27.915920277128844,1.352085307560757,129.79562972449614,172.43918172753044,-0.015054384838061359,-0.006024382881063648,0.033993168909840145,-66.95087929035664,0,-0.31575577024629453,-0.07343489203541509,42.6435520030343,0.03766249094899363,0.010346184441227344
2026-09-19 23:19:00,24.225568412293875,27.886697219486738,1.2683073057946443,131.09191189255822,168.8616853158139,0.02952229749131529,-0.006778552626982858,0.050579746966156636,-66.77769324120193,0,-0.22666316959088917,-0.0292230576421062,37.769773423255685,0.05895613308251253,0.009594813627757114
2026-09-19 23:20:00,24.05320939675817,27.535933012995397,1.1986381126145818,136.27959379662983,168.31693528800474,-0.029524609606187968,0.002831185337915889,0.05966704981396601,-67.22913795280094,0,-0.17235901553570443,-0.3507642064913412,32.03734149137492,0.06663238714257308,0.010195288597656635
2026-09-19 23:21:00,24.35230687723041,27.339474066017278,1.6439319514236832,125.46434974131036,171.81515868177726,0.008897498333542461,0.01406312632839235,0.06506295914887156,-67.58079458446409,0,0.2990974804722413,-0.19645894697811883,46.350808940466905,0.06715746907032338,0.010134364069416878
2026-09-19 23:22:00,23.906103143824765,27.17563050987853,1.5402819071636813,133.47814312990155,173.53686175212448,0.012842420077531677,-0.007354711665519328,0.03451911610307507,-66.44698830017708,0,-0.4462037334056461,-0.16384355613874746,40.058718622222926,0.03755780762595564,0.011084160230758863
2026-09-19 23:23:00,23.11463431011737,27.057943954699745,1.167670966553051,132.91930468304523,173.11523219909114,-0.01519303521666756,0.007913950132160093,0.046485163638388304,-66.26624056378876,0,-0.7914688337073947,-0.11768655517878557,40.19592751604591,0.04954118856342624,0.010739845155062579
2026-09-19 23:24:00,23.842976987114817,26.81086951572803,1.5158701799917773,127.6627217818699,174.26445049605178,-0.020474688905556367,0.00029632019861010767,0.06034226674004763,-66.36911838580923,0,0.7283426769974461,-0.24707443897171544,46.601728714181874,0.06372197302945411,0.01100066806292234
2026-09-19 23:25:00,23.515165583470083,26.758827234403743,1.4347041106570886,130.6097078637581,171.43100656715717,0.020343484283403126,0.018709887917568908,0.04807721687188555,-64.53403931986026,0,-0.32781140364473416,-0.05204228132428668,40.821298703399066,0.0554557124273359,0.010886183037432764
2026-09-19 23:26:00,23.743954501043962,26.650564781349974,1.887313602667668,128.62710025198714,170.8437122877931,-0.019817215080334297,-0.0037718370221263326,0.040895823258302766,-66.30932577207135,0,0.22878891757387976,-0.10826245305376858,42.21661203580595,0.045600626399601676,0.011270352191264182
2026-09-19 23:27:00,23.26184876849748,26.491323879000653,1.653621282912905,130.55706574125622,177.4958118779346,-0.012133278815011337,-0.0015785335154911134,0.03450000821503993,-65.05870270022731,0,-0.4821057325464828,-0.1592409023493211,46.93874613667839,0.036605447541317594,0.012200173686254409
2026-09-19 23:28:00,22.51339523796284,26.38777709441985,1.6520882201596307,134.52739304021364,174.70861852817816,0.017746179249194926,-0.007488008959978135,0.040512984653368334,-63.47171114184138,0,-0.7484535305346398,-0.10354678458080357,40.181225487964525,0.04485865670807952,0.011457409295996934
2026-09-19 23:29:00,22.09278759722511,26.26443134866086,1.5770949130744916,131.81681869789395,175.75956731878753,0.0006948246707804844,-0.003244970799169909,0.03311098331436271,-63.482290894354136,0,-0.42060764073772816,-0.12334574575898927,43.94274862089358,0.03327686633165143,0.01268831275295778
2026-09-19 23:30:00,13.091445526425842,25.930804093505532,-4.794082624619668,131.52582511970033,0.0,-0.035942873352582096,-0.015669762566917485,0.05058460456834026,-62.932719558513035,0,-9.00134207079927,-0.3336272551553279,-131.52582511970033,0.06400182671673266,0.012328274250018275
2026-09-19 23:31:00,13.016018738499548,26.06702375423622,-4.646097457684891,128.70907204013608,0.0,0.03494118289107028,-0.01765194572287027,0.0589631018577866,-64.50329342737244,0,-0.07542678792629331,0.13621966073068847,-128.70907204013608,0.0707751710017157,0.012933184436621488
2026-09-19 23:32:00,13.377415313449783,25.840449003235776,-4.517535014021027,125.547830005227,0.0,-0.01060021517559932,0.0155153077056545,0.03739025241091396,-62.899271755400214,0,0.36139657495023414,-0.22657475100044522,-125.547830005227,0.04184638945383467,0.012534585957552908
2026-09-19 23:33:00,12.977860362994527,25.711476652665635,-4.499792115364237,129.37459536837878,0.0,-0.008055145798128346,-0.021664033663692028,0.05257729741211053,-64.52671396525261,0,-0.399554950455256,-0.128972350570141,-129.37459536837878,0.05743333467222855,0.01270995409427611
2026-09-19 23:34:00,13.202326021463445,25.63380605639333,-4.497214334505823,133.61982446459174,0.0,0.005115685046527306,-0.006382361793958068,0.05845271029445867,-63.53046348623903,0,0.22446565846891886,-0.07767059627230566,-133.61982446459174,0.05902223408455625,0.012281632819222812
2026-09-19 23:35:00,12.342636717214285,25.720817907870348,-4.407295845828131,125.41849643023106,0.0,0.012501535940081457,0.020306855725419928,0.049972916731516506,-63.239305196599716,0,-0.8596893042491605,0.08701185147701906,-125.41849643023106,0.0553710140503969,0.01227816118999562
2026-09-19 23:36:00,12.904245055270973,25.598737322553724,-4.2923963176612885,126.83473189546991,0.0,0.03922208582582934,-0.007054015900072143,0.03389305705082755,-63.44983088932423,0,0.5616083380566881,-0.12208058531662402,-126.83473189546991,0.052315107503452994,0.012140244491632441
2026-09-19 23:37:00,12.70281075593031,25.40689844622953,-4.849343776408159,130.3788032087022,0.0,-0.03320136298811393,0.016574809073711498,0.05386211554662503,-63.06700136817139,0,-0.20143429934066326,-0.19183887632419427,-130.3788032087022,0.0654078152154349,0.011605442895126621
2026-09-19 23:38:00,11.750730562654894,25.58777297859059,-4.620284517672028,127.04603564545822,0.0,0.016519044178518915,-0.011820914414536834,0.049453530552355296,-63.04568698909156,0,-0.9520801932754157,0.18087453236105944,-127.04603564545822,0.05346273956935244,0.01112596671119403
2026-09-19 23:39:00,12.62109040624834,25.371811677836458,-4.702804423222047,127.62242965865437,0.0,0.01486019388100154,-0.02102327212700388,0.04843495351399145,-63.39881655961713,0,0.8703598435934463,-0.215961300754131,-127.62242965865437,0.054852056069116736,0.008049121036638511
2026-09-19 23:40:00,12.119450317007066,25.516594843107,-4.534582662354153,128.72920425481547,0.0,-0.002743298217482334,-0.031896517098016414,0.044531627542395355,-61.44205205770735,0,-0.501640089241274,0.14478316527054247,-128.72920425481547,0.05484504845169452,0.007735540479225123
2026-09-19 23:41:00,12.075727707720716,25.524398204923585,-4.5683326694440805,125.90314778742955,0.0,0.015745473896324448,0.026254481385453228,0.05086787426274041,-62.38170818324451,0,-0.04372260928635008,0.007803361816584697,-125.90314778742955,0.059369675534307186,0.006062160552463651
2026-09-19 23:42:00,11.565533199392581,25.5981461860799,-4.392532357641407,127.0776344613509,0.0,0.018685480352730936,-0.02273742363268831,0.0550981790844696,-61.91805259613161,0,-0.5101945083281354,0.0737479811563162,-127.0776344613509,0.06246556609756218,0.004146786089645105
2026-09-19 23:43:00,12.0752412942805,25.707861518929377,-4.904424761982272,132.11028375036193,0.0,-0.02763925569974009,0.014943731802501865,0.07390648134335849,-61.89593520272548,0,0.5097080948879196,0.10971533284947554,-132.11028375036193,0.0803082284724107,0.008331538235812968
2026-09-19 23:44:00,11.205942066690568,25.42430504636159,-4.494175614382426,126.07789065330711,0.0,0.03499533011761661,-0.019998940535867645,0.05112332068387205,-61.965615435208285,0,-0.8692992275899325,-0.2835564725677884,-126.07789065330711,0.06510164875288608,0.008493417281143537
2026-09-19 23:45:00,11.682303234585731,25.597441927735847,-4.334284974815959,125.20638359651548,0.0,-0.031175245062762837,0.026347678358796426,0.06511141160012673,-61.90884719927007,0,0.47636116789516336,0.17313688137425842,-125.20638359651548,0.07684784954820159,0.009721175354488708
2026-09-19 23:46:00,11.55235624337709,25.62762318678531,-4.988415021486633,128.10992506139831,0.0,-0.022706325624775463,0.04413565449230201,0.05357755083426877,-62.309188666345165,0,-0.12994699120864084,0.03018125904946345,-128.10992506139831,0.0730348353475302,0.0095156701921108
2026-09-19 23:47:00,10.890504672860965,25.761616310006374,-4.296954685231443,132.19586650752953,0.0,-0.005235753472481925,-0.033730601193806733,0.04900471672352247,-60.60828938313725,0,-0.6618515705161254,0.13399312322106383,-132.19586650752953,0.05972125946824067,0.009629245451652868
2026-09-19 23:48:00,11.657978737226017,25.81293023779298,-4.6783887546905945,129.40923457600934,0.0,0.03849881026374113,-0.021695128683176277,0.051485475277112926,-61.309492361180574,0,0.767474064365052,0.05131392778660526,-129.40923457600934,0.067849769084451,0.008929127645314904
2026-09-19 23:49:00,11.016800007971673,25.83904328347933,-4.998088581508561,128.60625676565314,0.0,-0.00616513259506773,0.015462637276064495,0.03778263630307491,-62.11573976540995,0,-0.641178729254344,0.0261130456863512,-128.60625676565314,0.04128716044312493,0.011403738782103231
2026-09-19 23:50:00,11.032560803362966,25.922586302219962,-4.61599109144703,130.13307639254683,0.0,-0.0006386778010162134,0.010260858467316298,0.05305860270752038,-62.66495132681314,0,0.015760795391292604,0.08354301874063097,-130.13307639254683,0.05404542947460309,0.011478272346768691
2026-09-19 23:51:00,10.272478009514003,25.956443695591627,-4.449128367170407,124.76287770142105,0.0,0.02864157207809127,0.015538437095203833,0.03007934935178628,-62.43980180866185,0,-0.7600827938489623,0.03385739337166527,-124.76287770142105,0.04434579952930052,0.013030421873362412
2026-09-19 23:52:00,11.26579410208886,26.276870291833934,-4.712240195961824,131.4841169613251,0.0,-0.006006362851309455,-0.011475111008087522,0.04137333642111468,-62.025037059609666,0,0.9933160925748563,0.3204265962423065,-131.4841169613251,0.043353287464323355,0.014369038430058044
2026-09-19 23:53:00,10.169053395490364,26.34209430949299,-4.485701245065057,131.15030509421092,0.0,-0.023568734258613513,0.03975068322046735,0.05109843093133811,-61.08214513393543,0,-1.0967407065984958,0.06522401765905528,-131.15030509421092,0.06889594831840126,0.01301865676915583
2026-09-19 23:54:00,10.75633417280928,26.51361022509871,-4.4495136692043324,128.77207457771283,0.0,-0.008344696704766291,0.0023609893337954873,0.06193982273178845,-64.11134078163514,0,0.5872807773189166,0.17151591560572044,-128.77207457771283,0.0625439835137978,0.012919999782321435
2026-09-19 23:55:00,10.069775859016625,26.523464781991677,-4.691059530916275,133.01777353538924,0.0,0.027415836676115548,-0.024339251536870395,0.06430624396998394,-62.250423698603655,0,-0.6865583137926556,0.009854556892967992,-133.01777353538924,0.07402243092167121,0.01251556770973636
2026-09-19 23:56:00,10.109099590947324,26.62791388493393,-4.432022862608559,126.61751170314088,0.0,0.0014172999411027295,-0.005062970000858899,0.04763453420359066,-61.969884154955864,0,0.03932373193069871,0.10444910294225096,-126.61751170314088,0.047923806747228404,0.011869117370604546
2026-09-19 23:57:00,10.465587179282997,26.730663044802686,-4.78457622487907,133.3837269797607,0.0,0.038613165181125196,-0.024071337924576653,0.05155717319530441,-64.78294595003915,0,0.35648758833567307,0.10274915986875754,-133.3837269797607,0.06876443806703168,0.012479201816939805
2026-09-19 23:58:00,10.479259884271947,27.02444376427994,-4.304311865751482,130.46348099678576,0.0,0.014758698525243103,0.03181882717108211,0.05984362469582028,-63.688822953379926,0,0.013672704988950457,0.2937807194772546,-130.46348099678576,0.06936509469060355,0.01262978775471662
2026-09-19 23:59:00,9.739767804467544,27.039123797623184,-4.902637140470321,128.99034223036548,0.0,-0.012896178727869667,-0.01320662525600233,0.03670506427807081,-64.79399203865991,0,-0.7394920798044033,0.014680033343243082,-128.99034223036548,0.0410851325918628,0.012658651780784607
2026-09-20 00:00:00,22.3271416507171,28.184866306896655,1.8631226006803139,129.94037909389507,181.32576253733484,0.0010215260893015668,0.009849669694892444,0.05404747505315504,-61.56947038832296,0,12.587373846249555,1.1457425092734717,51.385383443439764,0.05494714795392954,0.012635017180482086
2026-09-20 00:01:00,22.51341082562267,28.035778979199137,1.9296862183403187,129.67820570256717,183.34528188143892,-0.01706436236283759,-0.009413462899643605,0.04172107132634191,-62.368761572253874,0,0.18626917490557204,-0.14908732769751865,53.66707617887175,0.046048382590824014,0.012447781923538206
2026-09-20 00:02:00,22.117947643933846,28.359712568477033,1.9015092146452353,133.66084868925316,182.34873642535803,-0.0133686606129754,-0.012307746195250265,0.04828174955323281,-62.17170937219135,0,-0.3954631816888252,0.32393358927789606,48.68788773610487,0.0515880707423016,0.011639753462489225
2026-09-20 00:03:00,23.07734680797173,28.653358797709032,1.7452140656976893,126.76996261758696,180.3615381707017,0.08958168502051514,-0.038205083625621014,0.045409767495056846,-62.504318542146535,0,0.9593991640378832,0.29364622923199946,53.59157555311474,0.10745489141919322,0.019315390687282913
2026-09-20 00:04:00,22.357620034705835,28.718702453785216,1.6863053739503917,127.7124422825602,184.69355932659178,0.02037249020067622,0.011963492059811343,0.054353581270481476,-61.44496572828752,0,-0.7197267732658936,0.06534365607618398,56.98111704403158,0.05926613954163585,0.01933998893504156
2026-09-20 00:05:00,22.802184062184807,28.83555411323956,1.83074435044253,133.10890867621742,183.49154159845838,0.017221959780133463,0.02598362505258368,0.055503036740090904,-62.02763783962037,0,0.4445640274789717,0.11685165945434406,50.38263292224096,0.06365792768315405,0.018899585952610085
2026-09-20 00:06:00,23.325781613872955,28.876697491075436,2.069667390443807,128.21339519444842,184.58919137045083,-0.012463606306161279,-0.018319351627303034,0.058910786773973975,-62.13632555028922,0,0.5235975516881481,0.041143377835876294,56.37579617600241,0.06293981986412402,0.018332344606971387
2026-09-20 00:07:00,23.115521344411025,28.98660278253323,2.259109370385684,132.70159923199478,187.6149049098871,0.031391681325621576,-0.030904582299973424,0.05348198828464448,-62.33548439542357,0,-0.21026026946193,0.10990529145779249,54.91330567789231,0.0692881947698456,0.018352930254358947
2026-09-20 00:08:00,23.636819094938406,29.348021388220012,1.694206844407711,135.09830794902612,189.6501270518625,0.021988312035858742,0.016066320854756583,0.051716537699688966,-62.06984733721702,0,0.5212977505273813,0.36141860568678297,54.55181910283639,0.05844837725410028,0.018227690109762815
2026-09-20 00:09:00,23.812184960085908,29.562220907565084,2.3409815151494815,128.7946149191751,187.87581224974696,0.037632425787155414,-0.032924826982125024,0.06854023800438602,-63.06690524823486,0,0.1753658651475014,0.21419951934507253,59.081197330571854,0.08484107453425205,0.018040797819054183
2026-09-20 00:10:00,23.861579873439997,29.502039508626527,2.5087789047179596,132.0440869797259,189.0323758732769,0.03666228296796899,0.024390658718965175,0.03475640929802823,-61.2819884802099,0,0.04939491335408874,-0.060181398938556896,56.98828889355099,0.05609844215716265,0.017967026039788957
2026-09-20 00:11:00,24.340469077299804,29.55946844986453,2.2736463201349477,126.53892315598043,192.31650348988484,-0.02958178576195044,-0.01808790245909241,0.0669560986012924,-64.40938837681438,0,0.4788892038598078,0.05742894123800113,65.77758033390441,0.07540141513354749,0.016705455235726807
2026-09-20 00:12:00,24.19006165578285,29.547573284193906,1.796729317688712,132.26419989420341,189.8018972186494,-0.022196789785398147,-0.02206585485649253,0.04710178091131603,-65.10501153056522,0,-0.15040742151695596,-0.011895165670622987,57.537697324445986,0.056552428704190645,0.016200002689791302
2026-09-20 00:13:00,24.4902079435883,29.807361697918346,2.212914988317198,130.5982719579603,194.8389480825327,-0.02007575630927273,0.004969248422625831,0.05570891586368305,-65.40352289328912,0,0.3001462878054504,0.25978841372443995,64.24067612457242,0.05942400801007948,0.00932211929222187
2026-09-20 00:14:00,24.920812312197135,29.997654974986126,2.130172484355242,131.41911484648065,190.9855165911477,-0.01887881286664874,-0.02076278570022875,0.04674340319406399,-65.89993207996336,0,0.43060436860883655,0.19029327706778076,59.56640174466705,0.05452016679587836,0.009735043911584345
2026-09-20 00:15:00,24.96376090310109,30.263589786103417,2.1981197379954924,128.0632837838938,186.45342434772888,0.006469047285207808,-0.014142221625864187,0.042974583704483746,-63.38086309799394,0,0.0429485909039542,0.26593481111729034,58.390140563835075,0.045701923918660084,0.01135101000672874
2026-09-20 00:16:00,25.105229550842356,30.25630141874836,2.2562092511511636,125.01674975329848,191.50241927262414,-0.011336069041916353,0.0070796386534201314,0.05484577192794229,-63.74291958080838,0,0.14146864774126655,-0.007288367355055669,66.48566951932565,0.0564507435128888,0.01149629220066654
2026-09-20 00:17:00,24.660367739896135,30.295081944464126,2.424225731116673,131.50975619424852,190.67896487429024,0.04145197081525037,-0.048582246743332926,0.06042128308614444,-63.3316631029247,0,-0.4448618109462217,0.03878052571576518,59.16920868004172,0.08791605105368676,0.01408506482163109
2026-09-20 00:18:00,25.29074541116033,30.290085748787952,2.223814653940737,123.80979054256164,192.31798181694742,0.038093597641632754,0.032848384918566446,0.05473007954967406,-65.84442660970241,0,0.6303776712641955,-0.004996195676174153,68.50819127438578,0.07433384276730595,0.014341056905914201
2026-09-20 00:19:00,24.990112381866645,30.326953299256612,1.8579237929990704,129.0479485232724,190.80936357941405,-0.00012923188158079534,0.000872802649314759,0.044578842133171176,-64.29214857961594,0,-0.3006330292936852,0.03686755046865997,61.76141505614166,0.04458757283456979,0.013832093795186075
2026-09-20 00:20:00,24.981459445298178,30.570409513159078,2.2210748241799405,132.82354559925992,188.81606230028927,0.03910652432299581,-0.025859320248070562,0.0861135006281567,-65.23034658189383,0,-0.008652936568466885,0.24345621390246563,55.99251670102936,0.09804876174002851,0.017907994243825037
2026-09-20 00:21:00,25.448180998490578,30.48369817904699,1.531068793269149,130.5756932076191,186.18349719391,0.02976269254480404,-0.02034490738573683,0.061985736708662524,-65.36815166779262,0,0.46672155319240005,-0.08671133411208842,55.60780398629089,0.07170749388569074,0.017713374102050938
2026-09-20 00:22:00,25.293540884250266,30.276198440645537,1.8099558172702577,135.84502793436943,187.66691752362385,-0.009014131183545177,0.019832927565216044,0.05933342304207253,-65.15297148350689,0,-0.154640114240312,-0.2074997384014523,51.821889589254425,0.06320644481926516,0.017487480639697555
2026-09-20 00:23:00,25.888241076694076,30.430891895533524,2.504989217113155,133.07532745774532,185.7560112133486,-0.04018430688051123,0.012021058701482068,0.04647035769257796,-66.77332856469022,0,0.5947001924438098,0.1546934548879868,52.68068375560327,0.0626001478899828,0.017391634910792424
2026-09-20 00:24:00,25.9725169817775,30.4131124044266,2.0531370062251133,128.03830483502327,185.59358490590205,-0.004359367699214587,0.027735613145704226,0.04374834211710961,-63.661191374236935,0,0.0842759050834232,-0.017779491106924894,57.55528007087878,0.05198255247004309,0.01759358659058002
2026-09-20 00:25:00,25.225150606492914,30.433893493461664,1.8144156880866957,130.08194013955432,187.1618782498808,-0.01289244262156946,-0.013654856896084698,0.04720160924157061,-65.13928919165949,0,-0.7473663752845852,0.020781089035065037,57.07993811032648,0.0508002176038345,0.01701555956775844
2026-09-20 00:26:00,25.605741979795702,30.523340854486335,2.082696751333739,129.8578878923667,188.49482272691745,0.004130112502916608,0.005931676743016057,0.060814065443924835,-67.21539389232258,0,0.3805913733027886,0.08944736102467132,58.63693483455074,0.06124208662421912,0.016777470022918586
2026-09-20 00:27:00,25.46495742973124,30.423874589016062,2.125899561991188,125.25346970996162,185.06314186198426,0.0017845657374949823,0.008531358235673551,0.04009395662924172,-67.97525892589157,0,-0.14078455006446333,-0.09946626547027293,59.80967215202264,0.041030404658062444,0.016723045253159503
2026-09-20 00:28:00,25.803010136975974,30.38368530301055,1.952819706889972,127.17880325054693,180.9581153774887,0.0012603531779845712,0.013905350005044738,0.03931796168545683,-67.16017858105431,0,0.338052707244735,-0.04018928600551064,53.77931212694176,0.04172348691079288,0.017213072257188385
2026-09-20 00:29:00,26.107404665111,30.468847542884916,2.095451930343341,128.31771727906042,183.2816986285801,0.01047369482758329,0.022545622468641387,0.05539547533361018,-67.06338705824946,0,0.30439452813502754,0.08516223987436433,54.963981349519685,0.06071788915366266,0.016484773372691823
2026-09-20 00:30:00,25.9172935169627,30.203597458085536,1.9319322149856588,123.8913384914322,183.80446305388998,-0.02425043894167357,-0.014345278116886944,0.05319196444642121,-66.33781558693249,0,-0.19011114814830066,-0.26525008479937995,59.91312456245778,0.06019348697977225,0.009876573279264115
2026-09-20 00:31:00,25.822207284557287,30.38530729663264,2.089429625723758,130.14248040475493,179.19624081569413,0.008227205551394156,-0.002283405355209615,0.04229686462109104,-68.71325626764184,0,-0.09508623240541425,0.18170983854710343,49.05376041093919,0.04315003601361178,0.009095099261496507
2026-09-20 00:32:00,26.388347370209964,30.04763114827776,1.831002848529434,129.25278446604088,179.14822423237837,-0.008792323060340121,-0.012202994911602903,0.03908796421584776,-67.38249276143996,0,0.5661400856526768,-0.33767614835488047,49.89543976633749,0.04188182154765227,0.009109237051456996
2026-09-20 00:33:00,25.296002962036788,30.030160829210235,2.055023136136098,124.98131829606528,178.45191944802593,0.00399964399727374,-0.001052237467127513,0.06437896993368432,-69.30192216031217,0,-1.092344408173176,-0.017470319067523832,53.47060115196065,0.06451167433507198,0.0093832334954911
2026-09-20 00:34:00,26.337720809865342,29.890619785419858,1.469447039967986,131.212638595832,175.87479235356722,0.019148196904643797,0.013968655641259504,0.05357004425299562,-67.42223181530233,0,1.0417178478285543,-0.13954104379037702,44.66215375773521,0.058579232039956027,0.009632063040588144
2026-09-20 00:35:00,25.772657299549103,29.820056617695908,1.8873160829962017,132.14761823407287,177.78872859079152,-0.024487995464420594,-0.03308071000521405,0.03636464136271968,-68.03193607202005,0,-0.5650635103162394,-0.07056316772395022,45.641110356718656,0.054921602650994945,0.009644976762537298
2026-09-20 00:36:00,25.871957820478944,29.73311715088519,1.543296512281717,130.68110343659467,175.3328992698359,-0.0056258730533913885,0.02218743138918571,0.03706374463917706,-66.03329772751557,0,0.09930052092984099,-0.08693946681071907,44.65179583324124,0.0435620675122385,0.00954446749700946
2026-09-20 00:37:00,25.68689181058517,29.605482355240362,1.7166857885685647,129.02779547437308,175.5407034787291,-0.0023706846805772834,-0.022783642485274994,0.04638488027549531,-69.54091276149207,0,-0.18506600989377375,-0.12763479564482694,46.512908004356035,0.051732694004116835,0.008875561211992733
2026-09-20 00:38:00,26.248066782411392,29.35328788752606,1.2538112945523299,131.77432645525556,172.1064367349686,-0.010285379431412818,-0.006147406393944629,0.057328418069976336,-66.62844860872012,0,0.5611749718262224,-0.25219446771430043,40.33211027971305,0.05856728740369004,0.008265391837190886
2026-09-20 00:39:00,25.346545310973898,29.176461961808904,1.2365694149368376,132.04066108143007,172.24742180751343,0.017996589922659147,0.02487883849932249,0.055950088021082804,-69.68622036340786,0,-0.9015214714374942,-0.17682592571715716,40.20676072608336,0.06382198840122925,0.008606089294634538
2026-09-20 00:40:00,25.64071061821931,29.393498745680102,1.6717313131983336,130.92221070915906,173.87673776257625,-0.014407767176009431,0.006560194359668106,0.06131678537001218,-69.27223228853975,0,0.2941653072454109,0.21703678387119751,42.954527053417195,0.06332746697245087,0.008904838229856445
2026-09-20 00:41:00,25.707681070091503,28.94413234420432,1.4664714674041168,127.52616324869572,171.07156258517236,-0.011108007988846775,0.0067905989652731966,0.03509650192539203,-69.56430984937582,0,0.0669704518721943,-0.4493664014757819,43.545399336476635,0.03743346795564765,0.00984187639019467
2026-09-20 00:42:00,24.969536636229943,28.907391619256963,1.3973913711347465,130.82980229653353,174.73816997833094,-0.014198382659041291,-0.023612520905902216,0.05223846689779657,-67.55901745342133,0,-0.7381444338615601,-0.03674072494735725,43.908367681797415,0.05905931457015414,0.008985840027607432
2026-09-20 00:43:00,25.071625712060143,28.517925129353387,1.1732428426231594,133.58644195247643,170.03906826127627,0.021841108228776034,-0.020881718716476816,0.0642591033232136,-68.88572541689133,0,0.10208907583020022,-0.389466489903576,36.452626308799836,0.07100924267388442,0.009894671968709658
2026-09-20 00:44:00,25.18953205522889,28.48893159373674,1.6656204675021917,128.2101128241648,170.93334871260862,-0.009848882248244335,0.01882512793337838,0.063328017304761,-68.94419203408926,0,0.11790634316874815,-0.02899353561664597,42.72323588844381,0.0667968839018704,0.010440292755896604
2026-09-20 00:45:00,24.846293277146373,28.340080081751424,1.1526232302484891,136.29381801739729,172.0898804870952,0.009200907817671125,-0.011782870909687795,0.053589099814126864,-67.2589104703953,0,-0.3432387780825188,-0.14885151198531688,35.796062469697915,0.05563527990791545,0.010426760924611426
2026-09-20 00:46:00,24.738143317341134,28.2344212621301,1.3622994172422622,128.42310719804385,167.2263584977993,0.03951410202460148,-0.009898237465996986,0.07348018508653877,-66.85863513338504,0,-0.1081499598052389,-0.1056588196213255,38.80325129975546,0.08401593279905828,0.012276607268867782
2026-09-20 00:47:00,24.740934612240448,27.74840265178407,1.3023601486423135,130.0972210400204,166.47914980039744,-0.0014963684070117065,0.019279025021094236,0.0560928511641586,-67.10325842772826,0,0.0027912948993140674,-0.48601861034602933,36.381928760377036,0.05933235100598938,0.011857633056623634
2026-09-20 00:48:00,24.896727121698454,27.870678702738886,1.0095480110308115,127.982543211981,166.9870412825014,0.022241213600663147,-0.020998270907390548,0.060427466328413434,-67.1231500116124,0,0.15579250945800638,0.12227605095481664,39.0044980705204,0.06772796800733082,0.011925225473875426
2026-09-20 00:49:00,24.448243475474573,27.573155432848466,1.2068757750985206,130.66981250776078,172.70064208061106,0.033427081681862564,0.00538470265772516,0.05044447918775507,-64.93623466414861,0,-0.44848364622388104,-0.29752326989041933,42.03082957285028,0.06075368542732102,0.011935933795539427
2026-09-20 00:50:00,24.71741643475771,27.556014663930778,1.657745079259853,124.77333492209418,169.3070409615837,0.020543831200808275,0.0008581465233538287,0.04219024707155713,-66.4112706099119,0,0.2691729592831358,-0.01714076891768812,44.53370603948953,0.04693402138983919,0.012898059408457417
2026-09-20 00:51:00,23.931407534767864,27.257514325249108,1.5488933115019374,128.36187460354984,175.8582517480592,-0.00033602631955480835,-5.3714517264844565e-05,0.04124790799221254,-65.53257099581913,0,-0.7860088999898451,-0.29850033868167003,47.49637714450935,0.041249311662994205,0.012163173710622234
2026-09-20 00:52:00,23.68642880914382,27.116004421586382,1.7582493339178482,126.7236363989543,170.0369582454837,0.01284215517997227,-0.010368712637550077,0.0518161521479442,-65.96720782519765,0,-0.2449787256240441,-0.1415099036627261,43.313321846529405,0.054381474555637806,0.012345433535864762
2026-09-20 00:53:00,24.46602578687587,27.018142716969646,1.6805190330100452,130.40601504367686,172.04642818415508,-0.02574757186270691,-0.011597103629266567,0.047884979931497935,-66.97216894484917,0,0.7795969777320515,-0.09786170461673649,41.640413140478216,0.055591380379094425,0.01188048052742365
2026-09-20 00:54:00,23.512132082635667,26.78846594480255,1.6571634798085568,132.98334212652674,175.35657502957588,-0.01560086316299904,-0.021567283275897308,0.03231414330086519,-65.08249971639032,0,-0.9538937042402047,-0.22967677216709603,42.37323290304914,0.041865719826634666,0.012706106906526654
2026-09-20 00:55:00,23.13337036608768,26.6992539338556,1.9717673560079005,131.93801856134365,176.95678252061433,-0.012093503632638381,0.009653300520826132,0.03974206415074259,-66.04189041314008,0,-0.37876171654798796,-0.08921201094694808,45.01876395927067,0.042648220408591016,0.013473117877299453
2026-09-20 00:56:00,22.81733641809207,26.486145970862463,1.9450006650630154,122.88502191742333,177.8103407745496,0.04481224240348564,-0.013362983830334723,0.046815964259459074,-65.22810529225498,0,-0.31603394799561,-0.2131079629931385,54.92531885712626,0.0661697885414597,0.010004317095234824
2026-09-20 00:57:00,23.472443085512857,26.28703822747333,1.5863359593388489,136.12620895878365,176.90987703520992,-0.01625169028510534,0.01937489242334503,0.057272793759371596,-64.58179085944265,0,0.6551066674207888,-0.1991077433891313,40.78366807642627,0.0626073222438294,0.010260757999604065
2026-09-20 00:58:00,22.85460596245791,26.443818606262308,1.5444149273816057,130.88583982186262,177.40210325748535,-0.01654953502523659,-0.004491100831813058,0.049839261138379255,-66.57946892028927,0,-0.6178371230549473,0.15678037878897655,46.51626343562273,0.052706821636792,0.009055302252597385
2026-09-20 00:59:00,22.68557766892419,26.091451718443615,2.2681805779872803,127.670502578521,177.4462872501,-0.02087841960497967,-0.02116900978842076,0.049279357894994866,-66.00092237084542,0,-0.16902829353372084,-0.3523668878186932,49.775784671579004,0.05755423959333357,0.00878335437728819
2026-09-20 01:00:00,13.259526728251231,26.09012567296938,-4.262965546547539,130.4713837569728,0.0,0.011196235238615218,-0.0047562776429684135,0.04013087372996684,-63.23955427111275,0,-9.426050940672958,-0.0013260454742365368,-130.4713837569728,0.0419340540237401,0.009244777972779655
2026-09-20 01:01:00,13.507433830108578,26.078625846546057,-4.659358536936016,130.52856946750808,0.0,0.0028524278533776566,-0.00821714398272949,0.05023166080062099,-64.57625929659716,0,0.2479071018573471,-0.01149982642332148,-130.52856946750808,0.0509791873874062,0.00850879604239295
2026-09-20 01:02:00,13.040608602956956,25.846056077550415,-4.494091820059866,127.99945384914531,0.0,0.021735179540531297,0.020182068234561052,0.06319101027445988,-64.29988187023677,0,-0.466825227151622,-0.23256976899564208,-127.99945384914531,0.06980571385918563,0.010106746404535554
2026-09-20 01:03:00,13.683737776331187,25.738543978991476,-4.392202980199405,130.59375000202624,0.0,0.013425193321547086,-0.007380003785030646,0.05155575112758557,-63.29730517090366,0,0.6431291733742306,-0.10751209855893862,-130.59375000202624,0.053783787017255676,0.010094980781607827
2026-09-20 01:04:00,12.902347644250161,25.766875048045573,-4.607198727289217,128.17758313713907,0.0,-0.027607796934481347,-0.005524207624006516,0.034926864185181386,-63.640262127544354,0,-0.7813901320810253,0.028331069054097213,-128.17758313713907,0.044861934457385975,0.009732594823348959
2026-09-20 01:05:00,13.058622064012573,25.78925712909581,-4.730857457800295,128.78691402192993,0.0,-0.016145555400207415,0.028230934109848713,0.03748477205695469,-62.63996100417673,0,0.1562744197624113,0.022382081050235314,-128.78691402192993,0.049626331075928204,0.00902865287978741
2026-09-20 01:06:00,12.856237697328162,25.50406328876756,-4.394529285253436,127.94116259273474,0.0,0.027306574965516427,0.01016534642926698,0.05588788877223153,-62.925112465859264,0,-0.20238436668441118,-0.28519384032824746,-127.94116259273474,0.06302729103961,0.008643258074261334
2026-09-20 01:07:00,12.475579813823623,25.560080541426327,-4.47366879831116,125.70198613078104,0.0,-0.0040659648915361,0.033254120320069934,0.04775684524777381,-62.50658442990641,0,-0.3806578835045382,0.05601725265876567,-125.70198613078104,0.058335965379692725,0.008307469446463621
2026-09-20 01:08:00,12.180109500278116,25.366719737574627,-4.621883589022596,130.43750941064616,0.0,0.023751836360360254,0.0251809000812781,0.04925419769896486,-63.254169451836454,0,-0.2954703135455077,-0.19336080385170007,-130.43750941064616,0.06020135754583411,0.008487729873097883
2026-09-20 01:09:00,12.323894232440075,25.476452390548122,-4.872422065383201,131.75589830954902,0.0,-0.002993618958306341,-0.017743251767257093,0.04387265824985243,-62.22282792523451,0,0.14378473216195964,0.10973265297349499,-131.75589830954902,0.047419351320448784,0.008751299653457445
2026-09-20 01:10:00,12.244442388839342,25.506033175708986,-5.041557672109434,131.54465078822912,0.0,-0.019353128565770428,0.019799017088002156,0.05503412212199913,-61.1933764768777,0,-0.07945184360073299,0.0295807851608636,-131.54465078822912,0.06160600020025123,0.007908724551397543
2026-09-20 01:11:00,11.786338542122207,25.415085848180773,-4.68347779509224,132.4597757579057,0.0,-0.006065215553334122,0.03050606584149183,0.04699082286754651,-62.76700639648444,0,-0.458103846717135,-0.09094732752821244,-132.4597757579057,0.05635196825846434,0.007712467297021936
2026-09-20 01:12:00,11.874903692906305,25.463889294527874,-4.49661547134561,130.9730206300446,0.0,-0.01936099591099392,0.030656262646468396,0.04813386778271395,-61.204170839776744,0,0.08856515078409721,0.04880344634710099,-130.9730206300446,0.06026212599832971,0.006354180881714533
2026-09-20 01:13:00,12.063528683881788,25.388870363451947,-4.63094076072054,128.40182350534928,0.0,-0.011311055248048476,0.019761919671533748,0.04148776608336874,-62.111272392240984,0,0.1886249909754838,-0.0750189310759275,-128.40182350534928,0.04732555519501994,0.006861331145962971
2026-09-20 01:14:00,12.182682087183133,25.568480540089794,-4.44553522442014,132.51899159329358,0.0,0.004018514131304919,0.019350459898183514,0.0592169129814277,-61.285860204340366,0,0.11915340330134505,0.17961017663784773,-132.51899159329358,0.062427810606689435,0.006224388777011299
2026-09-20 01:15:00,11.688986425178372,25.70825873823047,-4.638192100100045,125.92744738047419,0.0,0.01023210180738041,-0.006053220873510995,0.04778867208383579,-61.87288042697339,0,-0.493695662004761,0.13977819814067516,-125.92744738047419,0.049245249211233494,0.006273200593727353
2026-09-20 01:16:00,11.865001906518573,25.545542329312685,-4.757297528581133,127.29798585246256,0.0,-0.03180382646508596,-0.016747641686991496,0.0560788033311976,-62.03718236641207,0,0.17601548134020106,-0.1627164089177846,-127.29798585246256,0.06660930162489542,0.006762849362553199
2026-09-20 01:17:00,10.993942637950695,25.655974164755037,-4.552996053786735,127.10739978573027,0.0,-0.00034736015018196344,-0.0070443463779491355,0.03806408435965983,-61.676956569575744,0,-0.871059268567878,0.11043183544235191,-127.10739978573027,0.03871198771835101,0.008850214418531085
2026-09-20 01:18:00,11.273531333017035,25.841617985345035,-4.775095949978041,133.24016817741793,0.0,-0.01173231471119505,-0.033295780028655256,0.06733883138378609,-60.856639560513685,0,0.2795886950663391,0.1856438205899984,-133.24016817741793,0.07603140396134413,0.011028421114931842
2026-09-20 01:19:00,11.348897316480798,25.995506979685267,-4.589876451676535,132.82836554242022,0.0,-0.01296829617917625,0.026855906308434107,0.06277374038513223,-61.89802450396589,0,0.07536598346376344,0.15388899434023173,-132.82836554242022,0.06949790566181265,0.011195241459064217
2026-09-20 01:20:00,10.56749302039006,25.817357539860154,-4.850060983067618,131.461915711135,0.0,0.0026536923826615366,-0.005665859188354241,0.030902023303410735,-61.739366059938675,0,-0.7814042960907379,-0.17814943982511267,-131.461915711135,0.03152901977303757,0.01403878773609186
2026-09-20 01:21:00,10.584937214501227,26.051210307368436,-4.484087923909713,133.21578959563539,0.0,-0.01100903745378424,0.025826614581299197,0.04198062524936285,-62.68946587950947,0,0.017444194111167377,0.23385276750828154,-133.21578959563539,0.050503324867945495,0.014134703201258222
2026-09-20 01:22:00,11.151846529736865,26.206397215825238,-4.155264880811351,127.36215165276404,0.0,0.02764275989693348,-0.02462999154443199,0.05477634391009885,-60.87177210198639,0,0.5669093152356375,0.15518690845680183,-127.36215165276404,0.06611510047149387,0.014483818106460824
2026-09-20 01:23:00,10.24389082082181,26.285968252270152,-4.688035425378773,131.04578535958294,0.0,0.023761237525021205,0.02165249842004421,0.036802713438509965,-61.94174811554207,0,-0.9079557089150558,0.07957103644491426,-131.04578535958294,0.04886580412709459,0.014391585244353038
2026-09-20 01:24:00,10.046529233182788,26.174154198631484,-4.379503512922083,129.62447671485052,0.0,0.02363656587884079,-0.009897613163586392,0.04868405917836675,-62.66058477694508,0,-0.1973615876390209,-0.11181405363866759,-129.62447671485052,0.05501624860860194,0.01421083693723617
2026-09-20 01:25:00,10.826601846487987,26.604613396570105,-4.944893925255578,132.54064631165474,0.0,-0.009898203909806037,-0.025687388166183482,0.054266317859767974,-63.03285212950011,0,0.7800726133051992,0.430459197938621,-132.54064631165474,0.06084940102825709,0.014143043489568012
2026-09-20 01:26:00,10.65382519929576,26.845531066912436,-4.415467381133024,129.6543273023434,0.0,-0.019249976698386448,0.032542361043195155,0.048152740880205165,-62.11869952246139,0,-0.17277664719222763,0.24091767034233058,-129.6543273023434,0.06122298032136519,0.013808490801023879
2026-09-20 01:27:00,10.358597039312494,26.85016072658256,-4.39215798024417,128.84517133476976,0.0,0.0016405985877623107,0.022146233386815487,0.05538838703537097,-63.90243155717918,0,-0.29522815998326557,0.004629659670122521,-128.84517133476976,0.05967428789126452,0.012444093422470147
2026-09-20 01:28:00,10.157280843775652,26.885441400576447,-4.528124170950701,131.62272555568296,0.0,-0.003006967325725344,0.004235848403715685,0.043066700953981185,-65.29054709291998,0,-0.2013161955368421,0.035280673993888456,-131.62272555568296,0.043378854240941914,0.0114075561356563
2026-09-20 01:29:00,9.989595727520278,27.091790395439578,-4.739845028544547,132.6285075015737,0.0,-0.012176463248467297,0.0006787577026992625,0.02755818457831878,-63.65707446615241,0,-0.16768511625537386,0.20634899486313074,-132.6285075015737,0.03013603335731057,0.012462982924214319
2026-09-20 01:30:00,22.084584662142717,28.176991306765558,1.2765362145502661,127.99496441545959,180.28177249382242,-0.02351468893333923,0.008790200376382364,0.05982115312165061,-60.809995426885656,0,12.094988934622439,1.0852009113259804,52.286808078362824,0.06487509983878736,0.011146515403398706
2026-09-20 01:31:00,22.673858764303176,28.25753949139454,1.5732503730338494,129.81677298594286,177.46145543534257,-0.0008303593853614314,0.0038925715583482214,0.059758146536025306,-60.41910182871365,0,0.5892741021604593,0.08054818462898083,47.64468244939971,0.0598905475635913,0.011208463489737709
2026-09-20 01:32:00,22.470903504429938,28.396349218394217,1.8679721763646913,126.82467809907504,182.63302873632017,-0.008081389005049466,-0.015845519083429425,0.07503636642288333,-62.148864248745106,0,-0.2029552598732387,0.13880972699967842,55.80835063724513,0.07711579351354347,0.012841229752227727
2026-09-20 01:33:00,23.247840310068487,28.53231458534109,1.9527125819055782,122.50581694752118,182.65999689401605,0.013766940740760394,-0.008241045395698438,0.027928134820656855,-62.04967507092628,0,0.7769368056385488,0.13596536694687344,60.154179946494864,0.03220907016873285,0.014813118605841375
2026-09-20 01:34:00,22.525294727488177,28.59267976663974,1.8944747268061572,130.60137889424118,182.96211041935,0.013302121030429588,0.03921435664077406,0.05750832109346816,-61.64559872853983,0,-0.7225455825803095,0.06036518129864987,52.36073152510883,0.07086550067308811,0.015703155762569632
2026-09-20 01:35:00,22.983711610719613,28.797929623924805,1.6939977817080591,131.8267160687639,181.60484925150845,0.022015996108454342,0.05344313485256028,0.03031317861916613,-62.521020219082274,0,0.45841688323143615,0.2052498572850645,49.77813318274457,0.06526684874815002,0.01591475939533872
2026-09-20 01:36:00,23.07016322634618,28.965753582203774,1.8310570451837662,130.78620042726018,186.67362494708976,-0.025185911037600765,0.03125337010461366,0.06756493281675319,-61.850846365937734,0,0.08645161562656867,0.16782395827896934,55.88742451982958,0.0785883159523238,0.017372441083098603
2026-09-20 01:37:00,23.046048766873106,29.179737132996443,1.9748635541474426,124.1513148467369,185.37677519305308,0.008021166153872654,0.009564478803252468,0.0548786683369601,-62.581507971573295,0,-0.024114459473075556,0.21398355079266906,61.22546034631618,0.0562804282116258,0.017373591147600113
2026-09-20 01:38:00,23.511748249331706,29.421908266754944,1.8528358146102433,128.94745170977058,184.83372723757466,-0.014549314124673442,-0.006754980654038701,0.04048071152323747,-61.63096996047898,0,0.46569948245860004,0.2421711337585002,55.88627552780409,0.04354308568030555,0.01735845156616682
2026-09-20 01:39:00,23.865060926943052,29.5234399971669,2.322292269150872,123.34495671984675,182.08874466971156,-0.024408284216221696,-0.01596371787793932,0.05780222474601436,-62.08195288028072,0,0.35331267761134555,0.10153173041195629,58.74378794986481,0.06474335342299664,0.014413174824541958
2026-09-20 01:40:00,24.07497120840242,29.40398607209474,1.8053155860393277,134.10910332296254,188.35968003797768,-0.008572044738974202,-0.01464564820860405,0.04446954992283064,-62.172535435448395,0,0.20991028145936852,-0.11945392507216113,54.25057671501514,0.04759743514934695,0.014966963598882062
2026-09-20 01:41:00,24.741884569406,29.69577409751627,2.2439672780100635,126.74183625364574,192.45657679395384,0.021374099602692355,-0.011065353173735214,0.053004160995512695,-63.37991127039795,0,0.66691336100358,0.2917880254215319,65.7147405403081,0.05821284443766285,0.014972871725900323
2026-09-20 01:42:00,24.39791013449721,29.867066561765597,2.011399707723505,133.76621082837968,192.642909288768,-0.007446367071409684,0.04302328082851539,0.05205960716209084,-61.45316576189332,0,-0.343974434908791,0.17129246424932631,58.876698460388326,0.06794596215878243,0.014020749352417542
2026-09-20 01:43:00,24.76578666404804,29.96732421529906,2.063648003117132,132.83760893105244,188.7213893409994,0.03130909319918224,0.036125645927651974,0.06744168136147295,-63.11093038230108,0,0.3678765295508306,0.10025765353346472,55.88378040994695,0.08266620830489085,0.01249391630697471
2026-09-20 01:44:00,24.596699022840458,29.946097282897288,2.282387191876036,127.29822894239182,188.65007317916104,0.01097757031040667,0.014925567798707878,0.06814925910086513,-63.57304990718409,0,-0.16908764120758235,-0.02122693240177398,61.351844236769224,0.07062295051915203,0.012478407503145593
2026-09-20 01:45:00,25.229971720229116,30.39508838359658,1.6878848790082897,126.60164514619676,190.91249837819058,-0.00788180957961154,-0.019212263528256522,0.04402734626726494,-64.81497589338116,0,0.6332726973886587,0.44899110069929193,64.31085323199382,0.04867896066542588,0.013299842428334471
2026-09-20 01:46:00,25.588959149274512,30.061279593291953,2.23817898929693,131.05111064915903,187.99896515203847,0.023200968578128173,0.01786111853422073,0.06058105617996037,-64.39135910023958,0,0.3589874290453956,-0.3338087903046265,56.94785450287944,0.06728572557486683,0.012153788990619375
2026-09-20 01:47:00,25.164447159853953,30.156254559326847,2.5391737502670657,127.46702788845079,190.5202319041636,0.008907935442285714,-0.004772340570212104,0.05354840155570298,-64.42505983399766,0,-0.4245119894205587,0.09497496603489353,63.05320401571282,0.05449364969914234,0.012239754767070706
2026-09-20 01:48:00,24.83550993387446,30.353457223044224,1.9672192260661194,130.30745392647464,191.27063686555132,-0.018651187768934107,-0.04306018877288243,0.035873179329930886,-65.5754656914212,0,-0.3289372259794945,0.19720266371737694,60.96318293907669,0.05906717919103373,0.010730368654195821
2026-09-20 01:49:00,25.089020512324346,30.596950176478593,2.0685885688053007,128.55151722757924,191.91686732464274,0.037176052711610307,0.005742012748025187,0.043037716196278206,-65.32992718013053,0,0.25351057844988745,0.2434929534343695,63.3653500970635,0.05716007891007761,0.010793047343972495
2026-09-20 01:50:00,25.450464230193134,30.346225268337864,2.2040972281119817,124.6565247566031,188.89266611529692,0.005189576461729532,-0.016838260816681105,0.07336146099599625,-65.45297066214614,0,0.36144371786878793,-0.2507249081407288,64.23614135869381,0.07544774808203221,0.01043057286300587
2026-09-20 01:51:00,25.606642312951262,30.43704148840645,2.167233132662543,123.30859594262662,188.22474616613482,0.00037592383970983656,-0.016161068581800744,0.05357854401104655,-65.47881750602525,0,0.15617808275812806,0.0908162200685858,64.9161502235082,0.05596411202532013,0.010595918952608065
2026-09-20 01:52:00,25.774356980561052,30.59418787713921,2.0322477361892854,130.68005274548378,186.32899886468277,-0.01711065339811232,-0.005008159871360151,0.059997795795175224,-67.5413013688981,0,0.1677146676097898,0.15714638873275888,55.648946119198996,0.0625906672379116,0.01050552403768002
2026-09-20 01:53:00,25.789115065411096,30.496459644834474,1.6638365374667754,128.31532676100812,185.80329141368748,0.023590765352154763,-0.009966459458848258,0.047879556876330095,-66.15231735433204,0,0.014758084850043929,-0.09772823230473549,57.48796465267935,0.05429831020132229,0.008328969695390277
2026-09-20 01:54:00,25.730251818745685,30.465473622150732,1.8464481738373255,128.34073054925761,186.30167402170846,0.01034550854722613,-0.0006851363820801602,0.04460058085280658,-66.62578669272136,0,-0.05886324666541043,-0.03098602268374151,57.96094347245085,0.04578985445893573,0.008689829196567326
2026-09-20 01:55:00,25.60507894506171,30.545083184568085,2.2589773306560734,132.08759151728137,186.71945245467194,0.012584763605904818,-0.001646611000344106,0.05027264507634475,-66.49205364555975,0,-0.1251728736839759,0.07960956241735317,54.63186093739057,0.051850038049890475,0.008360359741715015
2026-09-20 01:56:00,25.97457422004804,30.494301587480788,1.7237080115583892,133.52032682989733,186.98218297068112,-0.01015062687051537,-0.03751618185695263,0.04733895944753783,-65.64841137214697,0,0.36949527498633117,-0.05078159708729757,53.461856140783794,0.06124929557606358,0.007849384301965629
2026-09-20 01:57:00,26.459389638550835,30.537662955759167,2.1588669079442644,129.18236583591457,182.6674409009776,0.016682011438201368,0.030405559777656663,0.03506747068968402,-64.83212537604702,0,0.4848154185027944,0.04336136827837933,53.48507506506303,0.049320533975097856,0.008251037874598926
2026-09-20 01:58:00,26.247777501582167,30.520518732617454,2.119533880554016,128.9782038792704,186.3352586394781,0.018236271871416035,-0.019667534458973596,0.039966745425459686,-66.393897219605,0,-0.2116121369686681,-0.017144223141713155,57.35705476020769,0.048132258033117624,0.008699365021135707
2026-09-20 01:59:00,26.131263149041214,30.36820053275293,1.43635420675067,131.50042909934166,181.85024609005467,-0.013375564775622451,-0.019047967702609463,0.057078845144122314,-68.48006767389784,0,-0.11651435254095333,-0.15231819986452422,50.34981699071301,0.061641912443184475,0.008869242854150155
2026-09-20 02:00:00,26.29885002356304,30.30241683960204,2.1070398462218307,125.92919329090128,181.3684654919018,-0.02833980279361982,-0.006571065035805949,0.046193093108975895,-67.74883779847333,0,0.1675868745218274,-0.06578369315089105,55.439272201000506,0.054590522703676043,0.005910978123115011
2026-09-20 02:01:00,25.887815848087172,30.22029844227252,1.6997495431969356,130.66945916424308,178.92138326603725,0.01162746118677848,-0.002166696947385884,0.05025704882027907,-66.94857204724242,0,-0.4110341754758693,-0.08211839732951987,48.251924101794174,0.05163006280681601,0.005953916020764995
2026-09-20 02:02:00,25.845814868341026,30.163674963079796,1.4414823076683327,131.65565791546646,174.56777804517833,-0.03146693899211479,0.029179596336636776,0.05234923050497211,-67.1846892082101,0,-0.04200097974614536,-0.056623479192722925,42.912120129711866,0.06769090800369901,0.006903838057986683
2026-09-20 02:03:00,25.76312458250588,30.026758073336122,1.7686322481357124,132.0406906252529,180.19063385128962,0.003040315556755587,0.005388469041098022,0.0531305004881872,-66.78558140044431,0,-0.08269028583514526,-0.13691688974367366,48.149943226036726,0.05348952420256496,0.006912748909919399
2026-09-20 02:04:00,25.929073254979045,29.918679296727905,2.049517228592785,124.1897418924926,178.91827677391655,-0.008944902095746143,0.011329309682190687,0.06146579061315371,-67.95594040300404,0,0.16594867247316358,-0.10807877660821674,54.72853488142394,0.06313800715161604,0.006644898403000175
2026-09-20 02:05:00,25.809342018483026,29.927377416428538,1.8634318793340015,127.71593419057318,175.92951260886736,0.02437330421577842,0.005490723751665634,0.039013041849314686,-68.2879320959275,0,-0.11973123649601902,0.00869811970063239,48.213578418294176,0.046327350885285536,0.007254874168164119
2026-09-20 02:06:00,26.25787294570842,29.84026956941338,1.9622065252228722,127.3652102415296,175.7087770015012,-0.007856877815344146,0.004629231649975459,0.05570252723543625,-66.2175534858853,0,0.448530927225395,-0.08710784701515806,48.34356675997161,0.05644405951992556,0.007002784268845942
2026-09-20 02:07:00,25.702503786596544,29.411343536768133,1.7042649026662289,130.29966086322764,175.73351702632326,0.022145459440076082,0.006194590061740174,0.05755027793519648,-67.93623961390276,0,-0.5553691591118763,-0.4289260326452471,45.43385616309561,0.06197442061256747,0.006957315401855908
2026-09-20 02:08:00,25.544383835882183,29.429601735762176,1.128948026439005,131.44223373930396,170.75632937679973,-0.010284188887260523,-0.038654682851378776,0.05985851779001506,-69.01573136623134,0,-0.15811995071436158,0.018258198994043795,39.31409563749577,0.07199299409961415,0.007806242116977543
2026-09-20 02:09:00,26.298612013664666,29.219883986209137,1.2472031167243949,134.49013122233794,172.06423305346766,0.01999982010119222,-0.004998369696790573,0.03587082400585128,-66.50725537120871,0,0.7542281777824833,-0.20971774955303957,37.574101831129724,0.04137260589526121,0.009467596511718806
2026-09-20 02:10:00,25.501777137978326,29.11208441994092,2.213802554456174,128.5151035588958,174.02050440616438,0.041206830876736635,0.023245222211423146,0.05254819218346998,-69.44111750552769,0,-0.7968348756863399,-0.1077995662682163,45.50540084726859,0.07070824399115927,0.010366618687471478
2026-09-20 02:11:00,25.59550801170861,29.032782399137908,1.6020899098600965,128.50728250507237,169.3086500430174,-0.02136094276732481,0.07884662021613371,0.06716075946398517,-71.38226051339225,0,0.09373087373028355,-0.07930202080301285,40.801367537945026,0.10575276359129072,0.017833836063341223
2026-09-20 02:12:00,25.588234314018518,28.90441421254401,1.8460839631466262,133.44901605663625,171.8713581401974,0.0058407144346181595,-0.0240861786507902,0.04900879480843377,-67.03998330383482,0,-0.007273697690092007,-0.12836818659389593,38.42234208356115,0.05491921262800208,0.01798797308682199
2026-09-20 02:13:00,25.006587227517745,28.667476616044574,1.608924180999399,130.88973081559092,168.12517702325866,0.0549756483182013,0.008461599206487057,0.054834947019642914,-66.80132563511297,0,-0.581647086500773,-0.23693759649943757,37.235446207667735,0.07810756675114656,0.018282951466664175
2026-09-20 02:14:00,25.60463074612928,28.325558832254927,1.3917134390400057,133.80295453356393,171.4168392259719,0.0013317765380584338,-0.011420931557486833,0.05780395594585185,-67.18184758686402,0,0.5980435186115365,-0.341917783789647,37.613884692407964,0.05893647961473525,0.018380395056979703
2026-09-20 02:15:00,25.303428499675054,28.25629546209205,1.4633968371606727,130.8661840090295,170.15341585875407,0.0012357654045929652,0.04095303807793699,0.039745301556017396,-68.76413415601074,0,-0.30120224645422766,-0.06926337016287576,39.28723184972458,0.057082111381122756,0.01748161096850162
2026-09-20 02:16:00,25.450336052271112,28.276789722157332,1.4321188558815645,126.52865014386019,166.83282633185433,0.015769978947020393,-0.02707565521582963,0.06833824728999975,-67.36928037450205,0,0.14690755259605837,0.020494260065280656,40.304176187994145,0.07517911534478912,0.017379595669355687
2026-09-20 02:17:00,24.64212682999795,27.746605423679767,1.3070687624595128,126.00061493566658,172.33024613327333,0.0008216172818950834,0.012498789806317594,0.05499500796968904,-67.42127630543246,0,-0.8082092222731632,-0.5301842984775647,46.32963119760676,0.05640341925066759,0.017666962921076713
2026-09-20 02:18:00,24.73159045994745,27.97280735659925,1.547313289965869,125.34546325282321,168.5691707580455,-0.034144519891411054,-0.0281442219900838,0.05519502814193426,-67.49821987348324,0,0.08946362994950263,0.22620193291948354,43.22370750522228,0.07074204267358271,0.01763243327778973
2026-09-20 02:19:00,24.562865535036273,27.74025257744971,1.5481639639174574,131.98615550427542,168.55496899972792,0.02264574749677877,-0.006371333361216651,0.033379726219894656,-65.3530748657765,0,-0.16872492491117796,-0.2325547791495417,36.5688134954525,0.04083662438305518,0.01771932128689563
2026-09-20 02:20:00,24.473055124720833,27.65519770096429,1.2102900431275263,133.56579046926103,170.8118956478305,-0.040058968277303854,-0.0006862666149961799,0.057945447982133136,-67.60377293478555,0,-0.08981041031544024,-0.08505487648541887,37.24610517856948,0.07044761772522186,0.01771323381900328
2026-09-20 02:21:00,23.79435044499252,27.341290326244827,1.421356365934539,135.54808642415915,173.0391278755801,-0.008335833022766836,0.021393833634792157,0.05506410341379138,-66.02215801663498,0,-0.6787046797283125,-0.31390737471946295,37.491041451420955,0.059659347252055364,0.011297936253066835
2026-09-20 02:22:00,24.095256400893522,26.995412148776648,1.477621559459781,132.52931599696973,169.1338098048417,0.024148514983132967,-0.02154333652317056,0.06624191327722065,-64.91608296722504,0,0.3009059559010012,-0.3458781774681796,36.60449380787196,0.07372419683569292,0.011508670959896456
2026-09-20 02:23:00,23.460182991732406,27.088541742159624,1.1863556815965048,133.48851573260495,171.80068527745695,-0.007130848572855715,0.013267660976947709,0.04688734785695647,-65.49285113127546,0,-0.6350734091611159,0.09312959338297588,38.312169544852,0.04924736762739162,0.011224117521789012
2026-09-20 02:24:00,23.817019742294395,27.021164204166706,1.5122407529549218,128.25995100203895,173.12998812510128,-0.013873929849288083,0.00037555446775893917,0.040123416704015584,-64.39126902579696,0,0.35683675056198894,-0.06737753799291823,44.87003712306233,0.04245604242773103,0.012709273602048382
2026-09-20 02:25:00,22.88804923085377,26.83927955908048,1.5035625379422093,126.53075254976844,174.3308079588224,0.01758527810333121,0.005455867725719592,0.04317761005225667,-64.82237837924136,0,-0.9289705114406246,-0.1818846450862246,47.800055409053954,0.04693947707885959,0.013320585270184974
2026-09-20 02:26:00,22.784476550336443,26.539214399367992,1.3173518334684966,132.55023799725265,174.04021673183124,-0.01702229573668773,0.019166654293702824,0.044950217649927016,-64.70776948372371,0,-0.1035726805173276,-0.3000651597124886,41.489978734578585,0.051745929847065116,0.012075835711482038
2026-09-20 02:27:00,23.395476664302176,26.47903138018947,1.2605520375243444,131.2530422567182,173.759088895857,-0.024444514391839076,-0.025651133860105754,0.038811534818686266,-64.52035867250393,0,0.6110001139657335,-0.06018301917852398,42.50604663913879,0.052553308051387096,0.012130597287438611
2026-09-20 02:28:00,22.792945780297494,26.28873927414138,1.3690697592080492,130.32233312302267,173.698797764565,0.005490279749865668,0.016211899462971847,0.06290160023765994,-64.02460758675248,0,-0.6025308840046826,-0.1902921060480871,43.37646464154233,0.0651888040110238,0.011482133789729771
2026-09-20 02:29:00,22.465333167354434,26.13912994130707,1.9007270888699748,131.16211444189898,176.43352111779038,-0.0036584659682518186,-0.011378097061788495,0.06327697862931667,-64.77695934436595,0,-0.3276126129430601,-0.14960933283431288,45.2714066758914,0.0643958188894538,0.01057010517715984
2026-09-20 02:30:00,13.688540928049887,26.203532618848165,-4.860579564652866,130.96955644737463,0.0,-0.02487346228377684,0.021917469099536516,0.04804208298859945,-65.4508872954831,0,-8.776792239304546,0.06440267754109641,-130.96955644737463,0.05837042329463685,0.009587926600863944
2026-09-20 02:31:00,13.301838829906169,25.883583507270163,-4.755117105457887,133.8514505795607,0.0,0.0127390507998974,0.006691152690757603,0.046072400779158064,-62.958469438534905,0,-0.3867020981437186,-0.3199491115780013,-133.8514505795607,0.048267184019463616,0.009834948073199252
2026-09-20 02:32:00,13.356094611809867,25.81816884474386,-4.882179349107436,133.88495675445085,0.0,0.009289752111544676,-0.004190567630341109,0.03184518086680688,-62.521817580622155,0,0.05425578190369862,-0.06541466252630457,-133.88495675445085,0.03343614654528919,0.009694799223133942
2026-09-20 02:33:00,12.93064902098515,25.71065800561879,-4.465393278914792,131.63266105702104,0.0,-0.00719510033211264,-0.011800519381816428,0.05695961255303605,-63.211764757368435,0,-0.425445590824717,-0.10751083912506942,-131.63266105702104,0.05861244909284865,0.009928290618435002
2026-09-20 02:34:00,13.666108080203893,25.595226486848926,-4.471246419882447,132.53740861768878,0.0,-0.0058266401224989295,0.016465899887106613,0.06653440108825844,-63.802965150056856,0,0.7354590592187424,-0.11543151876986357,-132.53740861768878,0.0687888226558834,0.010531553887788859
2026-09-20 02:35:00,12.558732475757138,25.692105176007352,-4.525121277046293,131.54218765727433,0.0,0.009407854840183132,0.02521903370961855,0.04362805282740444,-64.61526650234916,0,-1.107375604446755,0.09687868915842657,-131.54218765727433,0.051263187449198146,0.010256794027223827
2026-09-20 02:36:00,13.138014404764807,25.737145120124406,-4.532219189518597,128.61649080389614,0.0,0.023807228395041326,-0.010657030817203691,0.04883215474223602,-62.78818357720284,0,0.579281929007669,0.04503994411705392,-128.61649080389614,0.05536186202127034,0.010182526646834368
2026-09-20 02:37:00,12.46810419787106,25.556607649003542,-4.770129551108873,132.2696940247394,0.0,-0.005655864202186497,-0.02266013131562794,0.05434291461315731,-64.05413772480483,0,-0.6699102068937464,-0.18053747112086427,-132.2696940247394,0.059149156543166215,0.010175156719969854
2026-09-20 02:38:00,11.85984767761043,25.389394417014945,-4.731821897746187,125.81651479342221,0.0,0.01309376986016289,0.013884220858904511,0.06724418360609906,-64.04129856423212,0,-0.60825652026063,-0.1672132319885975,-125.81651479342221,0.06989991864702355,0.010727370833059816
2026-09-20 02:39:00,12.369159677594542,25.599766944890543,-4.367068318664405,133.16167465688764,0.0,0.011304004341691983,-0.028970618840674006,0.05199776221835095,-62.43715427653113,0,0.5093119999841118,0.2103725278755988,-133.16167465688764,0.06058749496294406,0.010490949031964358
2026-09-20 02:40:00,12.18584153791371,25.671182882658677,-4.666807145718435,126.41643118070189,0.0,0.017586145854179527,-0.02611024875165943,0.051954299160265185,-63.06223506490116,0,-0.1833181396808321,0.07141593776813338,-126.41643118070189,0.06074756634724012,0.010567870567523539
2026-09-20 02:41:00,11.642717812288396,25.43592407994162,-4.5407496541785815,130.8574098603842,0.0,0.0007861839748693062,-0.021254005510557984,0.051793185011598034,-61.85394862420547,0,-0.5431237256253141,-0.23525880271705546,-130.8574098603842,0.05599004241051076,0.010164837063506734
2026-09-20 02:42:00,11.548336249980693,25.461733051238628,-4.3403918185010895,127.46453812472153,0.0,-0.018246510281327157,-0.00830900966077499,0.035749674930963274,-62.278784742610775,0,-0.0943815623077029,0.025808971297006877,-127.46453812472153,0.040987974293187186,0.00829690197303601
2026-09-20 02:43:00,11.685257897478412,25.581259103291032,-4.813204918996183,131.66016694922328,0.0,-0.009249983063999387,-0.0267266377843089,0.03553209346170136,-62.666346640140944,0,0.13692164749771862,0.11952605205240374,-131.66016694922328,0.04541370960083534,0.009212499982181906
2026-09-20 02:44:00,11.666622110036624,25.722960053730148,-4.431619791758817,129.89822432221627,0.0,0.0068570693156329585,-0.038775998187631555,0.04192004830885128,-63.72525694104727,0,-0.018635787441787954,0.141700950439116,-129.89822432221627,0.05751424071708698,0.00822142114667804
2026-09-20 02:45:00,10.691476644209727,25.550705898769632,-4.319147792386158,125.21573212551,0.0,0.03636928756763186,-0.022708883886742463,0.06012890574037373,-62.85453987115685,0,-0.9751454658268965,-0.1722541549605161,-125.21573212551,0.0738505503777284,0.0098174870176012
2026-09-20 02:46:00,11.62211043636163,25.52201173818991,-4.342339336247054,131.26209889305542,0.0,-0.00968039246392557,0.012849488931452373,0.04664642929454007,-62.81990793636523,0,0.9306337921519034,-0.02869416057972174,-131.26209889305542,0.049342767757652894,0.010171930494592373
2026-09-20 02:47:00,11.03440550916814,25.781383202037517,-4.674806352910409,128.26623766950186,0.0,0.01609574887054798,-0.025430881442535344,0.04470395951197707,-63.25199392516707,0,-0.5877049271934904,0.25937146384760723,-128.26623766950186,0.05389106473893906,0.010204348809987801
2026-09-20 02:48:00,10.663442412079792,25.871270168013847,-4.9944385235430895,132.6434401624401,0.0,-0.0065611290135352005,-0.0068053935590834,0.044528253958562324,-62.399281418058315,0,-0.37096309708834774,0.08988696597632995,-132.6434401624401,0.04552062385363901,0.009628884466001372
2026-09-20 02:49:00,11.229661429341997,25.874911052796516,-4.744097132024732,130.00397706620322,0.0,0.0022093751177227144,0.03893396924731124,0.04862343121527323,-63.28137378935562,0,0.5662190172622044,0.003640884782669218,-130.00397706620322,0.06232955448988703,0.009768325519570902
2026-09-20 02:50:00,10.82930762645612,25.910863195115304,-4.643452968498995,131.18626295616411,0.0,0.03030793498527185,-0.0009834826005418091,0.0670210793410164,-62.38163963813829,0,-0.40035380288587596,0.03595214231878785,-131.18626295616411,0.07356196868716776,0.011378244881310121
2026-09-20 02:51:00,11.095463981149406,26.167526654209237,-4.528617923688502,127.12729313495437,0.0,0.015285851628408665,0.006850619794591863,0.04848802614302879,-62.08056975226411,0,0.266156354693285,0.2566634590939323,-127.12729313495437,0.05129987261994732,0.011467698238720778
2026-09-20 02:52:00,10.761860780080216,26.230887734048082,-4.65840198303055,128.2320033057179,0.0,-0.02482598545481914,-0.018920800365031062,0.04213702594625142,-63.26882853037059,0,-0.33360320106918984,0.06336107983884531,-128.2320033057179,0.05243906173694678,0.010393265391762954
2026-09-20 02:53:00,10.535966126673477,26.21933033964269,-4.975556780784618,128.62408409169674,0.0,-0.011449500476231817,0.04326949707400284,0.05025245629081633,-62.156676597053156,0,-0.22589465340673875,-0.011557394405393495,-128.62408409169674,0.06729524352770244,0.010095190452809885
2026-09-20 02:54:00,10.403049259485453,26.42674287844976,-4.640550095085881,132.57010744072767,0.0,0.025124426888827177,-0.010825889782768574,0.06755083605761537,-64.09965110821778,0,-0.1329168671880243,0.20741253880707333,-132.57010744072767,0.07288039632276641,0.011020906578664297
2026-09-20 02:55:00,10.513021202562975,26.41933364243676,-4.428107220734147,135.03213126341646,0.0,0.0028375608525699064,-0.0045620936890303325,0.04497175281064385,-64.02237585564173,0,0.10997194307752167,-0.007409236013000253,-135.03213126341646,0.04529153343927737,0.010800487061706497
2026-09-20 02:56:00,10.170736854158829,26.762186477447163,-4.463738493260091,127.58448474477137,0.0,-0.02297680239231727,0.02634117355934729,0.03818994991569055,-63.20982508935927,0,-0.3422843484041458,0.342852835010401,-127.58448474477137,0.05177125792582411,0.01062544387245575
2026-09-20 02:57:00,9.973189189493413,26.812271194527323,-4.636406625974049,133.23054443397305,0.0,-0.01637904889947442,-0.003634684897072378,0.04499008730269583,-62.60918638824528,0,-0.19754766466541618,0.0500847170801606,-133.23054443397305,0.048016581851029055,0.011010423921935655
2026-09-20 02:58:00,10.353966806965794,26.9449809226674,-4.295902644012655,123.49096774682289,0.0,0.014069870454223437,0.0009577756535042989,0.05128763736348433,-62.64027253515939,0,0.3807776174723809,0.1327097281400782,-123.49096774682289,0.05319116783009515,0.010367091752764242
2026-09-20 02:59:00,10.077806726768445,27.13981567156076,-4.435498944477917,126.41743179672314,0.0,0.019888205624352603,-0.005633766415782593,0.0568824095082534,-62.117083443419304,0,-0.2761600801973483,0.19483474889335994,-126.41743179672314,0.060521802339725206,0.010294991115778826
2026-09-20 03:00:00,22.0100702944207,28.004030769933024,2.082864485860614,127.12366463143968,180.22654082107553,0.0003571060296434881,-0.005496647561144545,0.06006883578682246,-62.37658887481751,0,11.932263567652255,0.864215098372263,53.10287618963585,0.060320856193460046,0.008753916948121805
2026-09-20 03:01:00,22.526730627929094,28.256036243465037,1.9426213175998366,125.94247393167784,178.12177820983354,0.04950627601872205,0.007410040216561834,0.03954282726037672,-62.13791195857663,0,0.5166603335083941,0.2520054735320123,52.1793042781557,0.06379196853050507,0.008851448340189276
2026-09-20 03:02:00,22.36517068426659,28.391455609688308,2.0294615784430503,125.24923483063726,183.82515117710102,0.01648304726911277,0.011058863783962113,0.040491546655409306,-63.07424583432921,0,-0.16155994366250326,0.135419366223271,58.57591634646376,0.0450949516688423,0.009596152980657824
2026-09-20 03:03:00,22.602262707556935,28.481032399108376,1.6400849736811782,131.23899673641338,181.6189138955354,-0.004869621392658008,-0.012864968624251343,0.046767377406125105,-63.347029066859086,0,0.2370920232903444,0.08957678942006808,50.379917159122016,0.04874841761183377,0.009126924101526681
2026-09-20 03:04:00,22.614782469744966,28.735160292830734,2.0317403428261924,129.35779690681642,187.64077897552158,-0.016314120961986884,-0.015321609122938593,0.05684493024696896,-61.93655707472826,0,0.01251976218803108,0.2541278937223588,58.28298206870517,0.061092129965006306,0.0070894365771256105
2026-09-20 03:05:00,23.118837817212647,28.858060467359543,2.056259303742134,131.13821619281532,186.95435151747134,-0.01949768609278083,-0.012182721777151264,0.037399921023477445,-63.03254229966475,0,0.5040553474676805,0.12290017452880875,55.81613532465602,0.04390139593947378,0.007285387283828186
2026-09-20 03:06:00,23.287029200449386,28.93088589214302,1.8182249393564163,132.07141805836454,184.75178094263285,0.00670842640960739,-0.028025080283995366,0.04392673089582303,-61.13487311431159,0,0.16819138323673855,0.07282542478347764,52.680362884268305,0.05253537662386706,0.007267535856591577
2026-09-20 03:07:00,23.641823769358975,29.112307885566352,2.1417019729237685,130.79685097951761,189.00420959584713,-0.009775540898268138,-0.031808605170385945,0.04407256270588052,-63.95849195237242,0,0.3547945689095897,0.18142199342333143,58.207358616329515,0.05522444518691869,0.006991038924845266
2026-09-20 03:08:00,23.38393471813254,29.25619408844394,2.0641151125114736,131.97328952845112,187.30927193005004,0.033474875079668495,0.0059433429444981515,0.05941748855364371,-62.15598501184446,0,-0.25788905122643513,0.1438862028775887,55.335982401598926,0.06845676396805292,0.008242229630639508
2026-09-20 03:09:00,23.602517045567865,29.462132317805008,2.3004720757271118,129.79140314127318,189.5388164465193,0.02932623605835719,0.018771916063502238,0.05528260760664438,-63.81067263219557,0,0.21858232743532469,0.20593822936106676,59.74741330524611,0.06533436812150155,0.008667160220383652
2026-09-20 03:10:00,24.155343374160452,29.509222246202178,2.504600266895837,126.43901983508276,189.3841754826679,0.012661330949944545,0.01742090586290435,0.0590371836104992,-63.80321173452291,0,0.5528263285925874,0.04708992839717041,62.94515564758514,0.06284255175570128,0.008827494624887437
2026-09-20 03:11:00,24.166412816731494,29.634333681984,1.9458128318447074,133.1734425424624,187.2193602906326,-0.023579923459137914,-0.04763982546273317,0.06338677974233055,-62.63548156034383,0,0.011069442571042032,0.1251114357818217,54.04591774817021,0.0827251449473569,0.011983335106581621
2026-09-20 03:12:00,23.986704455722332,29.990265958192204,1.8741813867340658,128.2326636016566,188.03329119503735,-0.0134443774510481,-0.004901301740865216,0.046943499049109196,-64.05497351850349,0,-0.17970836100916188,0.355932276208204,59.80062759338074,0.04907612603675004,0.011543016880777888
2026-09-20 03:13:00,24.812711843264506,29.999411730459308,2.2346324801226447,127.19321110371273,191.69550348933424,0.025113550514822017,-0.02204183911185118,0.038125938451463184,-64.11062639220044,0,0.8260073875421732,0.00914577226710378,64.50229238562152,0.05069635365288127,0.011365991950265717
2026-09-20 03:14:00,24.06733557843069,29.932960592793513,2.141623237162917,129.4662463725868,189.1849466356715,-0.01126132399590204,0.002874748756417138,0.0381903638215298,-64.6325023242225,0,-0.7453762648338156,-0.06645113766579414,59.71870026308471,0.039919738067452464,0.012847415921761186
2026-09-20 03:15:00,24.961840466072463,30.160771561413963,1.8437778808162282,127.26156724211046,189.16765293955655,0.022442834678390488,-0.008356470376187624,0.0316189243494116,-62.269003121200754,0,0.8945048876417729,0.22781096862044947,61.90608569744609,0.0396644400258403,0.013388475396689777
2026-09-20 03:16:00,24.489860752798634,30.200823056090584,2.396939404652091,128.7477088540317,188.08549087171636,0.00949207846069522,0.011838238124891766,0.045412331703338076,-64.91177359117104,0,-0.4719797132738286,0.0400514946766215,59.337782017684646,0.04788030185932039,0.013626155325587103
2026-09-20 03:17:00,25.570858175506828,30.30372852151946,2.1617500278957085,131.0321617646904,190.7638462357116,0.0010343576962637462,-0.0003830618080268275,0.04615777385168262,-64.48788737726754,0,1.0809974227081938,0.10290546542887569,59.731684471021225,0.046170951031310414,0.013992684669032498
2026-09-20 03:18:00,24.669927720438245,30.343831847374574,2.3197884572564087,131.04502521773838,193.86352614726823,-0.014056656258708822,-0.03792003789835779,0.05787553406805048,-64.98970199527797,0,-0.9009304550685826,0.04010332585511378,62.81850092952985,0.0706052144182741,0.014231985940546284
2026-09-20 03:19:00,25.59933721471932,30.50423413553073,2.416727622778199,127.3065098007231,187.3279350483656,-0.001884876870495032,-0.019341717455990812,0.050169142171766046,-64.81619297263717,0,0.9294094942810744,0.1604022881561562,60.02142524764248,0.053801464861239434,0.013806675649910782
2026-09-20 03:20:00,25.341393631228215,30.464406787873425,2.0384189089875515,128.53688388115376,189.14141318160233,0.0037929590974979588,0.00011570229653307118,0.04509671555657394,-65.90190759100906,0,-0.25794358349110524,-0.03982734765730456,60.604529300448576,0.045256089973916815,0.013722860087018339
2026-09-20 03:21:00,25.359712131424445,30.45741545514972,2.19457752056998,133.22299901431074,191.4565347773196,0.020650777966022434,0.0018022085846217265,0.048840012738394147,-65.73555540149012,0,0.018318500196230048,-0.006991332723703891,58.23353576300886,0.053057039407329774,0.008808489472995026
2026-09-20 03:22:00,25.62044843718607,30.59067756753594,1.9936157790404214,131.48920035320182,187.92568125570446,-0.017714712012675094,-0.02811353615408004,0.03961026516285236,-65.38464236986256,0,0.26073630576162543,0.13326211238621966,56.43648090250264,0.05170256321547565,0.00882984083612358
2026-09-20 03:23:00,25.840625862789427,30.521574364432034,1.825204076461853,136.22519511804563,188.36179571426666,-0.005256336850522303,-0.030729194070922436,0.06025406570751287,-66.88005395163077,0,0.22017742560335662,-0.06910320310390716,52.13660059622103,0.06784146873129923,0.010511392917988369
2026-09-20 03:24:00,25.456836193169643,30.511081865536667,1.6701851020103085,133.54038452122458,184.62984474921774,0.000896462638645695,0.001124906751463577,0.04214084437190492,-65.15911915301328,0,-0.3837896696197838,-0.010492498895366964,51.08946022799316,0.04216538657286432,0.010255235994860957
2026-09-20 03:25:00,25.551202159871774,30.519922154628023,2.2405655152292714,133.43287920567982,186.84133563545487,0.013253567153723294,-0.028073346121010548,0.03860068728064105,-65.28568897689321,0,0.09436596670213149,0.008840289091356368,53.40845642977504,0.04953567263362994,0.00939476165513662
2026-09-20 03:26:00,26.049114201202638,30.45768888612119,2.0300546648267765,125.8363943486326,184.78072518820554,-0.018169286750455538,-0.033372588530015714,0.05817881966707471,-66.07719531216848,0,0.49791204133086353,-0.06223326850683364,58.94433083957294,0.06948832782610338,0.010550883536552482
2026-09-20 03:27:00,25.390690545211758,30.435541776495036,2.06680991147906,132.29158105490026,186.245258793698,-0.026331395857744303,-0.008902810252626833,0.05574164208363852,-66.81464448457174,0,-0.6584236559908803,-0.02214710962615385,53.95367773879775,0.06228750356525755,0.010286360739770515
2026-09-20 03:28:00,25.766530191996214,30.33270238483473,1.620854737140588,129.84067959490926,185.72465360468857,0.013479303034200994,-0.009768921826773018,0.032763146214409886,-70.06287586745415,0,0.37583964678445625,-0.1028393916603072,55.88397400977931,0.03674979175195722,0.010717551527442363
2026-09-20 03:29:00,26.883058050398187,30.262383504790005,2.3511607768948077,128.34705458938524,187.57162057617705,-0.030358982298934065,-0.017568009546786025,0.058550016347102225,-66.82135436917704,0,1.116527858401973,-0.07031888004472364,59.224565986791816,0.06825252508082683,0.011735312884692836
2026-09-20 03:30:00,25.699576057039433,30.17338652841596,2.0699572456709916,130.5040460215976,182.57046642702582,0.025699594295243364,-0.014074739134499257,0.042584073609059435,-67.79476125186967,0,-1.183481993358754,-0.08899697637404458,52.06642040542823,0.05169110904000902,0.011333515947760015
2026-09-20 03:31:00,26.343475894285355,30.059689015364196,1.7420498454045603,132.83563460383445,181.06739925749724,-0.00311852194965816,0.0002767144644478925,0.046258954724360805,-67.79080976749106,0,0.6438998372459217,-0.11369751305176479,48.23176465366279,0.04636477803501055,0.011671712957559985
2026-09-20 03:32:00,25.82250918155188,30.02679017127641,1.679701949481923,131.50249477301264,179.80502716887887,-0.030950621645488927,-0.014403258073596386,0.051870201076939376,-69.56535703516194,0,-0.5209667127334754,-0.03289884408778576,48.30253239586622,0.06209599490417196,0.011845711500856561
2026-09-20 03:33:00,26.14017365725482,30.003814306102285,1.8782725681574395,127.36457859597382,177.71621047294616,-0.009608404388069884,0.0014139404332967874,0.05586624882616822,-67.27931865002319,0,0.31766447570294076,-0.022975865174124976,50.351631876972334,0.056704130540384215,0.011069989731869226
2026-09-20 03:34:00,26.16296594898874,29.929051903204698,2.0968359866716724,132.22737674077786,178.12155666665507,0.007582472661384744,-0.007609370722346689,0.054454791746875265,-69.3071704555404,0,0.022792291733921388,-0.07476240289758707,45.89417992587721,0.05550424090685601,0.010182125252202372
2026-09-20 03:35:00,26.274630808050635,29.78058504803105,1.355000071971218,128.0872373737721,175.90136490282572,-0.010654021751099554,0.0033530031077331165,0.049501816690939976,-67.8060073055706,0,0.11166485906189294,-0.14846685517364833,47.81412752905362,0.050746237939543797,0.01010538930169929
2026-09-20 03:36:00,25.835314375468947,29.45308760236514,1.7728936261826058,130.65004935689285,175.9117175195907,0.0004005949764869501,0.0175641113087329,0.045753566710840896,-67.0653200078915,0,-0.4393164325816876,-0.32749744566590877,45.261668162697845,0.049010686071142825,0.00908955270313783
2026-09-20 03:37:00,26.441766203527656,29.719557467007707,1.540779534732161,129.0899497975686,177.33683366213097,0.01480156731410573,0.016784956907811906,0.05412220693565448,-68.46423839858994,0,0.6064518280587095,0.2664698646425663,48.24688386456236,0.05856649602748069,0.008780812306755674
2026-09-20 03:38:00,25.608399381374106,29.537247632877158,1.514763989140783,129.3434012447931,171.86833596001352,-0.004043806707752392,0.025764209421321668,0.04881612162655772,-66.78300526498178,0,-0.8333668221535504,-0.18230983413054958,42.52493471522041,0.05534582721808628,0.006494690063418505
2026-09-20 03:39:00,25.786104984095346,29.333329414675376,1.4898299263734398,132.29872892512154,175.40209553041836,-0.018741153529322672,0.016762937937943208,0.06805354459125924,-68.72937940644883,0,0.17770560272123959,-0.2039182182017818,43.10336660529683,0.07255006447519871,0.00750168139581306
2026-09-20 03:40:00,25.71077278696801,29.333930633844854,1.6352930034778828,126.8794188405523,175.06620518160045,-0.00597967994743682,0.0047711506308360865,0.05586409009969902,-67.34458893740224,0,-0.07533219712733441,0.0006012191694786395,48.18678634104815,0.05638543263364391,0.0073574524549897425
2026-09-20 03:41:00,25.21285903854868,28.894794366416004,1.2745322103517025,135.8355852228308,171.58109183537374,0.0282968027291852,-0.008668632752802892,0.04076584375009645,-69.19200104236218,0,-0.49791374841933234,-0.43913626742885015,35.745506612542954,0.05037567126257146,0.006845514029773389
2026-09-20 03:42:00,25.367075790101758,29.026232887452363,1.2911582954348142,124.53674179211652,167.04053247784694,0.03370128690666368,-0.007755218456324482,0.04522400048626349,-66.77823962719187,0,0.15421675155307923,0.13143852103635822,42.50379068573042,0.056930926327016115,0.0065854428459773216
2026-09-20 03:43:00,25.39604921296551,28.582167852730652,1.6849682196570632,128.20699695023544,169.62269665831658,-0.040398523478845504,-0.017555546128716206,0.0504819217725983,-66.83603622355831,0,0.028973422863753484,-0.4440650347217101,41.41569970808115,0.06699747998994475,0.007422205341370159
2026-09-20 03:44:00,25.104349302339536,28.54076665825634,1.1400046079174884,131.11063566982523,173.07796835422707,0.02182055818382954,9.058582103116043e-05,0.06299431215070456,-67.12750260584498,0,-0.2916999106259759,-0.0414011944743109,41.96733268440184,0.06666654579761326,0.007952359732645485
2026-09-20 03:45:00,25.844569977188645,28.22541628763625,1.4803107668315731,131.75294249930593,170.17896269875126,0.0050029543207071245,0.013947749574238695,0.06411105009112135,-67.8549622086325,0,0.7402206748491089,-0.3153503706200915,38.42602019944533,0.06580118550533134,0.007774396151735313
2026-09-20 03:46:00,24.73123374662702,28.18860916469175,1.304903995949895,129.6985728382849,168.06448549907554,0.018479653582403003,-0.014513352057660411,0.04603865279634436,-68.71241114268784,0,-1.1133362305616252,-0.036807122944498616,38.365912660790656,0.0516884178107394,0.007395982411542183
2026-09-20 03:47:00,25.199720751605504,28.0592647156831,1.1645075101994806,129.82782789099537,168.99121758190256,-0.01100976520535259,-0.0007443571732754789,0.04066365783410557,-67.53374804709804,0,0.46848700497848483,-0.12934444900865216,39.163389690907195,0.04213433357640316,0.009349565157094345
2026-09-20 03:48:00,24.958790666149238,27.838595608317597,1.4864746637150192,131.23165025598286,171.7195939646507,-0.03536527019002972,-0.013547244574435386,0.03938502358793813,-65.85062368684272,0,-0.2409300854562666,-0.22066910736550227,40.48794370866784,0.054638907878871594,0.009378586855523797
2026-09-20 03:49:00,24.546900168186735,27.759517322794267,1.1872579770348644,129.30679156762696,171.26894101015944,0.011689775772949235,0.004187086603752295,0.0525242875721578,-66.63518242501667,0,-0.4118904979625029,-0.0790782855233303,41.96214944253248,0.053972060705626976,0.00800775269787643
2026-09-20 03:50:00,24.13432586026015,27.53348153776001,1.2848480958162316,134.1795437738047,169.93289305502924,-0.01881954522565434,-0.010987667678999004,0.07303784309217494,-68.11014380566631,0,-0.4125743079265831,-0.2260357850342558,35.75334928122453,0.0762196211423393,0.010134010449193692
2026-09-20 03:51:00,24.00025827344814,27.308905772095173,1.0543587973804924,132.5180473426948,170.0082043530933,-0.027765848629697047,-0.014790211425881052,0.055390941042551024,-67.46299010916132,0,-0.13406758681201225,-0.22457576566483795,37.49015701039849,0.06370124844717626,0.009811793377166592
2026-09-20 03:52:00,23.9066152975209,27.144871359398707,1.4409495629954918,132.6184730530169,170.38193714471083,-0.026368027649469328,-0.013599333898640507,0.03406087473315993,-64.85697855003534,0,-0.09364297592723858,-0.16403441269646635,37.76346409169392,0.04517032158616877,0.010853428178224503
2026-09-20 03:53:00,23.352399780575652,27.12659685527054,1.3412347968051836,127.10152982988875,169.832505208764,0.01201827564830669,0.010066575476911333,0.04273995896753999,-65.38637990446661,0,-0.5542155169452485,-0.018274504128164892,42.73097537887524,0.04552448773943575,0.011149323439123345
2026-09-20 03:54:00,23.408479893195533,26.828324688782175,1.5434180457582858,129.7618347267829,175.50310650337903,0.0027890493205839435,-0.0019349881066070983,0.043760857981550876,-66.86638751903226,0,0.056080112619881106,-0.29827216648836696,45.741271776596136,0.04389231899053439,0.011179597452069902
2026-09-20 03:55:00,23.081901013600234,26.83834767557763,1.6016953651613297,129.0986021538379,172.29995580587342,0.015649320437493473,-0.008568434600000716,0.04177997479885092,-67.15192459784488,0,-0.3265788795952993,0.010022986795455324,43.20135365203552,0.04543000765840193,0.010691139259293863
2026-09-20 03:56:00,23.743715101576935,26.727754726999986,1.6004363915599875,126.9831958729316,176.12165066292778,0.013381505089927297,0.005228090050944213,0.0461210617506578,-65.7621612888158,0,0.6618140879767012,-0.11059294857764357,49.138454789996175,0.048306831204918854,0.01076365833362122
2026-09-20 03:57:00,23.33545076708664,26.30348388640859,1.6475244902817412,131.0804925518373,177.53577667786854,-0.008418671291675317,-0.008290324349353008,0.053693948610199424,-66.73855224932599,0,-0.4082643344902941,-0.4242708405913973,46.455284126031245,0.05497857420386136,0.010221678079237101
2026-09-20 03:58:00,23.192789546515566,26.455315539749478,1.4459316595902363,128.38706272666056,177.35060000215836,-0.0014094714775491146,0.022530357873714064,0.05681981169322647,-64.79388534340963,0,-0.14266122057107467,0.15183165334088855,48.9635372754978,0.061139959409680415,0.010526716268879011
2026-09-20 03:59:00,22.938340174906692,26.427098857570478,1.6773101648874742,131.96621148955072,175.39799272626152,-0.010228750575650791,-0.01947732307386513,0.06091763490916644,-61.939794875117386,0,-0.2544493716088745,-0.028216682178999974,43.431781236710805,0.06476844675757702,0.011081528846358879
2026-09-20 04:00:00,13.357377528727472,26.13319413785037,-4.17521100000831,126.789425311317,0.0,-0.004206555457309817,-0.003739430256345634,0.05524202573047178,-65.74596951930948,0,-9.58096264617922,-0.293904719720107,-126.789425311317,0.05552800963715161,0.008224637160169619
2026-09-20 04:01:00,13.641755064346384,26.06324515692616,-4.268598292079631,135.15712183852546,0.0,-0.01934509475962132,-0.028095304433340018,0.030458497596711594,-64.09853851320443,0,0.284377535618912,-0.06994898092420954,-135.15712183852546,0.04573072160276579,0.007522023582844316
2026-09-20 04:02:00,12.911238756430212,26.011251020238937,-4.528587871531848,127.31100202422381,0.0,0.007809685877486702,-0.0069374878378018765,0.03942695412468687,-62.37163330579667,0,-0.7305163079161723,-0.05199413668722386,-127.31100202422381,0.04078730982247821,0.008014099253481476
2026-09-20 04:03:00,13.012522539291513,25.793512337448128,-4.508712993683466,130.6579070116013,0.0,0.02150241497963513,-0.0335927099541326,0.04841905963140809,-62.71465570997439,0,0.10128378286130157,-0.21773868279080943,-130.6579070116013,0.06273140638953321,0.008625132645960034
2026-09-20 04:04:00,13.08633712038113,25.76247926153262,-5.08382434640879,132.3755779311642,0.0,-0.01633226059641973,0.014926330451182525,0.051472798557674795,-63.403330245221625,0,0.07381458108961603,-0.0310330759155093,-132.3755779311642,0.056026663904664466,0.00814656311801664
2026-09-20 04:05:00,12.343723864368236,25.546043793860783,-4.281170231503156,128.28807870939966,0.0,0.025625392908026852,0.015330075340111578,0.058614183598762575,-63.203898055987715,0,-0.7426132560128931,-0.21643546767183608,-128.28807870939966,0.06578217456555915,0.008431834640505894
2026-09-20 04:06:00,13.543642408799604,25.634858318129254,-4.578947367994423,132.55740593029884,0.0,0.0022704299295588344,0.015683403474489526,0.05043184176216773,-64.0299004595508,0,1.1999185444313678,0.08881452426847147,-132.55740593029884,0.052862980053464556,0.008112322713219648
2026-09-20 04:07:00,12.49508373873431,25.624906524192525,-4.607945589225917,126.31244920659876,0.0,0.0048215795281162654,0.0005774496034893565,0.050507072538636746,-62.972843150092416,0,-1.0485586700652938,-0.009951793936728848,-126.31244920659876,0.05073997884916424,0.008282518427142354
2026-09-20 04:08:00,12.398797631256931,25.591585499364008,-4.551005021997471,134.35635309754767,0.0,-0.03398859039215037,-0.017597408094201843,0.052377973631390594,-62.30887034735407,0,-0.09628610747737909,-0.033321024828516954,-134.35635309754767,0.06487175941971904,0.008635906051761823
2026-09-20 04:09:00,12.601368463372586,25.6223149632761,-4.695268350861113,130.04244779489727,0.0,-0.036145246191314685,-0.016006812640718994,0.047449782612187984,-61.31130920524134,0,0.2025708321156543,0.03072946391209186,-130.04244779489727,0.061759037744201675,0.008343210230900953
2026-09-20 04:10:00,12.365899369380228,25.425132489441626,-4.670560957177674,128.21076577609335,0.0,0.0028823272555936388,0.030603441104410423,0.05086885139877812,-62.9186411872279,0,-0.23546909399235716,-0.19718247383447363,-128.21076577609335,0.059434993568355216,0.008426263012165213
2026-09-20 04:11:00,11.969537762379103,25.44728763668893,-4.515734967868705,129.1024546827177,0.0,0.015794642492640152,0.028713542075995933,0.06125832179011751,-62.38909330843371,0,-0.39636160700112555,0.02215514724730383,-129.1024546827177,0.06947316185810092,0.008532698973719503
2026-09-20 04:12:00,11.86404086455052,25.699139212509532,-4.942197964543856,132.42675780817817,0.0,-0.013427608872899049,0.0024511031390154303,0.04916089101215997,-63.06870262080558,0,-0.10549689782858351,0.25185157582060214,-132.42675780817817,0.05102060164042678,0.006566568254997029
2026-09-20 04:13:00,11.241422631119516,25.51466020290632,-4.375911980136035,128.2466341244487,0.0,0.033401878011661786,-0.010312680681606543,0.04969787273215717,-61.83438689437783,0,-0.6226182334310035,-0.18447900960321206,-128.2466341244487,0.06076113389041063,0.006486922848149866
2026-09-20 04:14:00,11.394758032107237,25.580776057682876,-4.773766781375786,127.75192693173167,0.0,0.014698719485086309,0.027372468453970213,0.049664145952328105,-61.23656241000934,0,0.15333540098772147,0.06611585477655524,-127.75192693173167,0.05858183828576053,0.006394497261326912
2026-09-20 04:15:00,11.587838693921235,25.59598830916963,-4.829132036794951,129.3353902072488,0.0,-0.018166825034159704,-0.0138900632276962,0.06297773813791169,-61.372003731896605,0,0.19308066181399752,0.01521225148675498,-129.3353902072488,0.06700121558045456,0.006536989920627924
2026-09-20 04:16:00,11.439341852317355,25.57308863365923,-4.698692017027742,126.4691136616901,0.0,0.0006169733410701426,0.00457698416191815,0.03891946673170558,-63.1739585217565,0,-0.14849684160387966,-0.022899675510402062,-126.4691136616901,0.03919252901768879,0.00905762301369952
2026-09-20 04:17:00,11.54910462631386,25.880594262499457,-4.686015411204827,135.46163172382543,0.0,0.04953858267446824,0.02703914610796917,0.06775846894791196,-61.879823042195696,0,0.10976277399650414,0.3075056288402287,-135.46163172382543,0.08818388010179853,0.01262835828521504
2026-09-20 04:18:00,11.026816339932248,25.738593219507557,-4.705527080388078,128.30081622635583,0.0,-0.024851280055994112,-0.016726769993292555,0.03823618145484487,-62.74754965106612,0,-0.5222882863816114,-0.1420010429919003,-128.30081622635583,0.04857341378859206,0.013256674230272719
2026-09-20 04:19:00,10.531155509877157,25.7615693553823,-5.001558098249905,132.4948503585412,0.0,0.010565398778302109,0.01658447171274224,0.04345779738672241,-61.123071782528136,0,-0.49566083005509043,0.022976135874742454,-132.4948503585412,0.04769960699042197,0.013829476504887387
2026-09-20 04:20:00,11.153412149514361,25.921602493350772,-4.786436366092278,130.62841025094332,0.0,-0.0064548910544668485,0.010411215916877397,0.0574473826971532,-62.37920961362061,0,0.6222566396372038,0.16003313796847252,-130.62841025094332,0.05873892077784588,0.013828752125943488
2026-09-20 04:21:00,11.161441051969334,25.86791818093748,-4.543779825870172,127.0463978485541,0.0,0.014137925818370242,-0.0007903308446312204,0.06030316695473672,-63.84049430417385,0,0.008028902454972453,-0.05368431241329219,-127.0463978485541,0.06194334115997107,0.013388430430804489
2026-09-20 04:22:00,10.899948473043159,26.112955387094967,-4.878413635031514,129.98213587236182,0.0,0.025345472926367636,-0.019868671982662314,0.03596500983001512,-62.662461281589145,0,-0.26149257892617506,0.24503720615748747,-129.98213587236182,0.04827669268175844,0.013578002727947422
2026-09-20 04:23:00,10.487330376300644,26.199361031547806,-4.957193662447305,132.35200833793223,0.0,-0.007724741774227348,-0.014488795202065516,0.03907298136752914,-62.12361265727286,0,-0.4126180967425146,0.08640564445283871,-132.35200833793223,0.04238271693548172,0.014367820754139726
2026-09-20 04:24:00,10.762184058542474,26.483576268411927,-4.20042701870655,129.43521599474107,0.0,0.022378245434143476,0.005789021457013173,0.05277842809471848,-62.49428717382729,0,0.2748536822418295,0.28421523686412087,-129.43521599474107,0.05761823591789227,0.014352231944477517
2026-09-20 04:25:00,11.396880517798598,26.48716297168324,-4.94280375353253,133.57933883755308,0.0,0.04442406788543922,-0.028466735897627733,0.07344419387763797,-63.42199447089742,0,0.6346964592561246,0.003586703271313496,-133.57933883755308,0.09043175589631927,0.017842907383145954
2026-09-20 04:26:00,10.329341926133772,26.78237782536126,-4.816913694409801,133.06454617834558,0.0,0.0013254947468846956,0.0026148771803649958,0.062462627809986807,-63.68188118160565,0,-1.0675385916648263,0.2952148536780186,-133.06454617834558,0.06253138725409303,0.016544456074930894
2026-09-20 04:27:00,9.835439958443825,26.97834295077254,-4.8147597060161065,132.756744563975,0.0,0.015697773749883705,0.010821019681233264,0.0475190295036819,-64.28373187835024,0,-0.493901967689947,0.19596512541128064,-132.756744563975,0.05120129620054522,0.013568655052699559
2026-09-20 04:28:00,9.995108555303753,27.066669539534633,-4.677879564524838,128.621029683181,0.0,-0.011808815404065498,0.019704403456182015,0.02580870861924244,-63.90242169698396,0,0.1596685968599285,0.08832658876209365,-128.621029683181,0.03455142656105897,0.015160456825357386
2026-09-20 04:29:00,10.308795879292989,27.121564291189998,-4.402890389743877,126.76047265665554,0.0,0.00038518618062424834,-0.027967141489204452,0.050816427344211594,-64.58515303210267,0,0.31368732398923527,0.054894751655364615,-126.76047265665554,0.058005333026373194,0.014916773222995483
2026-09-20 04:30:00,21.51855870673058,28.01411144967056,2.1201615956180646,128.1592371839116,182.21416133857394,-0.0035335018541648514,0.026324945943225476,0.05362296803646554,-61.02991401382268,0,11.209762827437592,0.8925471584805607,54.05492415466233,0.0598407145287131,0.014938642044059489
2026-09-20 04:31:00,22.25073759955633,28.014044743294075,1.7305537214280005,130.58872282200016,180.7575718385611,0.015938718513171916,0.033907269883598705,0.04617304858917197,-62.911548030629945,0,0.7321788928257504,-6.670637648298339e-05,50.16884901656093,0.05946171974320424,0.01486187556616672
2026-09-20 04:32:00,22.51343466168208,28.31896861930366,1.395704131086012,131.63736014059705,177.64135421592255,0.02409351871513851,0.008203031354271879,0.04149276009453405,-61.91928584294902,0,0.26269706212574917,0.30492387600958537,46.003994075325494,0.04867685803067465,0.01483800219667303
2026-09-20 04:33:00,23.05828905183819,28.410629480180972,2.439343746826766,123.48528578571866,184.65004542091424,-0.002193096982349187,-0.020760971628493212,0.05159165260321388,-62.03895883154173,0,0.5448543901561109,0.09166086087731173,61.16475963519558,0.05565542413515322,0.01400828510143136
2026-09-20 04:34:00,23.187735779996537,28.728226115973765,1.8683555909040173,129.97566039516474,182.82352705117864,0.030672456914658468,-0.006562185767204821,0.0405773880610604,-61.21946171317088,0,0.1294467281583458,0.3175966357927926,52.847866656013906,0.05128729196480131,0.014159527521313778
2026-09-20 04:35:00,23.248991274543624,29.075261980914828,2.279597261023725,130.47426767596954,184.6131888214337,0.03060094883123258,-0.0009519449023701407,0.06872448660808725,-61.16730251126014,0,0.0612554945470869,0.34703586494106275,54.13892114546417,0.07523549247538708,0.010547155173453622
2026-09-20 04:36:00,22.533277123490997,29.023528019369007,1.5917048977739325,129.16736723105333,186.31038539508836,0.016937074863598016,0.005409270174611135,0.06516744797533817,-61.67128237104755,0,-0.7157141510526266,-0.05173396154582122,57.14301816403503,0.06754939662480686,0.011019980314293347
2026-09-20 04:37:00,23.647907168236184,28.925665686494533,1.9301290269312137,133.87382151704765,186.82317623193504,-0.010320530634434567,0.0004396310528720486,0.05657912631592761,-62.143177877214896,0,1.1146300447451871,-0.09786233287447388,52.94935471488739,0.05751438222490653,0.010885210709799644
2026-09-20 04:38:00,23.769327385052677,29.234893358036814,2.4311185639366952,131.2653402227526,188.5924645432733,-0.012236576334798055,0.005623302857892338,0.05089710569119317,-63.690984363763214,0,0.1214202168164924,0.30922767154228126,57.32712432052071,0.05264855841492156,0.007864678485761941
2026-09-20 04:39:00,23.816645449568423,29.423855276025034,1.823337195444242,133.9305757242427,186.96229635513515,-0.016247627093800773,-0.0018149351467824561,0.0433983591338644,-63.873803481116795,0,0.04731806451574627,0.1889619179882196,53.031720630892465,0.046375607287431904,0.008768284137548276
2026-09-20 04:40:00,23.398635516573165,29.55466025020037,2.100929994100281,129.3521184389493,189.44092144443113,0.018983321404763217,0.005302141890244863,0.04979212816109099,-63.82845408751577,0,-0.41800993299525757,0.1308049741753372,60.08880300548182,0.05355123926662521,0.008801225463333813
2026-09-20 04:41:00,23.857716742966517,29.600293288065288,2.0441219014582725,132.8124324775208,188.39298024544652,-0.024235364149787286,-0.009210468423226276,0.06639297135207275,-62.42267262596795,0,0.45908122639335147,0.045633037864917014,55.58054776792574,0.0712756076719462,0.00992057250974365
2026-09-20 04:42:00,23.908523062719922,29.8179194015125,1.8844127161467485,134.90519918358257,190.7980118214473,0.013536753082220144,-0.00676373433964937,0.05868654058436629,-63.30576315414494,0,0.05080631975340566,0.2176261134472135,55.89281263786472,0.060606120416892055,0.009380529908386288
2026-09-20 04:43:00,23.81624309109203,29.781188098592658,1.970844059103027,133.93508034781797,190.86631682219803,-0.02162218695648226,-0.011520503409533357,0.0520369227847646,-62.72618508394498,0,-0.09227997162789237,-0.0367313029198435,56.93123647438006,0.057515930840921756,0.009321343204839684
2026-09-20 04:44:00,24.575996203526326,29.914529786967524,2.120295719593206,126.7235752197138,187.9836198957954,0.01647092239683947,0.03834519069008144,0.059239743341675956,-62.81754122635084,0,0.7597531124342964,0.13334168837486615,61.26004467608162,0.07246372971941933,0.009683048812157077
2026-09-20 04:45:00,24.487208403660503,30.168257226180113,2.1212280792225022,129.23897176737285,192.1469140983906,0.0003443916546112113,0.029278015723486456,0.05545610663380829,-64.77998481311344,0,-0.0887877998658233,0.25372743921258945,62.90794233101775,0.06271124758204705,0.008434779107817057
2026-09-20 04:46:00,25.657016037678765,30.087421726437082,2.3871749977735526,128.96450588365062,188.92380914018696,0.02667277123719655,0.011105883800272316,0.05396277539886872,-64.26221295253384,0,1.1698076340182624,-0.08083549974303139,59.959303256536344,0.061210771186170514,0.00805238561867992
2026-09-20 04:47:00,24.954490038729798,30.31839456454268,2.237394181311358,131.46776360522898,191.53276370108696,0.022829091566425423,0.02650617994535477,0.05980563258991536,-64.55243327338388,0,-0.7025259989489676,0.23097283810559688,60.06500009585798,0.06928534250852564,0.008560031535572676
2026-09-20 04:48:00,25.521433585269722,30.19315133745246,2.136339584654268,132.0590606650436,190.4730509355846,0.02870130824004223,0.01596922677955765,0.05517027644824758,-65.11557608462111,0,0.5669435465399246,-0.12524322709021973,58.41399027054101,0.06420701442991193,0.008110978978278671
2026-09-20 04:49:00,24.782932311749526,30.56175245936138,2.506572996111652,127.48332197792278,193.13936823046438,0.029216374365782255,0.0036254231902811043,0.058585514701033785,-65.57245288888615,0,-0.7385012735201961,0.36860112190892025,65.6560462525416,0.06556678089684755,0.006026999900872899
2026-09-20 04:50:00,25.206857063430125,30.352417761167878,2.0343619319936748,130.20351554175082,188.64604230351313,0.002872616679763954,-0.030111426820393673,0.051613870496345096,-64.10241514063208,0,0.4239247516805982,-0.20933469819350137,58.44252676176231,0.059824255777755096,0.005090981992413042
2026-09-20 04:51:00,25.49876226518636,30.441257667790804,2.13063216742659,123.94021800353158,187.93346007425234,-0.023175861328492094,-0.005243278402502802,0.047458741768098965,-65.48276644023296,0,0.29190520175623647,0.08883990662292618,63.993242070720754,0.0530748969564214,0.005612956444094886
2026-09-20 04:52:00,25.29238325566344,30.51951983594668,1.7980569179704728,134.32583501740567,188.04612482642042,-0.02105046109994757,-0.006700757840367038,0.04451837121059851,-65.76544959029673,0,-0.20637900952291943,0.07826216815587728,53.72028980901476,0.04969816338055455,0.00695339899863572
2026-09-20 04:53:00,25.52439555560066,30.441710865073137,2.0856357252969477,128.4628772779699,186.85069255609864,-0.04173697058631875,-0.02266150346184314,0.043326903945290415,-66.81982448849637,0,0.2320122999372174,-0.07780897087354433,58.38781527812873,0.06428638314883477,0.006845105934588605
2026-09-20 04:54:00,25.66277107199584,30.51327460371089,1.8662620793919231,130.1675918195335,188.3545156093956,-0.02167331666856187,-0.029723245492132323,0.03394829557558468,-65.57322807922792,0,0.13837551639518253,0.071563738637753,58.18692378986211,0.05005687515705099,0.006791141380516355
2026-09-20 04:55:00,25.72576608178888,30.546055566831424,1.817128131187328,129.07105085803582,182.75210022416638,0.0013764731540929812,0.009854386931340503,0.04088060053188336,-67.47627699677285,0,0.06299500979303829,0.03278096312053336,53.681049366130566,0.04207406707205681,0.008731502651640941
2026-09-20 04:56:00,26.410768313579375,30.563111111708178,1.6685468914429162,133.43808272504023,183.04764887992192,-0.011193083616503244,0.006490086447416259,0.04059146470417819,-66.22878240948255,0,0.6850022317904951,0.017055544876754425,49.60956615488169,0.04260367765547375,0.009863541493022054
2026-09-20 04:57:00,26.01636131693609,30.513768820792784,2.5910081132290905,121.48748067580786,182.13819295917992,-0.0036027120881970266,-0.02334793960135224,0.04492654804015964,-66.40229150811307,0,-0.3944069966432835,-0.049342290915394216,60.65071228337206,0.050759240900781856,0.008786092360671556
2026-09-20 04:58:00,26.08565208883623,30.37419079733065,1.4202487160304993,129.95016897302227,185.2504966855062,0.009854308389228019,-0.014917570128723787,0.06562244210638292,-67.4847894685732,0,0.06929077190013899,-0.139578023462132,55.30032771248392,0.06801430879146667,0.009332671169299953
2026-09-20 04:59:00,26.132748396453877,30.32283704934803,1.9687609239259016,129.6825437275069,185.81372003730368,-0.00608130516131516,0.02322444546308327,0.04842438044446223,-66.92799342064832,0,0.047096307617646715,-0.05135374798262049,56.131176309796786,0.054048846065043635,0.008502030552258252
2026-09-20 05:00:00,26.17376785961735,30.50815442286671,2.222396287359339,128.63909083722496,181.20230164352373,-0.022436576008251687,-0.01755393027033121,0.052417668898843105,-67.21776128759632,0,0.04101946316347238,0.1853173735186786,52.56321080629877,0.05965863243235173,0.008488371029795263
2026-09-20 05:01:00,25.97426896159497,30.293876250868834,1.6279218764352756,135.1786796369069,180.0781631779529,-0.0010646733512686428,0.003415978078676048,0.05273319644511927,-67.58389598088365,0,-0.1994988980223802,-0.2142781719978757,44.89948354104598,0.05285444581961329,0.00848967471572286
2026-09-20 05:02:00,25.902070500722367,30.022579541782846,2.0156246114169996,127.33801162343269,179.55636289195056,-0.0179698097354569,-0.0037955659913596206,0.06587580912842367,-67.65503572449389,0,-0.07219846087260251,-0.2712967090859877,52.218351268517864,0.06838817596228017,0.009571236494241069
2026-09-20 05:03:00,26.037504931671158,30.03123982592553,1.749640660594129,132.315388531707,180.7462996637839,-0.005415729939581262,0.010127269421241257,0.04424414546154709,-67.71112531270386,0,0.13543443094879137,0.00866028414268527,48.430911132076915,0.04571035029762322,0.009429432910321289
2026-09-20 05:04:00,26.313700426483916,29.885225831082316,1.4565734789435716,131.06875836611826,175.58988271135055,0.02685553928846007,-0.017122153053128607,0.04777477919741939,-67.72867773604139,0,0.2761954948127574,-0.14601399484321576,44.521124345232295,0.05741792092205151,0.00942531052422974
2026-09-20 05:05:00,26.273815244026665,29.794181280953502,1.0939149534898895,133.78455775760654,176.96890568857336,-0.005410106081923494,0.0018016695508021405,0.04893800628225817,-67.86418982021829,0,-0.039885182457251034,-0.09104455012881374,43.18434793096682,0.04926909497717908,0.008642940934574107
2026-09-20 05:06:00,25.823270980806257,29.565708435607068,1.8099039260125762,127.99843274566749,177.52519082661632,0.0354191510669549,0.0033744515469175448,0.06136534855774768,-69.07384168001347,0,-0.45054426322040797,-0.22847284534643464,49.52675808094884,0.07093383670125374,0.008815947233055161
2026-09-20 05:07:00,26.075453920301634,29.52090650779288,1.5556905943711652,127.80109330262873,175.70382693079475,0.028632719738759395,0.004603616124584394,0.06344105693754455,-68.14712116827799,0,0.25218293949537696,-0.04480192781418779,47.90273362816602,0.06975524085266745,0.00919148051940565
2026-09-20 05:08:00,25.72682495183776,29.60975519790751,1.303232011671872,133.28820972243219,174.2605843237703,-0.011586106171580863,0.001581477159252264,0.05474583819693945,-67.73410838901334,0,-0.34862896846387414,0.08884869011463081,40.97237460133812,0.055980762107261946,0.008745093107400239
2026-09-20 05:09:00,25.72600002484605,29.346661059641214,1.466219215529328,131.27596392499032,175.12443059329453,-0.022222475328315512,0.006892186411882202,0.062329093740618804,-67.88510029970234,0,-0.0008249269917079971,-0.2630941382662968,43.84846666830421,0.06653011776466784,0.008943245375211512
2026-09-20 05:10:00,25.495132692836467,28.894065425774382,1.8368409420730034,125.36518795996972,167.02551046092225,-0.0010510832384038682,0.04383540664101622,0.0517766099646899,-66.99127175473811,0,-0.2308673320095842,-0.45259563386683155,41.66032250095253,0.06784883927373354,0.009311581869670875
2026-09-20 05:11:00,25.494955932861632,29.11420312741417,2.080642314586778,128.38208495661019,173.17297952841773,0.023066555267937782,0.05122595553542212,0.04827396752383178,-67.2671287014042,0,-0.00017675997483479478,0.22013770163978919,44.79089457180754,0.0740711849030231,0.009788758667808851
2026-09-20 05:12:00,25.8552364874604,28.94643332768068,1.4297609785080043,131.1591479615442,169.97609090960927,-0.009803818124573765,-0.012784322815734437,0.06178724086585622,-68.67977959692553,0,0.3602805545987664,-0.1677697997334917,38.816942948065076,0.0638530883629912,0.009593418011138567
2026-09-20 05:13:00,25.37532150739576,28.642760729975066,1.1450387757231106,132.51329266463978,167.17707483879255,0.01816180596524278,-0.04636485960704998,0.05487617675233798,-67.878653714192,0,-0.4799149800646383,-0.3036725977056136,34.66378217415277,0.07410091886916398,0.008306614777324117
2026-09-20 05:14:00,25.274570367844056,28.588619220105528,1.3197003029288177,127.96230804042114,171.5063844601548,0.024168799782721764,0.011909906014439472,0.04264469334092418,-67.9071971822559,0,-0.10075113955170423,-0.05414150986953814,43.54407641973367,0.0504434992278642,0.009250854654596446
2026-09-20 05:15:00,24.678127453774298,28.266860099067948,1.9406645995637053,121.25723203054918,172.97201591367494,-0.015480513007252117,0.003725049198025326,0.05997420938124351,-67.46602655864586,0,-0.5964429140697582,-0.3217591210375801,51.71478388312576,0.06205181758337662,0.0076994720971649165
2026-09-20 05:16:00,24.890047676417062,28.14011418351068,1.7215283834844168,131.5696695572111,169.78819293440998,-0.013521021765771742,0.02122083718367161,0.04791507368979721,-67.31339191909844,0,0.2119202226427639,-0.12674591555726877,38.21852337719886,0.054120201838731806,0.008213502756592005
2026-09-20 05:17:00,24.773498940039957,28.170502701950248,1.5779418721877114,126.33903793016808,171.90651651876487,0.014253240642540138,0.005697717994306345,0.04669176477275796,-66.53158606263874,0,-0.11654873637710494,0.030388518439568912,45.5674785885968,0.049150175551582326,0.009110216292778356
2026-09-20 05:18:00,24.453109676571582,27.82689163744408,1.2854481783488594,123.94798360563277,173.2629104276189,0.003036950992831412,0.0011720787905143823,0.05893004368199713,-66.7836024994497,0,-0.3203892634683747,-0.34361106450616674,49.31492682198612,0.059019885533488824,0.008943120919676166
2026-09-20 05:19:00,24.557558432049085,27.501156412189754,1.9662342399301482,121.50302222504757,172.8053027809248,-0.013721230530873577,0.02257813191754446,0.04911167859155087,-65.53459929137723,0,0.10444875547750243,-0.3257352252543271,51.30228055587722,0.055767384574204416,0.009000713172541405
2026-09-20 05:20:00,24.26513388934753,27.51724977053315,1.670249361272802,132.44194258059323,173.6906863121114,-0.007043608962391747,0.025375611768276837,0.0538895853604029,-66.3161037384915,0,-0.2924245427015535,0.016093358343397313,41.248743731518175,0.05998017597628024,0.008677745297723295
2026-09-20 05:21:00,24.254733626138744,27.353288405641486,1.177125722196101,130.3858523512149,172.22610815886648,-0.0014103910545483827,-0.027731201175619967,0.056619395840708,-67.16885299007866,0,-0.010400263208786953,-0.1639613648916658,41.84025580765157,0.06306159454799917,0.007322845667884956
2026-09-20 05:22:00,24.098456390231537,27.321389548116287,1.535057188973248,129.32303085786324,171.31632072060165,-0.03129708849910921,-0.016332123742791672,0.04217056920727616,-66.57741057105584,0,-0.15627723590720777,-0.031898857525199276,41.99328986273841,0.05499639007913703,0.007226435125521346
2026-09-20 05:23:00,23.601395857812737,27.04693912022655,1.31547094840859,134.1670730888883,168.47339395396665,0.015312862129653904,-0.0021118591857735656,0.053848505646822024,-65.27050358586273,0,-0.4970605324188,-0.27445042788973595,34.30632086507836,0.05602325638713041,0.004615351102371575
2026-09-20 05:24:00,23.589908986190363,26.85154066061884,1.4092448288521773,131.91197404906922,171.78023014818024,-0.009573843778783824,0.0019687524784916736,0.06349473105261624,-67.24655566279802,0,-0.01148687162237394,-0.19539845960770919,39.86825609911102,0.06424262870140196,0.004678591108441769
2026-09-20 05:25:00,23.54985625303758,26.851312993052257,1.1421745099507137,134.84890012816575,171.25810355366372,-0.055674324475961975,-0.004519664067044974,0.0404353285626039,-66.73197351643033,0,-0.040052733152784015,-0.0002276675665839889,36.409203425497964,0.06895704144682664,0.0057548555862893345
2026-09-20 05:26:00,23.695242429970637,26.617562570966903,2.067738354454618,125.82179358349902,178.0292190562724,-0.0004774193661890543,0.008684143557237718,0.05449908888831228,-65.1264219470905,0,0.14538617693305866,-0.2337504220853539,52.207425472773394,0.055188703266430245,0.005673182883656522
2026-09-20 05:27:00,23.226927801208898,26.395353004486633,1.4995035086998652,129.8963481281381,174.14137294915895,-0.014831425177870153,0.019922095786342006,0.04170532265419713,-63.93627142281491,0,-0.468314628761739,-0.22220956648027013,44.24502482102085,0.048540653178728806,0.005788555439678665
2026-09-20 05:28:00,22.7584167628807,26.457522657073536,1.5047673368984225,125.14985987515595,175.6003878194314,0.033776443846053536,0.03445419421441456,0.06021397683840399,-63.33101542144775,0,-0.46851103832819874,0.06216965258690266,50.45052794427545,0.07715998097813437,0.008258080954417848
2026-09-20 05:29:00,22.881392017217262,26.240422764177687,1.3062604992712403,129.3118530044336,177.36420410377855,-0.011708900418399365,0.01157826047545799,0.060119055837497715,-64.60852599397546,0,0.12297525433656276,-0.21709989289584897,48.052351099344946,0.06233342072626621,0.008109231707891152
2026-09-20 05:30:00,13.819551908523751,26.10828635839812,-4.364049825953709,129.25415243869998,0.0,-0.02195286727157222,-0.017046673569062195,0.04645677659750902,-63.08818475662443,0,-9.061840108693511,-0.13213640577956554,-129.25415243869998,0.054136397673324115,0.008400107594046264
2026-09-20 05:31:00,13.478562906484349,26.021127577537847,-4.586661522983962,131.87984091178922,0.0,0.010158653399240318,-0.0029475245039563653,0.07209628652190864,-63.84024494022932,0,-0.34098900203940197,-0.08715878086027473,-131.87984091178922,0.07286810461262502,0.009264950001578898
2026-09-20 05:32:00,13.258725512280417,25.80048365066036,-4.630144277839371,130.1366916434257,0.0,-0.013208947360151664,-0.0015070448251911389,0.06106625309137285,-65.21497486337115,0,-0.21983739420393178,-0.2206439268774858,-130.1366916434257,0.06249667784041002,0.008984275436846854
2026-09-20 05:33:00,13.198198695326095,25.768295191348194,-4.797705692185866,131.87022141483973,0.0,-0.015589124025044645,0.010292804799623181,0.05706928985136169,-63.47182010475285,0,-0.06052681695432227,-0.03218845931216663,-131.87022141483973,0.060048867288651706,0.008764526243232646
2026-09-20 05:34:00,13.294205684462481,25.74460949936211,-4.82402541139122,132.11032039941668,0.0,0.010190027656488118,0.007763360668678845,0.05650610896106136,-63.873497655044034,0,0.09600698913638617,-0.023685691986084834,-132.11032039941668,0.05794002746315643,0.008859159881476977
2026-09-20 05:35:00,13.062774672130374,25.657997377320626,-5.088889687979373,136.46478603214942,0.0,-0.02080934615779132,0.04100793302223019,0.05983926909206224,-62.13931850534178,0,-0.2314310123321075,-0.08661212204148327,-136.46478603214942,0.07546799045782747,0.009635232834179771
2026-09-20 05:36:00,12.784693854292136,25.74823765355787,-4.695366487274177,129.05411003414162,0.0,-0.02914547316398906,-0.009230262705098169,0.0400435759275584,-62.89966593748071,0,-0.27808081783823724,0.09024027623724251,-129.05411003414162,0.050379999291624324,0.010153281056389815
2026-09-20 05:37:00,12.80710667577806,25.59683590990077,-4.966050725095494,127.17693189800086,0.0,0.03451996004188674,0.0076950106753360635,0.05194607598461025,-63.98310048664333,0,0.02241282148592383,-0.15140174365710024,-127.17693189800086,0.06284294424027168,0.008962750945153442
2026-09-20 05:38:00,12.031705467205036,25.625459589335,-4.816435975191889,130.73825084594924,0.0,0.011589974752012898,0.047094227954881836,0.053831903853773275,-64.05202587250277,0,-0.7754012085730242,0.02862367943423294,-130.73825084594924,0.07245735086201095,0.00826666681705973
2026-09-20 05:39:00,11.773625478168025,25.516712026373927,-4.619086071790982,127.59315991858136,0.0,-0.005284185699887303,-0.011704137938072026,0.0459986393669744,-62.43740270592989,0,-0.2580799890370109,-0.10874756296107435,-127.59315991858136,0.04775755738097665,0.009594645960954995
2026-09-20 05:40:00,12.138542364670311,25.60824155562979,-4.679662644322973,134.4458823053096,0.0,-6.954419403872045e-05,0.002902973923407104,0.05464795269443966,-64.71868303517284,0,0.3649168865022858,0.09152952925586177,-134.4458823053096,0.05472504753482285,0.009545175800580407
2026-09-20 05:41:00,11.978718569455326,25.540301088013596,-4.620497645644827,129.1503458831643,0.0,0.010117287162323121,-0.018897610022480308,0.06231694300434006,-62.71742347019814,0,-0.1598237952149848,-0.06794046761619299,-129.1503458831643,0.0659005352747064,0.008869643342106137
2026-09-20 05:42:00,11.66182901706713,25.510930526449243,-4.423275052095532,128.30327089637802,0.0,0.019466748992268416,0.0016417379925486304,0.045782309122340936,-61.888458814306055,0,-0.3168895523881954,-0.02937056156435247,-128.30327089637802,0.04977619359229614,0.009519752065765268
2026-09-20 05:43:00,11.940422991352223,25.528364731386787,-4.3225320088539805,128.58605283654666,0.0,-0.015119505826300237,-0.01560434296275283,0.049455756996286945,-63.11672857797369,0,0.27859397428509247,0.017434204937543996,-128.58605283654666,0.05401820874303891,0.009686834754181924
2026-09-20 05:44:00,11.00283868952686,25.465328816322547,-4.5081964194642845,132.15525227041493,0.0,0.007322930519313648,0.020936018069826926,0.04179414704146056,-61.02635470341298,0,-0.937584301825364,-0.06303591506424056,-132.15525227041493,0.04731482738987897,0.010388739254449648
2026-09-20 05:45:00,11.272243952256206,25.653380885355784,-4.531853710892344,129.52675905030554,0.0,-0.010134083524204772,0.0029463771806279068,0.03213010990189208,-60.81064519557581,0,0.2694052627293466,0.1880520690332368,-129.52675905030554,0.03381899983254601,0.010968621360785046
2026-09-20 05:46:00,11.160687337141205,25.65123624283609,-4.571734590578445,128.07499953960885,0.0,-0.003779624890252486,-0.01870794519964587,0.057789321805205116,-63.020472399066094,0,-0.11155661511500092,-0.0021446425196920416,-128.07499953960885,0.06085949796547392,0.011094921660269142
2026-09-20 05:47:00,10.691864365782795,25.668042145392157,-5.017445307142377,134.9960557528706,0.0,0.0032138573492980923,0.016811353955833434,0.04974266205160753,-62.32473042584859,0,-0.46882297135841,0.016805902556065178,-134.9960557528706,0.052604970571899286,0.010752444252958038
2026-09-20 05:48:00,11.511385959580037,25.902009537780824,-4.403135849653236,127.43149047801475,0.0,-0.00013357146105344423,0.0035933207774317467,0.05047579417152788,-61.07554397149446,0,0.8195215937972424,0.23396739238866715,-127.43149047801475,0.05060371125511625,0.008565348894122445
2026-09-20 05:49:00,10.53958108330742,25.749276305163512,-4.310718317202086,130.10669822209897,0.0,0.014711337966051436,0.0190563755444691,0.040132263818264735,-62.13542933243606,0,-0.9718048762726177,-0.15273323261731164,-130.10669822209897,0.046799225557930195,0.008620018421754702
2026-09-20 05:50:00,10.659891003089353,25.924426931537806,-4.644325879742441,131.95691845483069,0.0,0.00974173118231188,-0.022953252558954973,0.0481449647096381,-63.61237546894609,0,0.12030991978193306,0.17515062637429324,-131.95691845483069,0.05421891511599894,0.008601371169750554
2026-09-20 05:51:00,11.00300817545627,26.170860655987983,-4.084619408484374,125.10599466874878,0.0,-0.030163384187443555,0.00737648824497323,0.06096593789182124,-62.46430203449712,0,0.34311717236691663,0.24643372445017775,-125.10599466874878,0.06841847636053403,0.009089779799660462
2026-09-20 05:52:00,10.82428870421491,26.20963642768531,-4.999427966762851,131.44078150421777,0.0,-0.027156464141308845,0.015466833892894175,0.0500082133677946,-63.29558689827725,0,-0.17871947124135978,0.0387757716973276,-131.44078150421777,0.05897048329094348,0.009319556136275817
2026-09-20 05:53:00,10.203968068612468,26.29138799856776,-4.760642568868718,126.83467697355866,0.0,-0.007394333695185857,-0.00846754980471473,0.05029183758055413,-61.473887330045855,0,-0.6203206356024413,0.08175157088244944,-126.83467697355866,0.05153294575046067,0.0093154926893083
2026-09-20 05:54:00,10.653615005757691,26.44693375963421,-4.559972139253991,132.468348342502,0.0,0.0365725052488365,-0.025180054539363023,0.05207528277863423,-62.1323611426455,0,0.4496469371452232,0.15554576106644902,-132.468348342502,0.06843550513626817,0.010343283333185323
2026-09-20 05:55:00,10.455142717993601,26.57244581274411,-4.48685792097803,127.11204696424308,0.0,-0.017031836650032047,-0.0008321499074078786,0.03763617871593544,-63.223955402511066,0,-0.19847228776409054,0.125512053109901,-127.11204696424308,0.041318977255972895,0.008827785219646913
2026-09-20 05:56:00,10.99470690043507,26.54193117717478,-4.454325960955159,132.0783070955466,0.0,-0.004164454192255058,0.02456230587561857,0.05624920464102357,-62.954459779204456,0,0.5395641824414685,-0.030514635569328874,-132.0783070955466,0.06151928617429322,0.008875656173652881
2026-09-20 05:57:00,10.350143090937854,26.80356836293081,-4.764433585248353,133.31749919888415,0.0,-0.010726920539130437,0.022518606612681128,0.037448018850841695,-64.6043490571064,0,-0.6445638094972157,0.26163718575602957,-133.31749919888415,0.04499453948961473,0.009453441945028066
2026-09-20 05:58:00,10.12862152384884,27.15020417135725,-4.908748997966324,132.58430957689842,0.0,-0.0110808876817616,-0.008568568695111535,0.04060384418720974,-64.26144953520627,0,-0.22152156708901316,0.3466358084264378,-132.58430957689842,0.04295205005675361,0.010107205535069379
2026-09-20 05:59:00,9.864202492065948,27.077170706598288,-4.712502575037948,130.7539499447143,0.0,0.0035647948781011114,-0.02566170872752885,0.03950785230992836,-62.17619487788437,0,-0.26441903178289294,-0.07303346475896078,-130.7539499447143,0.0472451209278014,0.010073246549243228
2026-09-20 06:00:00,21.77672698991333,27.968169898589565,1.6397590701115077,129.3060971712109,183.80238137150602,0.028015545523913027,-0.008623594406991451,0.04824775033369455,-61.946485347420335,0,11.91252449784738,0.890999191991277,54.49628420029512,0.056454252131803676,0.010104368865614152
2026-09-20 06:01:00,21.952185948442263,28.112381160977563,1.6530772678035777,128.27074127099547,180.87701253883904,0.009119367997611781,-0.009369553014638248,0.04647547296462143,-61.08032483510696,0,0.17545895852893523,0.14421126238799786,52.60627126784357,0.048279612505230815,0.008885538275404286
2026-09-20 06:02:00,22.81066331076089,28.32364503422397,1.8429450746435443,134.41310407245132,180.5698797741297,-0.016070619228541846,0.008928935666095547,0.04998774961691746,-61.809557216903194,0,0.8584773623186273,0.2112638732464056,46.156775701678384,0.05326129745210572,0.008578158030921572
2026-09-20 06:03:00,22.603143504399338,28.438361043855224,2.0326381593900176,127.90151433949707,179.92777328138774,0.05506459021606414,-0.00210003005808243,0.04094743840223557,-60.778980891838536,0,-0.2075198063615531,0.11471600963125539,52.026258941890674,0.06865283631149403,0.010131199226617264
2026-09-20 06:04:00,22.964251460372665,28.707467628074642,1.9797116530785233,126.88880177929,180.28790407057463,0.001571464419222517,-0.01506528423474284,0.06005495320306378,-64.16396669365501,0,0.3611079559733277,0.26910658421941847,53.39910229128462,0.06193568998337432,0.009220660150264074
2026-09-20 06:05:00,23.44389011701236,28.837718083219407,1.4282800920554974,131.9961068050985,181.62598350003105,-0.011544419127642267,0.02208526134521336,0.05834027568726331,-62.444888384237515,0,0.4796386566396933,0.13025045514476474,49.62987669493256,0.06343989398593708,0.00884294156539617
2026-09-20 06:06:00,22.474541583983118,29.050900617282327,2.02007244366645,127.61158959044052,186.1806780359733,0.02824192749355179,0.002808517348896684,0.0482618648710828,-60.72247066811249,0,-0.9693485330292404,0.21318253406291987,58.569088445532785,0.055988408077786475,0.008549175132251554
2026-09-20 06:07:00,23.75525335923192,29.019685584771103,1.908922072669245,127.14980950760162,187.45962691883676,-0.00938141235887637,0.008708313054618817,0.045216332834120625,-61.539932784944384,0,1.2807117752488004,-0.031215032511223484,60.309817411235144,0.04699321620266586,0.008327412268524053
2026-09-20 06:08:00,23.574292442769604,29.23698232903996,2.3189492325947056,125.6691872134907,184.01117950493096,0.03325827309974886,-0.03449970868262534,0.04420642506654801,-61.31696595887897,0,-0.1809609164623147,0.21729674426885737,58.34199229144026,0.06519624717671882,0.007851298091054172
2026-09-20 06:09:00,23.870376647937054,29.389033920326376,2.0644011176735027,128.55127048161845,189.62334572442708,-0.017412855819333332,-0.048485297413945715,0.04689855004989321,-62.81169798703503,0,0.2960842051674497,0.15205159128641554,61.07207524280864,0.06966710565170625,0.00803644384995593
2026-09-20 06:10:00,23.669181187892338,29.591489198683202,1.8434480584294606,129.7518549283105,187.44858774471209,0.028600607778427385,-0.028750915628888162,0.03599754771248824,-63.51986968316421,0,-0.20119546004471545,0.20245527835682608,57.69673281640158,0.05422576284486696,0.0081446449808558
2026-09-20 06:11:00,23.86421159618808,29.59405248090546,2.0944015345101192,130.7292751829821,189.20565962458545,0.004020953285633889,-0.009610868512135514,0.040403926877881594,-64.20175808528379,0,0.19503040829574303,0.002563282222258323,58.47638444160336,0.04172546184329193,0.009268291111061549
2026-09-20 06:12:00,24.405223660524037,29.88495560767464,2.0037874437503875,132.85391873289845,192.54483211618313,0.025821044654048674,0.011527120352276175,0.058601203919849666,-64.47602117405708,0,0.5410120643359555,0.2909031267691802,59.69091338328468,0.06506690365691331,0.009333902274794236
2026-09-20 06:13:00,25.1361249630436,30.024079741336358,2.4341975932873705,131.58069377099739,191.429260485903,0.03803531417403089,-0.046844937408145965,0.053018124860758686,-62.78778176247203,0,0.7309013025195625,0.13912413366171705,59.848566714905616,0.08032468393240864,0.011181767842723655
2026-09-20 06:14:00,24.877864742795236,29.91013342447247,1.9919682727336072,129.42738334134046,189.31743600407293,-0.022652145810425076,0.03185704128743975,0.06634274485976531,-63.307132910250075,0,-0.2582602202483635,-0.11394631686388834,59.89005266273247,0.07700227649189546,0.0123565853077242
2026-09-20 06:15:00,25.1062119165189,30.054590172530386,1.819695506881828,129.40541297086085,188.19256541520997,0.02551543641516645,0.0034113205354025238,0.04700804849830679,-64.12060636214456,0,0.22834717372366597,0.14445674805791597,58.78715244434912,0.053595067187856234,0.012615315856406049
2026-09-20 06:16:00,24.811823982519666,30.135794898695856,1.5037613261703147,131.53047240674556,185.69210522775646,-0.028178078088508095,0.027205899858998205,0.04638486772893133,-63.786096625239345,0,-0.2943879339992357,0.08120472616547048,54.1616328210109,0.060710139401341796,0.012495586541304676
2026-09-20 06:17:00,24.82506035318548,30.527812024461202,1.9460080915621072,133.8177104887857,188.47834146603984,-0.020943687104964567,-0.017719401649482575,0.04592101075456352,-64.39698783564823,0,0.0132363706658154,0.39201712576534575,54.66063097725413,0.0534916297479062,0.011810364313783444
2026-09-20 06:18:00,24.899066153036234,30.287107704397275,1.9925165926811625,130.3789425984496,189.31621583112656,-0.01606818919584874,0.010077198683449815,0.04680835516781832,-63.82557069359741,0,0.0740057998507524,-0.2407043200639265,58.937273232676944,0.05050503688599719,0.012286628286809542
2026-09-20 06:19:00,25.107179901748488,30.55303241519782,1.81764887816919,128.59260743736877,187.48864182257176,0.010072732723557224,0.00170391859941575,0.043400459868534025,-64.08492327945326,0,0.20811374871225397,0.2659247108005438,58.896034385202995,0.04458658093994075,0.012786887473321188
2026-09-20 06:20:00,24.75004920928043,30.303181553897623,2.445311661441474,127.02140199674336,188.83046033407223,0.0006603175386971926,0.016353726261091085,0.052709882146872,-66.35304474452798,0,-0.35713069246805773,-0.24985086130019596,61.809058337328864,0.05519250001414818,0.01275776735487398
2026-09-20 06:21:00,25.252217099508588,30.364659228354714,2.387785216115954,125.66438420676332,188.78579743240627,-0.0033427216832567198,-0.004675827351994342,0.050291040671484114,-65.26109217947868,0,0.5021678902281579,0.06147767445709107,63.121413225642954,0.050618434601420084,0.011750416842726817
2026-09-20 06:22:00,25.39672349342779,30.41779805665282,1.981372247728596,131.99880901613056,187.63525207457974,0.0029247055804472195,0.009464304180151773,0.04490085498161728,-67.44746112905058,0,0.14450639391920106,0.05313882829810623,55.636443058449174,0.04598057997053716,0.01221607821286945
2026-09-20 06:23:00,25.598448308723633,30.413676929178596,2.2165477984485165,131.73393557091867,186.15704696012028,0.011825791785869457,0.022043906375424003,0.06251148913018903,-65.88402607553718,0,0.20172481529584374,-0.004121127474224551,54.42311138920161,0.06733104360489994,0.009967250137985434
2026-09-20 06:24:00,25.767681376793092,30.47214413418791,2.109644727184186,131.73209057531997,187.09194114944495,0.013364962478827055,-0.013023525877835507,0.06896582922486308,-65.64413622993985,0,0.1692330680694596,0.05846720500931468,55.35985057412498,0.07144592394968438,0.008739513196923234
2026-09-20 06:25:00,25.90467373801003,30.417642074107263,1.8802352868118335,129.61402166094382,186.86860274017837,0.021883336712302623,0.004844884649792995,0.06166577205573401,-67.784888840728,0,0.1369923612169366,-0.054502060080647396,57.254581079234555,0.06561265713384543,0.009281495438069543
2026-09-20 06:26:00,25.849755129935883,30.38511562918437,1.533349228832336,134.22080423767525,182.97421556332895,0.036400696255348794,-0.037757244744446965,0.05558124013083395,-67.10015067378805,0,-0.05491860807414639,-0.032526444922893916,48.7534113256537,0.07641920225341049,0.011196211783110194
2026-09-20 06:27:00,25.72846050540381,30.550466276842823,2.2545969890902464,128.54764451624555,187.09566356183083,-0.00042724744882953946,0.014050060381267156,0.05761769726263774,-66.87499449094842,0,-0.12129462453207296,0.1653506476584532,58.54801904558528,0.05930755242756825,0.011079618362107226
2026-09-20 06:28:00,25.352791326974184,30.513751205962233,1.8752340171995028,132.8658077116216,183.15270523699053,-0.010421779242618326,0.03909325086924979,0.06856415517826335,-66.83835950287623,0,-0.3756691784296251,-0.03671507088058945,50.286897525368914,0.07961117460141476,0.012428584468343952
2026-09-20 06:29:00,25.79825938162982,30.432429876589925,1.9106074544154943,129.88377131503137,182.4301925380295,0.012270722583703765,-0.02488872095497391,0.05760319315759424,-67.52424920505634,0,0.44546805465563466,-0.08132132937230807,52.546421222998134,0.06393861841994936,0.010895366359218842
2026-09-20 06:30:00,25.698244755110114,30.32564346262264,1.7825819116101402,128.17494770596198,182.8276289271118,-0.022885096325292405,-0.0018276252085588638,0.044148141474007155,-68.57571899904548,0,-0.10001462651970527,-0.10678641396728494,54.652681221149805,0.04976068973928941,0.01147791077010315
2026-09-20 06:31:00,26.138955081241008,30.208161650621857,1.875326940719245,131.77759092195328,180.8822388868599,-0.013574082642232229,0.01760962601828227,0.05392272526650549,-67.59854255799277,0,0.440710326130894,-0.11748181200078278,49.10464796490663,0.058326794428023764,0.010792156796638046
2026-09-20 06:32:00,26.27108063117413,30.065058838348275,1.6379582047124497,131.228908356052,181.3225318335507,0.019987618927855798,0.0006283494693310093,0.05626244266063318,-69.3202232715801,0,0.13212554993312153,-0.14310281227358246,50.09362347749871,0.05971065388690552,0.009001883468361272
2026-09-20 06:33:00,26.26903143393366,29.925925259073466,1.6912409944802074,131.07091827780079,178.9967913889712,-0.0024825674963540835,0.0033019910298645156,0.04005282725964081,-68.00554857257953,0,-0.0020491972404705905,-0.13913357927480874,47.925873111170404,0.04026531084725269,0.011880644272941212
2026-09-20 06:34:00,26.193745062648222,29.955039715303403,1.93138450657319,130.2438352661686,176.21971423045082,-0.02416384916716078,-0.007819988830472772,0.04715069181356822,-68.29996302241037,0,-0.07528637128543636,0.029114456229937247,45.97587896428223,0.053555873350923,0.011719679248071898
2026-09-20 06:35:00,25.89588606686,29.690351665091132,1.5581493677903449,129.88632075484952,177.215174773516,-0.029796061307303483,-0.008563045061758293,0.061003918240554664,-68.0586975250014,0,-0.2978589957882214,-0.26468805021227126,47.328854018666476,0.06842959192380565,0.011884881636209706
2026-09-20 06:36:00,25.73880385387001,29.589265858460337,0.9754816905068142,137.1651159786113,173.28734315241013,0.0009743335878761458,-0.0017338830717075553,0.031765072649504136,-68.52929946727701,0,-0.15708221298999092,-0.10108580663079536,36.12222717379882,0.031827276303119205,0.013661340167442734
2026-09-20 06:37:00,25.620969985801082,29.677390156851956,1.2668472783002491,133.55276993558851,174.9187580024681,0.022837930739360197,0.0008334284427871172,0.037495714549594064,-69.5025910554286,0,-0.11783386806892793,0.0881242983916195,41.365988066879595,0.04391120919548561,0.014164744916195607
2026-09-20 06:38:00,25.332950675769133,29.61866452476033,1.686234066206359,132.16848068495653,173.8149611092839,0.02257091555062373,-0.023628825231546195,0.04823592946371673,-68.36540031079973,0,-0.2880193100319488,-0.05872563209162607,41.646480424327365,0.058262101763024286,0.01136409073515569
2026-09-20 06:39:00,26.013394970167834,29.32808294337031,1.5641857710119347,130.33539747461018,172.70610469361517,0.0022176100578567472,-0.001320439718920575,0.053536795955057045,-67.05156890320433,0,0.6804442943987006,-0.2905815813900219,42.370707219005,0.053598972719198855,0.010688192689019353
2026-09-20 06:40:00,25.584776395923736,29.253827281818992,1.372561253628422,133.02147160179,172.17490002404284,0.04017818838192256,0.031370678774186526,0.03642367555051093,-66.68356121014443,0,-0.42861857424409777,-0.07425566155131591,39.15342842225283,0.06265054228827825,0.011185327897701413
2026-09-20 06:41:00,25.175547386447242,28.967945946419977,1.201736469980052,131.55398432917437,168.0535307983606,-0.002096407318809254,-0.008382675871778093,0.048732107483340587,-65.44788101218438,0,-0.4092290094764941,-0.28588133539901506,36.49954646918624,0.049492246647182096,0.011070882166344012
2026-09-20 06:42:00,25.204890053882423,28.703702956780994,1.5295069172984983,130.07861425832212,170.1867924603822,-0.0027713524679482157,-0.024745099657492556,0.061537685390885666,-66.11771965347472,0,0.029342667435180658,-0.2642429896389835,40.10817820206009,0.06638438878854323,0.011755889102897998
2026-09-20 06:43:00,25.087503126264224,28.739906422267566,1.3278477230371504,129.08930702420224,171.0240304347877,-0.05134871819478,-0.0030283213597285326,0.05068651457074284,-68.9089645328057,0,-0.11738692761819891,0.036203465486572384,41.93472341058546,0.07221484854124423,0.012288823715457128
2026-09-20 06:44:00,25.246892960782898,28.573821798054215,1.5270775443745084,129.75724798701194,170.80369204509964,-0.008947258983224314,-0.014292256242485932,0.05939088943631131,-68.00429813008138,0,0.15938983451867372,-0.1660846242133509,41.0464440580877,0.061738154976075536,0.012377664397569793
2026-09-20 06:45:00,25.43253314287289,28.359966875537694,1.556628577277811,120.48872279236583,168.1693485414971,0.01704030069816989,-0.02676683650643879,0.044078858786649966,-67.48446370685646,0,0.185640182089994,-0.21385492251652138,47.680625749131266,0.05431188798393868,0.011696673995432927
2026-09-20 06:46:00,24.878423983828203,28.162902209326806,1.3191360917843407,130.63180251789294,172.59450564539478,0.031279226737194084,0.002783369234652417,0.04190083143210818,-67.39597035349344,0,-0.5541091590446889,-0.19706466621088836,41.96270312750184,0.052362360950162966,0.008439893322001873
2026-09-20 06:47:00,24.170133356728282,28.11686912374137,1.2915684404728933,128.53457175966892,168.26841772793,-0.016604692673345692,-0.01420564074302156,0.05848873830285048,-67.07357440198236,0,-0.7082906270999203,-0.046033085585435174,39.73384596826108,0.06243755725487171,0.007045561387524812
2026-09-20 06:48:00,24.645098621656928,27.755491338088305,1.2534634506262938,134.77800999484865,171.97726831269506,0.00924504658586097,-0.012494283337065499,0.0536926553465619,-64.55333944104328,0,0.4749652649286453,-0.36137778565306533,37.199258317846414,0.05589704143017137,0.00712520771143473
2026-09-20 06:49:00,24.50420063850886,27.610751520496187,1.4535136894227165,130.05803221243525,171.02986259750006,0.020937580646465753,0.00306854760770778,0.03814403992225541,-67.84719584237818,0,-0.14089798314806856,-0.14473981759211796,40.971830385064806,0.04362070665794676,0.008540644829163474
2026-09-20 06:50:00,24.32641250713517,27.422769442135245,1.5715623337467188,126.43310974139511,169.118302633681,0.0002241630639179817,-0.030663491907246692,0.04199159083837212,-67.27063801236817,0,-0.17778813137368843,-0.1879820783609425,42.68519289228588,0.05199609298939936,0.008575908619661858
2026-09-20 06:51:00,24.042496519622958,27.369644541196504,0.8495453497259563,129.85035953761565,174.2924749619417,-0.04566560915054461,-0.0348313930050225,0.06564581241057416,-64.69443653965229,0,-0.2839159875122128,-0.05312490093874089,44.44211542432606,0.08722354317960791,0.012352288578437176
2026-09-20 06:52:00,24.12723721150361,27.092763389968013,1.3354892825389697,126.86163674481249,168.77817977928552,0.004945799991485047,0.013417443890038632,0.04075444780530684,-66.72611129397247,0,0.08474069188065059,-0.27688115122849055,41.91654303447304,0.04319043590904806,0.013329967161543494
2026-09-20 06:53:00,23.90796449970423,26.977081259957448,1.425093564451778,131.4202222471374,173.515633924981,0.015228612481217863,-0.03861667201448166,0.059343287467259975,-65.48071200625877,0,-0.2192727117993769,-0.11568213001056549,42.0954116778436,0.07242087933047354,0.013353659882846996
2026-09-20 06:54:00,23.702070426697325,26.82312333554015,1.851036610132653,130.87284209301845,174.27351976052609,-0.018948457900369177,-0.019533553906147093,0.045218133027663004,-64.59773002842412,0,-0.2058940730069061,-0.1539579244172984,43.40067766750764,0.05277578364661055,0.013414282520056997
2026-09-20 06:55:00,23.65043637664222,26.720746545295743,1.1672079580670731,132.8735188933248,171.6033563261428,-0.00508309061748774,-0.035996790707768754,0.04996824143232869,-64.89959408493826,0,-0.051634050055106684,-0.10237679024440638,38.72983743281799,0.06179346165512973,0.013417688417015171
2026-09-20 06:56:00,23.211002753679264,26.456746103076398,1.777020380637452,127.62735462491631,176.47226422140545,-0.023109920842575283,-0.009722729336976647,0.052945926209433725,-64.94535352111325,0,-0.4394336229629552,-0.26400044221934493,48.844909596489146,0.05858217313556235,0.013251296478809656
2026-09-20 06:57:00,23.00393634845998,26.47907577184693,1.866542749666499,130.10202428868445,173.99305154482573,-0.051402950971607055,0.008561174953023313,0.028990187895004016,-63.94858277164209,0,-0.2070664052192832,0.02232966877053144,43.891027256141285,0.059632106112004375,0.013199884082513252
2026-09-20 06:58:00,23.371034303731548,26.466753266085842,1.5240645386784766,125.90493461372009,175.93136546442216,0.02054008823575313,0.002246758974647534,0.03537282664572701,-65.5311194099076,0,0.36709795527156786,-0.012322505761087399,50.02643085070207,0.04096559551051758,0.014348383708788394
2026-09-20 06:59:00,22.92949721235874,26.234605724957685,1.67441621243952,132.10448434577415,176.78187702924006,-7.497067603703245e-05,0.04783746778914568,0.050863330187871626,-64.88778337644969,0,-0.4415370913728083,-0.23214754112815683,44.67739268346591,0.06982483299572058,0.013976791752369053
2026-09-20 07:00:00,13.555371060010064,26.26212587621031,-4.858904850405489,131.55661354132036,0.0,0.031953499934099655,0.021738312355780016,0.0427569243621612,-63.61337585514515,0,-9.374126152348676,0.027520151252623748,-131.55661354132036,0.05763449455861948,0.013736848491758163
2026-09-20 07:01:00,13.571382340307864,26.13673655698437,-4.796905857853659,131.48741506308272,0.0,0.017146443838123544,-0.018623157003132024,0.05996581295274622,-65.98195210921247,0,0.016011280297799857,-0.12538931922593832,-131.48741506308272,0.06509010090744197,0.010284867048346285
2026-09-20 07:02:00,13.252250807337171,25.985323992526805,-4.803652777293192,130.00485709407081,0.0,-0.007084195233308979,-0.023941100096528212,0.033938791191318755,-62.266976057783225,0,-0.3191315329706921,-0.15141256445756568,-130.00485709407081,0.042133165599840185,0.010460145120815572
2026-09-20 07:03:00,13.25903824642225,25.828529153229717,-4.833668557124834,131.24431867236638,0.0,-0.0016636132020881737,0.054133758819510026,0.055652550562579874,-63.1603511930767,0,0.006787439085078617,-0.15679483929708837,-131.24431867236638,0.07765589376818446,0.011350432773327307
2026-09-20 07:04:00,12.388415923412815,25.746501278003375,-4.270368189166051,134.8130173249258,0.0,0.01132354781540345,0.02125144011466725,0.03623778779595674,-63.10155777764133,0,-0.8706223230094352,-0.08202787522634125,-134.8130173249258,0.04350889226836059,0.01222422820418103
2026-09-20 07:05:00,12.801332795523884,25.75384372405942,-4.443420155188308,129.14471722887396,0.0,0.01933766833511487,0.011787392145391437,0.046478950058555714,-64.68806226346058,0,0.41291687211106876,0.007342446056043173,-129.14471722887396,0.051702812580882454,0.012263548915752143
2026-09-20 07:06:00,12.55985020141254,25.581827754325804,-4.4373644116116955,130.41593555113025,0.0,0.006453412614840229,0.0014970362443123579,0.03935622235762036,-64.16059980252597,0,-0.24148259411134276,-0.17201596973361433,-130.41593555113025,0.039909897145402676,0.013316836570085751
2026-09-20 07:07:00,12.989819237170977,25.386843249481323,-4.428087770577549,126.74162110245577,0.0,0.022111862905789686,0.005470431349500343,0.06902429880471198,-63.10377104438772,0,0.42996903575843604,-0.1949845048444807,-126.74162110245577,0.07268572023304301,0.014435305497573998
2026-09-20 07:08:00,12.634494455625244,25.589169602481658,-4.871080540366284,127.395217115205,0.0,-0.005933374733489431,-0.029641465509648524,0.036605078370299644,-61.744881211298605,0,-0.35532478154573255,0.20232635300033408,-127.395217115205,0.047473710364616256,0.013809757069852439
2026-09-20 07:09:00,12.035171496632156,25.402665627922843,-4.57434554448105,130.29343987927993,0.0,-0.019942870935713727,0.0031407834039353572,0.04877940304630977,-64.49303876071403,0,-0.5993229589930884,-0.18650397455881418,-130.29343987927993,0.052792165925479,0.01304902585214498
2026-09-20 07:10:00,12.203251017035923,25.40639858443614,-4.5465498142451635,133.31180064010573,0.0,-0.0012961850712226045,0.0014246279491802903,0.03273163851979848,-61.510100762935785,0,0.16807952040376684,0.003732956513296415,-133.31180064010573,0.032788257360268504,0.014757662039874527
2026-09-20 07:11:00,12.008418756594937,25.50057070715586,-4.786078377923725,129.23115752724527,0.0,0.004103697814723672,-0.018082776862029602,0.0659957012207059,-62.55928950447861,0,-0.194832260440986,0.0941721227197192,-129.23115752724527,0.06855114684970051,0.01511994793153673
2026-09-20 07:12:00,11.961301463066777,25.50007599015505,-4.42451503842719,129.29225041206362,0.0,-0.024030707894785737,-0.010770529071369573,0.054012824161772055,-62.34291261279055,0,-0.047117293528160076,-0.0004947170008087198,-129.29225041206362,0.06009046839834285,0.014758510945723823
2026-09-20 07:13:00,11.387014449591515,25.388485479651127,-4.458395053260858,128.77934426648687,0.0,-0.02673444168293244,0.030303527868871118,0.05136973089598668,-61.80611913222753,0,-0.5742870134752618,-0.11159051050392321,-128.77934426648687,0.06535964676865728,0.013047984024129109
2026-09-20 07:14:00,11.669702705033696,25.57732183536496,-4.2151537763039455,128.39572998746704,0.0,0.008947725929468549,-0.0025034984058972484,0.06474312939291726,-61.751024622471895,0,0.28268825544218146,0.18883635571383195,-128.39572998746704,0.06540643781131367,0.01302493757564315
2026-09-20 07:15:00,11.364230224287077,25.699303279428257,-4.758017829900098,130.88491436712647,0.0,-0.008127137027408473,0.04142342605066222,0.051474224414226125,-62.7140803352631,0,-0.30547248074661937,0.12198144406329803,-130.88491436712647,0.06656986075607389,0.013365075874155228
2026-09-20 07:16:00,11.390908929821169,25.54242255926315,-4.701958877328861,125.50822706446407,0.0,-0.003316818113240042,-0.03481358872974767,0.05219571356141077,-61.378861357845295,0,0.026678705534092018,-0.15688072016510546,-125.50822706446407,0.06282817645630956,0.011970052976078649
2026-09-20 07:17:00,10.965439351775983,25.845489674495152,-4.852426290803087,133.84281873000018,0.0,-0.00719385331401647,-0.010442603724514957,0.05131725288065152,-64.34608439154854,0,-0.4254695780451865,0.30306711523200036,-133.84281873000018,0.0528607599384229,0.011148747669259622
2026-09-20 07:18:00,10.887447705980266,25.63534627818662,-4.284447697996262,128.00373310561162,0.0,0.03041201803526424,-0.03094557102493838,0.055636343254431196,-62.520656009383586,0,-0.07799164579571638,-0.2101433963085313,-128.00373310561162,0.07055438964204591,0.011237633241271291
2026-09-20 07:19:00,11.299494070016427,26.086030322190087,-5.085885121036765,132.16571045631443,0.0,0.025235223207900004,-0.024188449077836686,0.04507558616078738,-61.980440035004065,0,0.41204636403616135,0.4506840440034665,-132.16571045631443,0.05704126599999512,0.01102232002362323
2026-09-20 07:20:00,10.52092875277961,25.9255504780327,-4.920461007651149,126.19000420781838,0.0,-0.024747073800783365,-0.016564114113185945,0.04785712692636668,-62.56284620606155,0,-0.7785653172368168,-0.16047984415738625,-126.19000420781838,0.05636569999301379,0.005782106330236987
2026-09-20 07:21:00,10.437287927802116,26.08265048079272,-4.696639529629343,132.00652039163865,0.0,-0.01065586426160894,0.006306192535411823,0.05810334628457446,-64.14789126989875,0,-0.08364082497749514,0.1571000027600178,-132.00652039163865,0.05940803276427096,0.005442906880776794
2026-09-20 07:22:00,10.615000724021616,25.98888077634472,-4.803369066534956,132.0158338234435,0.0,0.01700008535939186,0.005336523421607743,0.05277372951557882,-61.68463119722094,0,0.17771279621950065,-0.09376970444800037,-132.0158338234435,0.055700519848915706,0.005750852389237643
2026-09-20 07:23:00,10.304853365002105,26.289960284686106,-4.682476071936923,131.1526062160177,0.0,0.012038724742064844,-0.01358580639255211,0.048857560858978744,-63.83047303859879,0,-0.3101473590195116,0.3010795083413882,-131.1526062160177,0.0521206895756371,0.006195929942812825
2026-09-20 07:24:00,10.183359653300661,26.444681623091014,-4.347248875559993,127.01671443460063,0.0,-0.0008291592465957126,-0.04455599114673164,0.03599477608969288,-62.805807244498375,0,-0.12149371170144363,0.15472133840490798,-127.01671443460063,0.057284795171764116,0.005917902094445863
2026-09-20 07:25:00,10.399730165758623,26.545888185229277,-4.780108318109278,130.74864456879422,0.0,-0.022752004099284708,0.029553857460643058,0.06498050284536595,-62.75716386017781,0,0.2163705124579618,0.10120656213826251,-130.74864456879422,0.07492362732392559,0.00747772997248759
2026-09-20 07:26:00,9.843276474730517,26.637289324098134,-4.890702289250298,126.45083144579684,0.0,-0.013650800923070914,-0.005715294320727124,0.043385458900492294,-63.07678063796913,0,-0.5564536910281053,0.09140113886885715,-126.45083144579684,0.04584001525981591,0.008588079890770109
2026-09-20 07:27:00,9.926572295643272,26.743838099612827,-4.2068790540854195,129.24171023471143,0.0,-0.010335351350925795,-0.022325803406022783,0.059872372384192574,-62.1272165542701,0,0.08329582091275434,0.10654877551469255,-129.24171023471143,0.06472991549649117,0.008586836015263765
2026-09-20 07:28:00,10.787222745046492,27.101604667859604,-4.952597061161541,133.088239302866,0.0,0.005539886622382012,0.005498615621401746,0.05175753651688086,-63.56093463664234,0,0.8606504494032201,0.35776656824677744,-133.088239302866,0.05234279037113923,0.007857821646990339
2026-09-20 07:29:00,10.258995596892476,27.1461838335758,-4.940025488017141,132.3901057812122,0.0,0.034074543093944754,0.004088903410463481,0.037065494772701296,-63.302018660879924,0,-0.5282271481540164,0.04457916571619691,-132.3901057812122,0.05051380525070691,0.008171989231298986
2026-09-20 07:30:00,21.776030994319026,28.15407523765168,2.0438518480440226,130.0455488276213,181.0925684960074,-0.01373760469576256,-0.006453529299999304,0.06252275477530615,-62.05590403315124,0,11.51703539742655,1.0078914040758775,51.0470196683861,0.06433867179151319,0.008494165465396985
2026-09-20 07:31:00,22.32538120056257,28.11389500182899,1.8493735484295066,127.07558027223148,181.01117870609016,-0.020520704951104803,0.0029706203128300954,0.0525454064639954,-61.39745455573205,0,0.5493502062435454,-0.040180235822688815,53.93559843385869,0.05648843826129189,0.00847987277651791
2026-09-20 07:32:00,22.569532809683302,28.288867087218563,1.74364911496357,131.9367631365226,181.11392152689749,-0.002171729536558866,-0.02310059680816037,0.06335345356737043,-60.6480750082637,0,0.2441516091207312,0.1749720853895731,49.1771583903749,0.06746861537771554,0.00901324611984965
2026-09-20 07:33:00,22.896076855921468,28.57823275144727,1.9779094085859086,130.05814371309407,182.73598245876173,0.02063477961028118,0.015198256863529673,0.04817591299264081,-61.95572090539587,0,0.32654404623816546,0.2893656642287077,52.67783874566766,0.05456830338144297,0.008849333556068812
2026-09-20 07:34:00,22.756530514343225,28.49649598165848,2.383802488456538,123.03905320530873,183.71745750467582,-0.028937659335214066,-0.019937341895137406,0.05704051229967055,-61.38327880347279,0,-0.1395463415782423,-0.0817367697887903,60.67840429936709,0.06699631163768174,0.009185008903766494
2026-09-20 07:35:00,23.282565147849958,28.69664040597509,1.7799629987682257,132.34788947894955,184.0542333262778,0.029072683017498956,-0.012111393106068638,0.03237472888654987,-60.80134186533631,0,0.5260346335067325,0.2001444243166084,51.70634384732824,0.04516668917779236,0.008546567698036607
2026-09-20 07:36:00,22.570546869180706,29.083294352906943,2.2754736551194745,129.92730149839093,185.12883260861614,-0.0034406272423133898,0.012976036323031506,0.04499784136406243,-61.01006806735461,0,-0.7120182786692517,0.3866539469318546,55.201531110225204,0.04695765285768135,0.00839258014154309
2026-09-20 07:37:00,23.05469879067908,29.00758630846768,1.5739870827329367,133.6073537439492,189.63947121338634,-0.014686400046267475,0.024079179300204676,0.037270066677687286,-62.88139562411624,0,0.4841519214983734,-0.07570804443926349,56.03211746943714,0.04673922434368875,0.008469167182405491
2026-09-20 07:38:00,23.60683478975554,29.089111275797997,2.3512864245836917,126.71418844347158,188.29539980487772,-0.03200378573524319,0.03171549136092677,0.046252161499616085,-61.605905861923986,0,0.5521359990764587,0.08152496733031711,61.58121136140613,0.06457071423671062,0.00888982863181574
2026-09-20 07:39:00,23.838752196287256,29.598458902294897,2.2168237705323444,120.469888560412,187.24230846021652,0.014130415468412547,0.021115964769331436,0.05471811739506145,-62.55616223333135,0,0.23191740653171777,0.5093476264969006,66.77241989980452,0.060329304493830574,0.008710117353696784
2026-09-20 07:40:00,23.64416746811622,29.406542742886923,2.3805745162524863,130.83725157503557,189.80861865710042,-0.0034234239048306966,-0.006481443676035636,0.04395419912345855,-61.86553327001691,0,-0.1945847281710371,-0.1919161594079739,58.97136708206486,0.04456120020760698,0.009182607437599036
2026-09-20 07:41:00,24.168574913101583,29.69178654045898,2.0773283097324096,130.8746910300459,188.24443462110233,0.0034141096550901365,-0.030820661382009257,0.05863842093638782,-62.605959042032914,0,0.5244074449853642,0.28524379757205764,57.36974359105642,0.06633275000084393,0.0098196747091044
2026-09-20 07:42:00,24.071417818973963,29.800298746521236,2.2489423270861524,124.92798511718064,191.66664013484555,-0.018016234820227277,0.02810111171205787,0.04143387356449989,-63.10342500635939,0,-0.09715709412762052,0.10851220606225453,66.73865501766491,0.05320735921947347,0.009032610393678706
2026-09-20 07:43:00,24.337657894676006,29.62437535062279,2.393652678467468,127.06450136240018,190.37486623856813,-0.0063819206850204745,0.027413919778099517,0.05885236613649979,-63.16087024433419,0,0.26624007570204355,-0.1759233958984474,63.31036487616795,0.06523689837120243,0.009595922487060945
2026-09-20 07:44:00,24.884302889150266,29.98228895691925,2.01343194732418,138.26565323115972,189.63989301187615,-0.009731624927094758,-0.013439523067069914,0.06309757165874036,-63.56510600463199,0,0.54664499447426,0.3579136062964601,51.37423978071644,0.06524284522629152,0.009386596909087021
2026-09-20 07:45:00,24.999236289159917,30.148518786967653,2.335065094576103,129.08316815753858,190.8703837176611,-0.002011862107564151,0.018423780756491204,0.06013526135090986,-63.75969986767768,0,0.11493340000965091,0.16622983004840464,61.78721556012252,0.06292640895717268,0.008806104696813092
2026-09-20 07:46:00,24.570306265389114,30.224418987676952,1.746243137685867,132.19287692912866,186.85398372627807,-0.013391046527516211,-0.006643555878614772,0.046558109481702276,-64.45311964067294,0,-0.42893002377080336,0.07590020070929882,54.661106797149415,0.048899023715454244,0.00856321164714483
2026-09-20 07:47:00,24.687946181955137,30.354925472373804,2.0323070270188053,128.04802051789486,187.66311316670507,-0.03068361921374443,0.030025537670234574,0.028745464020558574,-64.79116393530782,0,0.11763991656602357,0.130506484696852,59.61509264881022,0.05166545366294551,0.00797758955834027
2026-09-20 07:48:00,25.00995561984394,30.29134858342752,2.271383110880831,123.72909130344053,187.35062629598383,0.05456999490593214,-0.01029729324807564,0.055821669967373484,-63.02461346562423,0,0.3220094378888021,-0.0635768889462831,63.6215349925433,0.07873993542172035,0.01017212587285797
2026-09-20 07:49:00,25.245638128805616,30.456520315191423,2.14387884828389,129.48922525961228,189.74888706640155,-0.027268084946750284,0.03957302575097007,0.04874765285284696,-64.56008212325025,0,0.23568250896167697,0.16517173176390187,60.25966180678927,0.06845368129189115,0.010544352181829213
2026-09-20 07:50:00,25.168514392659166,30.360911846600274,2.4126211646621454,129.20318631914168,192.558004267227,0.0036291801388507795,0.015722410951964912,0.04021607059872647,-65.86047556627453,0,-0.07712373614645074,-0.09560846859114847,63.354817948085326,0.04333240691473815,0.010756111695931408
2026-09-20 07:51:00,25.781885635215968,30.322577583329874,1.8932457776015041,128.8003652839949,193.09469395887402,-0.035440556568480844,0.03595089689371973,0.0444372093512959,-65.81215559837811,0,0.6133712425568021,-0.038334263270400015,64.29432867487913,0.0672544839566661,0.010816346377530593
2026-09-20 07:52:00,25.669046392758307,30.356685672269517,2.1991864376105776,129.65607749348084,189.3610662410774,-0.039940948732359496,-0.009275945392997587,0.06434425316444801,-64.72233592540854,0,-0.1128392424576603,0.03410808893964301,59.70498874759656,0.07629879071037379,0.011528850632233908
2026-09-20 07:53:00,25.772881294004414,30.352034814803705,2.001501452566929,130.79280481493691,188.4587410716561,0.001956529837045351,0.00810059208888386,0.038626597993898455,-66.75323352371639,0,0.10383490124610617,-0.004650857465811953,57.66593625671919,0.03951533466612647,0.013607855985179733
2026-09-20 07:54:00,25.348194695185413,30.59989260439288,1.746687990686333,129.54964914623858,183.15251633720604,0.0034873517553660653,-0.019385583966887304,0.054683091756212124,-67.73046819145243,0,-0.42468659881900095,0.24785778958917604,53.60286719096746,0.05812231079388712,0.013502459159559343
2026-09-20 07:55:00,26.14612569263748,30.337062543473557,1.9476237996394237,126.20798149615791,184.89937384157153,0.025229979816047673,0.016879785042383934,0.05217958175637404,-67.87961863653689,0,0.7979309974520667,-0.2628300609193239,58.69139234541362,0.06036710840238568,0.013454906609528739
2026-09-20 07:56:00,25.008182094996563,30.49445367252276,1.8185528899432772,131.4585543746858,183.57944621439816,0.007990936820314116,0.01798083065674249,0.04642612335336768,-68.41266353853202,0,-1.1379435976409162,0.15739112904920205,52.12089183971236,0.05042370744000102,0.013332473218059429
2026-09-20 07:57:00,26.153110066861448,30.408026657788245,1.3826479388153579,124.15188473403273,183.03210360583606,-0.0029962143749158194,0.04794047836402373,0.056445326873130475,-68.18333572643269,0,1.1449279718648846,-0.08642701473451453,58.88021887180332,0.07411708097440445,0.013765405525572764
2026-09-20 07:58:00,26.22209244125507,30.381106986365854,1.9727658799931924,123.8489276281474,183.01359386438946,-0.018992004881300085,0.009640795944392985,0.06632245258898867,-68.25314035905043,0,0.06898237439362376,-0.026919671422390934,59.16466623624207,0.0696585164446631,0.01277770399877021
2026-09-20 07:59:00,25.841131607966968,30.473860956272365,1.5830788440936285,132.21754148410471,181.44831213674556,0.02998024136467097,0.014481884050121865,0.04704028496113802,-65.86040812222336,0,-0.3809608332881034,0.09275396990651075,49.23077065264084,0.057630966043874104,0.012508619313062675
2026-09-20 08:00:00,26.371853011590442,30.22940083034268,1.7469687719874178,131.52106081640608,177.45260045984708,0.01857702492100448,-0.009416607530075635,0.04756819051922899,-67.44961005930007,0,0.530721403623474,-0.24446012592968458,45.931539643441,0.05192794143392135,0.011517082092371312
2026-09-20 08:01:00,25.980205790871125,30.260047500198873,1.6990308503475418,129.82781390477788,181.91162713656797,-0.024926589554968494,0.010827587452704771,0.056220649049902004,-67.90779889521022,0,-0.39164722071931735,0.030646669856192688,52.08381323179009,0.06244463865281055,0.011303578283079504
2026-09-20 08:02:00,26.017023923164256,30.118518242552977,1.7947314552698233,125.81365448573479,177.27077251424458,0.0007592745642127058,-0.007597824173751674,0.05918242821435002,-69.11139276765769,0,0.036818132293131356,-0.14152925764589597,51.4571180285098,0.059672969084718745,0.009766361557237585
2026-09-20 08:03:00,26.08931875003694,30.006039118985708,2.1307685258469764,127.87626717797778,178.90103678678983,0.0028810446305299353,0.0023172151768399976,0.048722927928513654,-67.91603353336872,0,0.07229482687268529,-0.11247912356726886,51.02476960881205,0.0488630086084148,0.008057055934587446
2026-09-20 08:04:00,26.92263171535319,30.148737057398783,2.069620109759197,129.2117597569405,181.59275431923163,-0.006913073132113382,0.003490313230915903,0.04694626263906352,-69.59591747127763,0,0.8333129653162494,0.14269793841307532,52.380994562291136,0.047580715025688565,0.008879243815912614
2026-09-20 08:05:00,26.33927395992065,29.663580529774276,1.9462071530477365,125.21231809427766,174.65339853993095,0.015437009716135897,-0.007046097466983409,0.027823534792802397,-68.29384902284835,0,-0.5833577554325409,-0.48515652762450756,49.441080445653284,0.0325898426945665,0.011960163273084032
2026-09-20 08:06:00,26.105729883726656,29.81757113492162,1.426143603047419,127.7829140259303,170.5142205215588,0.016634662766963543,0.00125890193083987,0.04221991087633447,-65.90548309995766,0,-0.23354407619399353,0.15399060514734586,42.7313064956285,0.04539623017220374,0.012297733774608265
2026-09-20 08:07:00,25.571259465920843,29.62773948778047,1.6147721391659589,131.95699101453005,174.12963014715484,-0.0038097139561021173,-0.007505903394268412,0.038606883279324496,-67.33110663856603,0,-0.5344704178058137,-0.1898316471411512,42.172639132624795,0.03951384495002726,0.011130093628543595
2026-09-20 08:08:00,25.828277298393505,29.38064712112494,1.4461284494700781,134.28191609286765,176.08334036056996,-0.005617384915953169,-0.007594622500676784,0.05684624996311891,-68.20885515056474,0,0.25701783247266263,-0.24709236665552936,41.801424267702316,0.057625770616028735,0.009480366537190268
2026-09-20 08:09:00,25.471901631861563,29.451685281297824,1.6856862712423666,128.74169574202435,177.03903331660146,0.029979169253350632,0.02153329303004543,0.04756097051399158,-67.28426542283529,0,-0.3563756665319424,0.07103816017288267,48.297337574577114,0.06020364784688403,0.009732231198783704
2026-09-20 08:10:00,25.88382296148757,28.958370555350676,1.428487454287438,132.26946506294829,169.97287585801587,0.018656777847244743,0.0035082728365282275,0.04716978394461072,-68.46656519226082,0,0.4119213296260078,-0.49331472594714754,37.70341079506758,0.05084655204945779,0.009721614550853894
2026-09-20 08:11:00,25.591589567253962,28.94035411243447,1.6146301233012186,124.2578197882376,172.81062733582894,0.0014472077981676895,0.0069413254440055415,0.04990943736377019,-68.68789303378284,0,-0.29223339423360883,-0.018016442916206188,48.55280754759134,0.050410597569348216,0.008773745109787106
2026-09-20 08:12:00,25.115480962711324,28.716622154962856,1.6691458937087542,131.97835372334083,170.353621362304,-0.03258418078160107,-0.029146095379710718,0.041298235298746,-66.10524043233954,0,-0.47610860454263815,-0.2237319574716139,38.37526763896318,0.06013957059941354,0.008836233235785201
2026-09-20 08:13:00,25.37193253821954,28.719897606892854,1.505055728083257,127.58815475581756,170.6264439238972,0.006880002126100718,0.008469166636607798,0.06553247186688754,-68.85430126005787,0,0.2564515755082155,0.0032754519299977858,43.03828916807964,0.06643467529655118,0.010352907724771517
2026-09-20 08:14:00,24.97916037436347,28.40558645560849,1.7254802955738973,130.9220368501239,175.7726659551389,0.013961669298353364,0.010608469279504758,0.06298193911696612,-67.94998176448607,0,-0.39277216385606906,-0.3143111512843646,44.850629105015,0.0653773086398026,0.01118207324859099
2026-09-20 08:15:00,25.15765765395295,28.3961064148238,1.646906360897098,129.25674274528086,167.21875816655873,-0.05509043256796746,-0.007966772453775054,0.06618106783047688,-67.15564478965517,0,0.1784972795894788,-0.00948004078468756,37.96201542127787,0.0864775055320063,0.013144014315219861
2026-09-20 08:16:00,24.725097653797302,28.16849611355516,1.513806728390143,133.9612420293515,170.57056928665452,0.00503738896636051,0.04170059352521383,0.056834172312388916,-68.24664472501718,0,-0.43256000015564666,-0.22761030126864057,36.60932725730302,0.07067133740341859,0.012825533135861865
2026-09-20 08:17:00,24.854139701171622,27.972712671617654,1.2739112049229526,127.37669305498025,170.93615376788986,-0.008333839735914709,-0.045784545283681304,0.04970521884978063,-66.49250277824717,0,0.12904204737431968,-0.19578344193750752,43.55946071290961,0.06809028016157638,0.01054379848752793
2026-09-20 08:18:00,24.92699368078513,27.892929366034384,1.5292330243175054,131.8828188926855,172.2099265615203,-0.004417085602591031,0.015687342715410925,0.06614729303006886,-67.26752538723309,0,0.07285397961350881,-0.07978330558326974,40.3271076688348,0.06812538250826317,0.010401530173516756
2026-09-20 08:19:00,24.535143210960484,27.661267415991446,1.6419282564131317,129.1614776101104,170.37144018069847,-0.018147619055266413,0.014256096099097242,0.04319033164087021,-66.10123396901893,0,-0.39185046982464655,-0.23166195004293755,41.20996257058806,0.048969144372861144,0.01148838215088518
2026-09-20 08:20:00,24.27662209626411,27.414716608505383,1.6605788460895003,129.52508356597102,171.02685833237683,-0.002963785808072839,0.010831658639988237,0.041287910209669876,-65.97112269640334,0,-0.25852111469637507,-0.24655080748606295,41.501774766405816,0.042787853237702025,0.01269781026413598
2026-09-20 08:21:00,24.29171773588291,27.641284543896422,1.2241309517969567,129.44843832052237,169.9585560418791,0.027839831523626627,0.0035242541127724603,0.04398488485230141,-66.58127460036721,0,0.015095639618799339,0.2265679353910386,40.51011772135672,0.05217419555475219,0.012518390889486116
2026-09-20 08:22:00,24.271160273523712,27.152835972876026,1.4486189039812145,127.46298068651767,171.7037073252887,-0.008927969976310313,0.01101358645250075,0.05522871266914299,-64.39947127829663,0,-0.02055746235919642,-0.4884485710203954,44.24072663877102,0.05701945665766521,0.012633872434759063
2026-09-20 08:23:00,23.555967184195,26.82374456999377,1.6643844301656876,129.95770310228,170.99094102676617,0.019311471175863675,0.017363509591117876,0.04237894806612327,-66.53962846002793,0,-0.7151930893287108,-0.3290914028822556,41.03323792448617,0.04970311482682176,0.013168094619775342
2026-09-20 08:24:00,23.78771636734688,26.809489022790732,1.4084851962391036,129.81205533363453,173.51549890415225,-0.016126624377592207,-0.01451775167663988,0.04844627011782002,-64.2835169277436,0,0.2317491831518801,-0.014255547203038788,43.70344357051772,0.05308365300061133,0.013281133888347207
2026-09-20 08:25:00,23.921906213914546,26.620079709691865,1.421548478916731,130.7237207452202,172.20537607220882,0.015175123853120778,0.0059839124436017925,0.03398144706115224,-64.21115985904224,0,0.13418984656766497,-0.18940931309886722,41.48165532698863,0.03769390317359214,0.011144209268929743
2026-09-20 08:26:00,23.512049689606634,26.688098109320844,1.8933186966147713,130.2535154370786,174.44153440908116,3.311711243902465e-05,-0.0036663368404660783,0.054810976654282445,-63.3662369465553,0,-0.4098565243079122,0.06801839962897915,44.18801897200257,0.05493347143925268,0.00967294601528514
2026-09-20 08:27:00,23.167238293370346,26.50252053860236,1.4918914105593626,132.3939836488367,174.43461894665367,0.007040496575785612,-0.021875368004510173,0.03482896632816891,-64.71313750199306,0,-0.3448113962362882,-0.18557757071848258,42.040635297816976,0.04172717595111273,0.008727717038359636
2026-09-20 08:28:00,23.148918568865597,26.38189418119841,1.455914917406969,132.7705258481421,177.60607870740677,0.00014306512194975043,0.014343399492265792,0.040678389451346386,-65.42663656533063,0,-0.0183197245047495,-0.12062635740395322,44.83555285926465,0.04313333913551393,0.006435971646079689
2026-09-20 08:29:00,22.897439526274912,26.184054341142282,1.5855592382704207,126.8481300345166,176.15844590452065,0.01283250464882417,-0.011287208493680667,0.062171671348966444,-62.31462366162414,0,-0.25147904259068454,-0.1978398400561261,49.31031587000405,0.06447783316354393,0.008269910649385138
2026-09-20 08:30:00,13.533367574475168,26.080058737024487,-4.6693960448605445,132.6063175017723,0.0,-0.051351702358675165,-0.029957173495589344,0.06180318316986111,-64.48371491158667,0,-9.364071951799744,-0.10399560411779518,-132.6063175017723,0.08575583378934758,0.013684660395185021
2026-09-20 08:31:00,12.59637148141276,25.96624362803591,-4.782379270219386,126.44099071867043,0.0,-0.02839650626915139,-0.01078221321403298,0.05374313089546498,-64.72605542270375,0,-0.9369960930624082,-0.11381510898857528,-126.44099071867043,0.06173282602095828,0.013877741590510922
2026-09-20 08:32:00,12.628430713050752,25.89943116938847,-4.755308895079756,131.76356766441322,0.0,0.008341609960172894,-0.01597797796186261,0.05275663581735231,-63.87334662703273,0,0.032059231637992625,-0.06681245864744056,-131.76356766441322,0.05575070276904286,0.013862267568157198
2026-09-20 08:33:00,13.28197038752637,25.904593912502513,-4.642611619934446,131.8592163541086,0.0,-0.04087076707792472,0.020569580183802207,0.044690403528457406,-64.44543428443156,0,0.653539674475617,0.005162743114041746,-131.8592163541086,0.06395904469277354,0.014012185548478422
2026-09-20 08:34:00,12.41063571918546,25.777858780429366,-4.178243226069484,124.26604932501249,0.0,-0.010611607112944186,0.003063862811161553,0.04227096336257799,-62.72844070529914,0,-0.8713346683409089,-0.12673513207314713,-124.26604932501249,0.04369013394858749,0.014550673583918863
2026-09-20 08:35:00,12.860548224640837,25.72747502978518,-4.519309588911295,130.27893773958823,0.0,-0.001086816820732995,0.0276476549137988,0.04637758302242621,-63.66321776757803,0,0.44991250545537653,-0.050383750644186875,-130.27893773958823,0.05400420539213929,0.013212267689278474
2026-09-20 08:36:00,12.509050843147152,25.67095070610113,-4.73547415430783,128.59451165991905,0.0,-0.016562802752257934,-0.013331124624660918,0.034863458255376824,-63.161474847031094,0,-0.3514973814936848,-0.05652432368404803,-128.59451165991905,0.040835107937813094,0.014165205091647341
2026-09-20 08:37:00,12.187657236222236,25.663539568366243,-4.325877001708466,127.72370422619387,0.0,-0.013831228053875473,0.01748339743792999,0.052524485549536634,-61.7374085184219,0,-0.32139360692491614,-0.007411137734887774,-127.72370422619387,0.05705956219332928,0.013312098312681785
2026-09-20 08:38:00,12.461095723228496,25.568784201225387,-4.847494328655817,134.052556992097,0.0,0.005431644003071847,0.056792458296158255,0.0504883112480841,-61.92861785141801,0,0.27343848700625983,-0.09475536714085564,-134.052556992097,0.07618369673742799,0.013576001188855422
2026-09-20 08:39:00,12.28461510498508,25.55165729818423,-4.819960696484444,128.03896257808773,0.0,0.020185899115596186,0.007120649342542805,0.04066578733289734,-62.40083817594578,0,-0.17648061824341532,-0.017126903041155828,-128.03896257808773,0.04595520024511824,0.014198762099177432
2026-09-20 08:40:00,12.724515565106074,25.621493331374495,-4.590867886590447,127.58086921264585,0.0,-0.019168987625096154,0.017232977246463055,0.06568681918841358,-62.12759203496616,0,0.4399004601209935,0.06983603319026344,-127.58086921264585,0.07056333188306474,0.011517050161113877
2026-09-20 08:41:00,11.770670995199398,25.43404372055597,-4.363333474771405,130.22708482001528,0.0,-0.011501163923747405,0.013870353284508124,0.05606913710287048,-62.1870027497387,0,-0.9538445699066767,-0.18744961081852551,-130.22708482001528,0.058893222082837864,0.011421272251468936
2026-09-20 08:42:00,12.257035069141859,25.424014219915247,-4.683265177090417,132.05676923889524,0.0,-0.014625219466540898,-0.028441506548516533,0.05691841804008857,-62.55064420646626,0,0.48636407394246106,-0.010029500640722944,-132.05676923889524,0.06528799775900679,0.011728253983011132
2026-09-20 08:43:00,11.798394064719204,25.411100880364007,-4.625176135775815,129.5750542419696,0.0,-0.048427595037545575,0.011716345949349014,0.04512660073960835,-62.06223873476612,0,-0.4586410044226543,-0.012913339551239744,-129.5750542419696,0.06722287421583041,0.011966540405559273
2026-09-20 08:44:00,11.363391200999416,25.57906413531367,-4.440383086666849,133.49911163700776,0.0,0.0028342358063501746,0.0061291264129913784,0.049986699219736766,-61.52950023482536,0,-0.435002863719788,0.1679632549496617,-133.49911163700776,0.05044074922200163,0.011239845132961343
2026-09-20 08:45:00,11.672449566328721,25.417316089220243,-4.986018361764181,131.59292698589226,0.0,0.018694354916569844,-0.005194947667966184,0.05627372670187423,-62.12781387430534,0,0.30905836532930486,-0.1617480460934253,-131.59292698589226,0.059524773867162394,0.011121555154980558
2026-09-20 08:46:00,11.475895551940674,25.701472125895698,-4.666597181410758,123.4653660408057,0.0,0.020332864146317645,-0.017680727484097613,0.05152782367100236,-61.584003816083865,0,-0.1965540143880471,0.28415603667545497,-123.4653660408057,0.0581476577432784,0.009111546797983844
2026-09-20 08:47:00,11.193507889770048,25.70732203196022,-4.909297833817615,128.41159910947897,0.0,-0.017415327528814778,0.013879664806540742,0.06601900784769872,-62.863355030075155,0,-0.28238766217062583,0.005849906064522514,-128.41159910947897,0.06967386974520882,0.009385557894875583
2026-09-20 08:48:00,11.142855264331432,25.904827330681723,-4.50813013777345,128.3144737019449,0.0,-0.025033960970402853,-0.019448074792212427,0.04796212430583249,-62.674130773961636,0,-0.05065262543861593,0.19750529872150224,-128.3144737019449,0.05749167055251804,0.008055950646516577
2026-09-20 08:49:00,10.768245354592757,25.807106176706494,-4.66091861958727,131.43808286028826,0.0,0.0004321109518336931,0.04267291209363794,0.0449543946776389,-62.86844230145495,0,-0.37460990973867503,-0.09772115397522896,-131.43808286028826,0.061984366958604764,0.00627880008815837
2026-09-20 08:50:00,10.588656882705306,25.9463446925393,-4.053079470503961,122.12554883087766,0.0,0.016585473731329344,0.002283381669762567,0.05634252876471427,-62.783028262639476,0,-0.17958847188745075,0.13923851583280467,-122.12554883087766,0.05877731125481224,0.005539355969416075
2026-09-20 08:51:00,10.958446900261505,26.180309114439368,-4.8672703105066875,137.64702912615317,0.0,0.003097008966207679,-0.024466140955730072,0.03735352727713488,-61.03379991922668,0,0.36979001755619834,0.23396442190006894,-137.64702912615317,0.0447601331303436,0.007514852574922937
2026-09-20 08:52:00,10.563293273892308,26.3163976982711,-4.780584227777383,131.59307828468263,0.0,0.0057860927174752256,-0.010279925566566777,0.059242969323081124,-61.71661978287105,0,-0.39515362636919704,0.13608858383173228,-131.59307828468263,0.0604060026222966,0.007238361347658519
2026-09-20 08:53:00,10.512395578083163,26.228158654757856,-4.65844925441556,130.44663041175306,0.0,0.022836618554724672,-0.0055626867657963455,0.03699288199408017,-63.65900834515609,0,-0.050897695809144494,-0.0882390435132443,-130.44663041175306,0.043828392045525716,0.00797236958903508
2026-09-20 08:54:00,10.532814721762783,26.440011528577912,-4.745912200209859,133.54470314925743,0.0,-0.01478273118461407,0.048247533078476915,0.056385846660585506,-62.30079494056163,0,0.020419143679619722,0.2118528738200567,-133.54470314925743,0.07566846960964882,0.009654727022632464
2026-09-20 08:55:00,10.447793877831277,26.58394629340763,-5.228315188895558,137.0309621584379,0.0,-0.0043994017334605985,-0.01769177893618993,0.04351726445827338,-63.300780769894004,0,-0.08502084393150611,0.14393476482971934,-137.0309621584379,0.04718162866488071,0.010348029089354173
2026-09-20 08:56:00,9.86599829050941,26.730962772365487,-4.194085097338922,132.6122399337652,0.0,0.03269211023522403,-0.0023243452650277443,0.05476584146983393,-63.778992377206066,0,-0.5817955873218672,0.1470164789578554,-132.6122399337652,0.06382377334851082,0.010523887577727884
2026-09-20 08:57:00,10.61483659205382,26.812236985534046,-4.640541485287292,132.84643928941486,0.0,-0.003936222461952539,-0.01075656739730045,0.05907342946061018,-64.78196694585642,0,0.74883830154441,0.08127421316855887,-132.84643928941486,0.06017364587325861,0.00979241088799258
2026-09-20 08:58:00,10.207348715739602,27.116690345718236,-4.614857983873809,130.39207007339314,0.0,-0.025346739319331426,0.009985169711633286,0.05153421195503919,-62.53575338282841,0,-0.40748787631421735,0.30445336018419056,-130.39207007339314,0.05829181597891049,0.009796424756846285
2026-09-20 08:59:00,10.060357100355128,26.95413277171385,-4.504660872426396,129.57542273989915,0.0,-0.013387121925005897,-0.01043766827410089,0.0380037904835932,-65.093337215244,0,-0.14699161538447392,-0.16255757400438497,-129.57542273989915,0.04162268664509771,0.010820883993798942
2026-09-20 09:00:00,22.129253801550924,27.95788697651989,1.9091705126506113,128.5726136679853,178.05668653091743,-0.018763597024424844,-0.022781133322794207,0.041032247554928486,-62.05196317800988,0,12.068896701195795,1.0037542048060395,49.48407286293212,0.05054401990517636,0.010853051081570463
2026-09-20 09:01:00,22.27087933516717,28.211336310585775,1.7832262247578718,127.52166402485638,178.2390978368904,0.007143251714025412,-0.0039058915959239737,0.04271340858966218,-62.956721885623196,0,0.14162553361624575,0.2534493340658841,50.71743381203403,0.04348237927662726,0.010988835320940428
2026-09-20 09:02:00,22.629452473434224,28.37806903775072,1.7592625283900447,127.93895770090151,180.73325885877068,-0.017918940071775576,-0.005987876866644862,0.031049931064022263,-61.2657263582413,0,0.3585731382670545,0.1667327271649448,52.79430115786917,0.0363461318677314,0.012127538079130869
2026-09-20 09:03:00,22.75914763153968,28.63194923004913,2.2174493124217647,125.94833210697105,184.67998901137892,0.005420685057224892,-0.01184488755248027,0.06127477858731929,-62.42761456118201,0,0.12969515810545573,0.25388019229841063,58.73165690440787,0.06264410330227041,0.012161823629637004
2026-09-20 09:04:00,23.010031191879126,28.778616017178965,2.0781438776024954,129.77238564794493,185.80043351383867,-0.014721304370812996,-0.01077620717794235,0.051101075857563294,-62.29959181657613,0,0.2508835603394459,0.14666678712983483,56.02804786589374,0.05426014557039534,0.009515807464453872
2026-09-20 09:05:00,23.394914008736347,28.78943257945966,2.0121087286791113,124.94599726832084,185.82042622623663,-0.04246757076796456,0.023693915957620063,0.038644819548110054,-62.35740506314854,0,0.38488281685722114,0.010816562280695052,60.874428957915796,0.06211536281987597,0.009869284319395849
2026-09-20 09:06:00,23.447168191336647,29.103532980124687,2.3025166485311392,130.57274957243112,187.09661630764634,0.006132395739638442,-0.006394804285350087,0.06455674857458357,-62.06468197939309,0,0.05225418260030068,0.3141004006650263,56.52386673521522,0.06516190287182738,0.010035046677746596
2026-09-20 09:07:00,23.323445363723238,29.053375527012253,2.1152248812193766,129.89100817587297,187.4745334466068,0.0029692736309377783,-0.022682553249568655,0.04298671899861837,-62.483101456521716,0,-0.12372282761340969,-0.05015745311243336,57.583525270733844,0.04869468983452998,0.009836862768733903
2026-09-20 09:08:00,23.220803022411552,29.364105115607437,2.126313580431714,130.44080589516005,185.89059771854932,0.010355156314176814,-0.009242319275997125,0.052505724890748715,-62.68561140663027,0,-0.10264234131168593,0.3107295885951835,55.44979182338926,0.05430930743614296,0.00964684324763646
2026-09-20 09:09:00,24.240201516346275,29.59265843132969,2.4306523523817942,128.43360528994003,188.69711418562272,-0.013459744383305133,0.001086713189307852,0.04174729454803798,-63.323335368633316,0,1.0193984939347231,0.22855331572225168,60.26350889568269,0.04387689900734065,0.009402786901637008
2026-09-20 09:10:00,23.84638514241268,29.66741891835984,1.8181258995184237,139.23058111054152,190.0155288985343,-0.015590889507187532,-0.02672539273102708,0.029817398466709725,-64.55749264109292,0,-0.39381637393359625,0.07476048703015081,50.78494778799279,0.04296975335716403,0.009840809955104328
2026-09-20 09:11:00,23.948816691714477,29.683951638978577,2.075544278528986,134.08034770054093,190.4206562602415,0.008029337169630913,0.03251955920012797,0.0363555944114874,-64.29314458513771,0,0.10243154930179799,0.016532720618737784,56.34030855970056,0.04943400884984767,0.009483165907875518
2026-09-20 09:12:00,23.73755184825081,29.760212350071594,2.4988570585182135,126.26637249974583,191.69821760262155,0.03038039145061962,0.017351589550125442,0.04551509569133569,-62.660613343714935,0,-0.2112648434636668,0.07626071109301691,65.43184510287573,0.05740792436937908,0.00781740727016504
2026-09-20 09:13:00,24.52228755453779,29.75257905265867,2.010512972036181,130.6986042622807,191.05218954857406,0.00022336019012655366,0.02860345487237559,0.058982968712060484,-63.90066178800684,0,0.7847357062869804,-0.007633297412922957,60.35358528629337,0.06555301761550315,0.008215187079940331
2026-09-20 09:14:00,24.621536730136896,30.04007462302745,2.2387179091327623,128.17598157118803,190.55739371496776,0.0084917019209429,0.007842562509753652,0.053465331468192455,-64.48435373839341,0,0.0992491755991054,0.2874955703687796,62.38141214377973,0.05470060746680268,0.008215663960170294
2026-09-20 09:15:00,24.272020559218493,29.99215573922265,2.3522057717157883,126.95656081987775,192.1152503426734,-0.006431753688514145,-0.04187394900260201,0.051402051261712454,-65.45976105723224,0,-0.3495161709184025,-0.04791888380480103,65.15868952279564,0.06661055422749419,0.008786501224620083
2026-09-20 09:16:00,25.005406576238045,30.10967458316367,2.0931779227093474,125.97978378662819,189.94269351191693,-0.030872610437473694,0.03070667433277027,0.029899723772551182,-66.01393442018139,0,0.7333860170195514,0.11751884394102063,63.96290972528874,0.05282055854946713,0.008013291540568198
2026-09-20 09:17:00,24.85566404435074,30.145498823919784,2.4941076695130424,131.29665007227777,188.15289880206925,0.019348588383081157,-0.017271367194197855,0.06270086147680096,-65.24264647482849,0,-0.14974253188730557,0.03582424075611357,56.856248729791474,0.06785326835980489,0.008937177432432898
2026-09-20 09:18:00,25.94040214069654,30.284058481652398,1.9134157072337745,127.95585929479128,189.41234238089442,0.018168284781723238,-0.015643734880041976,0.05223679696495556,-63.89973554095164,0,1.0847380963458022,0.13855965773261403,61.456483086103134,0.057476046924478275,0.008944290806245307
2026-09-20 09:19:00,25.082853661530233,30.38247292953351,1.7071548448049123,132.90347807207561,187.97319558726124,0.014215480503503882,0.0031265028791088723,0.0488058233010784,-65.59468022798376,0,-0.8575484791663079,0.09841444788111176,55.06971751518563,0.05092998423615172,0.008134931558879817
2026-09-20 09:20:00,25.23532593957225,30.457206211524852,2.2186049963806,132.9813466435913,187.74261771830805,-0.0036389087668483727,0.02756459693340299,0.06132423109988896,-64.88668511880168,0,0.15247227804201557,0.07473328199134244,54.761271074716745,0.06733282989082669,0.007202147291698663
2026-09-20 09:21:00,25.207260035099758,30.403573661429753,2.0791287204958566,134.12174315563436,188.34305632505772,0.011941121994770813,0.021065742679047993,0.06247496723568274,-66.13779799634644,0,-0.028065904472491354,-0.05363255009509871,54.221313169423354,0.06700356289193506,0.006733834845460829
2026-09-20 09:22:00,25.948192396558333,30.59338688047716,1.9039957684473547,127.44283970177769,186.50012419619597,0.017875235947756613,0.018125622403520416,0.061545902476091915,-65.13972768282764,0,0.7409323614585759,0.1898132190474051,59.05728449441828,0.06660300563262583,0.006850690573131604
2026-09-20 09:23:00,25.539223022702657,30.477425334524252,2.100566096963662,131.42609683207604,186.8411290624891,0.03240317369913415,-0.0062365410574910666,0.04752913503296713,-66.36879761543643,0,-0.4089693738556761,-0.11596154595290642,55.41503223041306,0.05786085712396641,0.006800201515145375
2026-09-20 09:24:00,25.510682097739256,30.42016176427721,2.1175000826307855,131.8973626499269,182.96740247160395,0.01977052209294884,-0.006552150521842235,0.039965234392158044,-67.48032475519193,0,-0.028540924963401437,-0.05726357024704143,51.07003982167706,0.04506688562912671,0.008296769034382277
2026-09-20 09:25:00,26.00802498039851,30.511149121103756,2.0594417949483654,128.5774654746881,186.41130885578545,0.001276424500672778,0.006918873359601332,0.059889229171420734,-66.74012256383429,0,0.49734288265925386,0.09098735682654535,57.83384338109735,0.060301076597512514,0.007967847440485527
2026-09-20 09:26:00,25.440126861044813,30.66340507181221,2.5723624564834062,127.68468412782137,185.1574246689391,-0.026165065108487432,-0.002601416825670654,0.036349455569295835,-64.84968752004681,0,-0.5678981193536963,0.15225595070845444,57.472740541117716,0.04486268964090852,0.009017847536026804
2026-09-20 09:27:00,26.09042659518132,30.468135133849,1.3627254786433216,134.8285619973279,182.63962154020192,0.0031131659534348217,0.017786358146587064,0.06947256738664283,-65.09463655261737,0,0.6502997341365067,-0.1952699379632108,47.811059542874006,0.07178080493881298,0.009539507350644644
2026-09-20 09:28:00,26.476218834934098,30.355086280973556,2.066832019744238,130.68248762719617,184.66837283842386,0.005131547916986155,0.01660235328990453,0.050279995451945635,-66.58574111647026,0,0.385792239752778,-0.11304885287544408,53.985885211227696,0.053198203554582574,0.009706005843542738
2026-09-20 09:29:00,26.140834314000884,30.184754091140523,2.1032960356462627,131.9079032521352,184.26763356739295,0.01418059550636608,0.01182682642345411,0.03939115744300416,-67.38270431724521,0,-0.33538452093321425,-0.170332189833033,52.359730315257735,0.04350432618562462,0.010592558936666333
2026-09-20 09:30:00,26.181349441294195,30.251302334967,1.9876369370119238,127.53377196451622,178.1960803518607,0.02707783718646851,-0.05051922563538758,0.037681314458433895,-67.09952904454572,0,0.04051512729331108,0.06654824382647817,50.66230838734448,0.06859506458056204,0.01072609808659136
2026-09-20 09:31:00,26.260153121829674,30.222380156552717,1.835850657055408,126.34214660043342,178.89035706720048,-0.0019030102411355858,0.0025597672735452807,0.037223951759439405,-67.22768301734023,0,0.07880368053547926,-0.028922178414283906,52.54821046676706,0.03736035922019022,0.011950116067402216
2026-09-20 09:32:00,26.511206820768678,30.07600381828931,1.7128518175129825,128.29165067652366,177.8779738661496,0.04201974379626223,-0.0021770776146540233,0.05140362906720843,-67.70786645700622,0,0.2510536989390033,-0.14637633826340846,49.58632318962594,0.0664283946586315,0.011931250349292469
2026-09-20 09:33:00,26.350428301821406,29.854702545724876,1.764357642021729,129.62793583783002,176.5427368563498,-0.035185740400811544,0.0033605120351906286,0.04993607679940213,-67.33196311597477,0,-0.16077851894727146,-0.22130127256443188,46.91480101851977,0.06117958102837703,0.012068255521642918
2026-09-20 09:34:00,26.098560158491782,29.833683606009792,2.030872278903529,126.80733997954795,179.10353866359517,0.008386837449232505,-0.015086492770928137,0.037640778264908074,-67.65036254655988,0,-0.2518681433296237,-0.021018939715084173,52.296198684047226,0.0414097753545596,0.012459449121256865
2026-09-20 09:35:00,26.20711120768655,29.95316855043459,1.7681393255246627,129.97046557404886,176.10451544555818,-0.015970407843680562,-0.026495718207984506,0.04643544213444098,-68.24040423692631,0,0.10855104919476588,0.11948494442479785,46.13404987150932,0.05579719792490866,0.012321632506647228
2026-09-20 09:36:00,25.629610045873246,29.832058051750924,1.99770020132424,124.9344844357945,175.04576588443024,-0.03814443999377606,0.009262769599500804,0.03632064613908658,-69.16523428918498,0,-0.5775011618133021,-0.12111049868366663,50.11128144863574,0.053478841975616524,0.011872786365689383
2026-09-20 09:37:00,26.077988889125397,29.473434914311014,1.3695851560691943,126.63985773259039,170.69391386210154,-0.004035487525983171,-0.007126026354641239,0.05589301805944173,-68.45496945949256,0,0.4483788432521507,-0.3586231374399098,44.05405612951115,0.056489776765114644,0.010404415029535187
2026-09-20 09:38:00,25.483533559394534,29.49587529930806,1.4951430686810099,132.01273374483063,175.15225715099126,-0.029143453968419133,0.011493859874151989,0.049454067338872865,-67.19953814113663,0,-0.594455329730863,0.022440384997047147,43.139523406160635,0.05854190379867893,0.010509950401691765
2026-09-20 09:39:00,25.60573213442599,29.170896151076644,1.1988700299188066,131.8113715608337,170.6438216184533,-0.0032285579606563366,-0.013418287553695424,0.04621597494082552,-68.01385125273701,0,0.12219857503145448,-0.32497914823141727,38.83245005761961,0.0482326690854859,0.010068459194504211
2026-09-20 09:40:00,24.712421054759755,29.283613194789023,1.4844728234832705,128.8243697038394,172.55184030745338,0.000695384961889135,0.028318212809853534,0.03711889269932473,-67.64473512254574,0,-0.8933110796662334,0.11271704371237945,43.727470603613966,0.04669279315069251,0.009053458963021462
2026-09-20 09:41:00,25.669878372343742,29.0170543629538,1.8253754530951165,126.94670707276914,172.3719827652723,0.022370828186718986,0.020021296851415266,0.04699844399777235,-68.17023081860806,0,0.9574573175839873,-0.2665588318352228,45.42527569250315,0.05576880866204635,0.007325941484281879
2026-09-20 09:42:00,25.259675863262988,28.932434525251416,1.703302859935027,126.91778934542197,174.00555946754145,-0.03015170269527875,0.005936542170917607,0.045852721186536737,-68.86896756688301,0,-0.4102025090807544,-0.0846198377023839,47.08777012211948,0.055198186098655795,0.006022293532252304
2026-09-20 09:43:00,25.68093872775533,28.507179925687453,1.9263898530617825,128.88019526217604,168.22069983426724,0.01816890331291545,-0.004265768267718944,0.05317726701209597,-67.95065632100942,0,0.4212628644923413,-0.4252545995639636,39.34050457209119,0.056357142878109945,0.005488795829452146
2026-09-20 09:44:00,25.351043398459982,28.584656575919695,1.199802683242491,131.93355547493587,164.4449549494632,0.0019616090055958805,0.01704817755596394,0.05167017978116961,-68.61831642955806,0,-0.32989532929534704,0.07747665023224215,32.51139947452734,0.05444534641719985,0.003759507034276114
2026-09-20 09:45:00,25.44952155596217,28.35203261378122,1.3622119775024997,132.78473707403296,170.59239791285643,0.02057698307219189,0.007850956304748118,0.057920601020793425,-68.54796724562223,0,0.09847815750218913,-0.2326239621384758,37.807660838823466,0.06196648908775026,0.004501813243246879
2026-09-20 09:46:00,24.657741885305118,28.2723326622164,1.6338689957856494,128.5104047935541,173.66411232668707,-0.008635023500622556,0.004771683758612097,0.04515423456494938,-66.10477391039032,0,-0.7917796706570535,-0.07969995156481957,45.15370753313297,0.04621944932487811,0.005247276531390023
2026-09-20 09:47:00,25.157409222311266,28.112134845693046,1.5131217402920207,126.53952272204565,172.47866013023787,-0.02664489173526891,0.02085730819119217,0.031395884978035055,-67.5631937368128,0,0.49966733700614796,-0.16019781652335396,45.939137408192224,0.04615928025999302,0.0056982505310498085
2026-09-20 09:48:00,25.3336096255136,27.860643110378525,1.404652028545619,130.803530913599,170.45767274219085,-0.024349986524317326,0.028530723088132804,0.059910928765980406,-67.70241558805088,0,0.17620040320233343,-0.25149173531452007,39.65414182859186,0.07068410987816517,0.00789174801853997
2026-09-20 09:49:00,24.780306298517583,27.628046614475664,1.7135149773641198,127.52939508812246,169.1922015024926,-0.02583614907334232,-0.02504822368971089,0.040639674869518194,-65.14718461220488,0,-0.5533033269960157,-0.23259649590286102,41.66280641437014,0.0542817030172222,0.007612776623313924
2026-09-20 09:50:00,24.630993279023514,27.601549711029236,1.579214146597942,128.4452420834164,172.02500244664324,0.009556283058413103,-0.021007682146996127,0.038930829469847446,-65.74212184074962,0,-0.14931301949406972,-0.026496903446428632,43.57976036322685,0.04525764839551515,0.007793501220767902
2026-09-20 09:51:00,24.28161417248415,27.35513179499241,1.0848413578091138,133.97582827131112,168.79476077731374,0.02953844044429399,-0.01560521450957596,0.04956883454886248,-66.70977169524322,0,-0.349379106539363,-0.24641791603682606,34.818932506002625,0.059775509552855224,0.007959560200913622
2026-09-20 09:52:00,23.904604853116247,27.114274195826177,1.2305838864690446,132.4813462856973,172.1181689815109,-0.011299030533104408,-0.030048491952871036,0.05302270512954517,-65.68249362533524,0,-0.37700931936790383,-0.24085759916623317,39.636822695813606,0.06198376576882431,0.008258683397228194
2026-09-20 09:53:00,24.116479876969983,26.953490254863205,1.4176147273575417,130.47392293675435,172.68826589609424,0.01258270596515567,-0.0012549705113830234,0.04469163594285318,-66.1100809748552,0,0.2118750238537359,-0.16078394096297188,42.21434295933989,0.04644611677673959,0.00875271960998163
2026-09-20 09:54:00,23.2576946478147,26.74598245013163,1.7365059705527492,126.18424299666184,174.39277493943788,-0.0304688411627124,0.012002329104890123,0.044613073185318736,-66.32506707757193,0,-0.8587852291552842,-0.2075078047315735,48.20853194277605,0.055341959531437765,0.008754163647637364
2026-09-20 09:55:00,23.401317430733084,26.69577826257283,1.9469218470847618,130.634189702412,178.46391682211825,0.00360642498354598,-0.00042836589904673246,0.04608973682234445,-64.91140187718528,0,0.14362278291838493,-0.050204187558801294,47.82972711970626,0.0462326036348634,0.008739245807622557
2026-09-20 09:56:00,22.808635559922465,26.71575275232423,1.2063377604149896,133.18797187236257,174.47216555563432,0.013371252326742534,-0.010682432832257914,0.06416540350993144,-65.46142103953594,0,-0.592681870810619,0.019974489751401592,41.28419368327175,0.06640861214927957,0.009254463374027388
2026-09-20 09:57:00,22.938815136175652,26.488138252613748,1.5289675415617223,128.87309900270338,173.47521732260864,-0.02896249550553737,0.022529155142583163,0.04997321912441868,-64.81169553233667,0,0.13017957625318743,-0.22761449971048364,44.60211831990526,0.06199767420640889,0.008871830555813752
2026-09-20 09:58:00,23.149610844423997,26.289046130427067,1.5020579792983835,134.05334226996015,175.30282958147845,-0.004077669379597091,0.002811128064134993,0.040320371605382044,-63.61668761850296,0,0.21079570824834448,-0.1990921221866806,41.249487311518294,0.040623419291812075,0.008752119309288636
2026-09-20 09:59:00,22.913308602310245,26.301542181544015,1.020574763379998,133.8782358685546,172.72308154191938,0.014318342809711304,0.006859659347326367,0.04042216643097033,-63.48020714315831,0,-0.2363022421137515,0.012496051116947626,38.84484567336477,0.04342834795557895,0.009343527285995466
2026-09-20 10:00:00,13.322561350387865,26.024746099557838,-4.987833888608654,134.99119849643043,0.0,-0.05867541294458954,0.0230846960979952,0.047491158204176306,-64.69910673546639,0,-9.59074725192238,-0.276796081986177,-134.99119849643043,0.07893742702754507,0.012027542580200485
2026-09-20 10:01:00,13.254671262926246,26.012871765829956,-4.811539471504168,130.91572937959407,0.0,0.026709061234034853,-0.002464838777022675,0.052378579340280076,-63.42648124771113,0,-0.06789008746161862,-0.011874333727881492,-130.91572937959407,0.05884696216378678,0.011999716734647939
2026-09-20 10:02:00,12.52870816779047,25.88958745052947,-4.864986042606459,131.76217509941804,0.0,0.007073587517820963,0.041204281452493614,0.054839801619661906,-64.81141612727367,0,-0.7259630951357767,-0.12328431530048789,-131.76217509941804,0.06895819234922312,0.012573514791129474
2026-09-20 10:03:00,12.868752958510125,25.898973631524864,-4.755999300459716,134.24256186499326,0.0,0.014334552954346855,-0.00895630007743532,0.051241586038472155,-63.013329406958775,0,0.34004479071965577,0.009386180995395677,-134.24256186499326,0.053957342959194965,0.012107138357646957
2026-09-20 10:04:00,12.65781399010333,25.58652840208688,-4.722904129443464,131.34218181120693,0.0,-0.008254385583895288,0.039958964090257995,0.04158126649082911,-63.10609422462138,0,-0.21093896840679527,-0.3124452294379836,-131.34218181120693,0.05825680574418318,0.012085193404146726
2026-09-20 10:05:00,12.542368726770713,25.59244397224163,-4.700210708971255,128.49629767662935,0.0,-0.03445444963130711,-0.01949470363824841,0.04576058700439217,-62.67857002345609,0,-0.11544526333261729,0.005915570154748195,-128.49629767662935,0.06050771762615047,0.011395042788897478
2026-09-20 10:06:00,12.794539328300965,25.457170249366754,-4.50920645649006,128.65437149041642,0.0,0.010681259126339033,0.01034969805760883,0.05733907881864624,-63.171435431770455,0,0.2521706015302527,-0.13527372287487438,-128.65437149041642,0.05923660613318929,0.01111258206482815
2026-09-20 10:07:00,12.22836181194944,25.54913565244714,-4.323801658660793,130.71566486132122,0.0,-0.0016518065083302414,-0.012850643376124743,0.03853908039546905,-60.62111610643437,0,-0.5661775163515248,0.09196540308038692,-130.71566486132122,0.04065867948728448,0.012341817844332111
2026-09-20 10:08:00,12.17479654104603,25.661111947434605,-4.176731401443126,126.12831573416135,0.0,0.0006423091086464123,0.02239132233962185,0.04534246606922538,-63.45361076921452,0,-0.05356527090341068,0.11197629498746409,-126.12831573416135,0.05057393702636521,0.011290097009744893
2026-09-20 10:09:00,11.598184280157255,25.46522776995099,-5.012062327766303,129.57022325390741,0.0,0.021752139703979073,-0.00956465215716857,0.05597462857881353,-61.444871037546974,0,-0.5766122608887745,-0.19588417748361664,-129.57022325390741,0.060809515679087434,0.010195977553068732
2026-09-20 10:10:00,12.00317581536431,25.451544313435612,-4.64492989732907,133.28964135469076,0.0,0.01524127747725196,0.005817423812881718,0.05875281426635177,-63.330163883481475,0,0.40499153520705455,-0.013683456515376946,-133.28964135469076,0.060975668452044864,0.00754564777287971
2026-09-20 10:11:00,11.631763092246079,25.587720754774693,-4.443684602530774,123.42623844650416,0.0,0.038424748341792256,-0.013010839920831392,0.04807084628908617,-61.69491400574092,0,-0.37141272311823137,0.13617644133908158,-123.42623844650416,0.0629011089212624,0.007745566088848927
2026-09-20 10:12:00,11.848762911728,25.61644343375593,-4.776234870904913,134.60344630538356,0.0,0.0030770845774699797,0.018744503473332286,0.04588793189429184,-61.54369916279712,0,0.21699981948192182,0.028722678981235816,-134.60344630538356,0.04966414353931654,0.0069913575320763996
2026-09-20 10:13:00,11.40733477638117,25.520835933555812,-4.842768130140991,133.36712265610947,0.0,-0.013824248755822345,-0.013115025212782787,0.0367788205855626,-62.00473620235605,0,-0.4414281353468308,-0.0956075002001171,-133.36712265610947,0.04142216053828901,0.008342502368582048
2026-09-20 10:14:00,11.593060439126994,25.62924416435663,-4.570078922326437,128.62070615250857,0.0,-0.003768336938174525,0.03366829689485337,0.05525639922727095,-62.515666270862006,0,0.18572566274582414,0.10840823080081918,-128.62070615250857,0.0648153086442019,0.008909161318646532
2026-09-20 10:15:00,11.389269900850843,25.494993859254357,-4.670796109486147,131.63017248361544,0.0,0.008313267450772125,-0.019919942139227806,0.0631877968514679,-61.8605168545812,0,-0.20379053827615046,-0.13425030510227387,-131.63017248361544,0.06677284014837641,0.009526205049815396
2026-09-20 10:16:00,11.807786532517186,25.793054149682273,-4.758984750781177,130.009443180719,0.0,0.020317130379859546,-0.026912558366562936,0.07565154058599692,-61.73676111288397,0,0.4185166316663427,0.29806029042791593,-130.009443180719,0.08282648838228389,0.012825807344117647
2026-09-20 10:17:00,11.33192029544859,25.93311197080398,-4.953915334754896,133.68997110531606,0.0,-0.029340679028774377,0.019031041561581724,0.05386446183518046,-60.23674976534583,0,-0.47586623706859577,0.14005782112170806,-133.68997110531606,0.06422177385888546,0.01133474462624464
2026-09-20 10:18:00,10.511075295630555,25.843484939818488,-4.8378837589635335,132.94804942830982,0.0,0.0001707523035833789,-0.011832872805270433,0.04949120348356019,-62.94257740811623,0,-0.8208449998180356,-0.0896270309854934,-132.94804942830982,0.05088639560261709,0.011304737884722825
2026-09-20 10:19:00,10.567874810675605,25.665864745618713,-4.445997712481896,125.79978783045097,0.0,0.032190833140767386,-0.0001447462689907123,0.04080189386849093,-62.690035294494976,0,0.056799515045049986,-0.17762019419977548,-125.79978783045097,0.051971773425915656,0.011621437604607696
2026-09-20 10:20:00,10.852955422979358,25.91085349484127,-4.585978847391452,131.76178724039252,0.0,-0.004804177420050404,-0.006444823076714417,0.031211430862568508,-61.93316133377773,0,0.28508061230375326,0.2449887492225571,-131.76178724039252,0.032229943866882035,0.014463545405182146
2026-09-20 10:21:00,10.451659863596934,26.129371313276962,-4.450155791641622,129.38311643907025,0.0,0.01862023709738209,-0.026252165343053805,0.051769592497398334,-62.57703475632802,0,-0.4012955593824241,0.21851781843569285,-129.38311643907025,0.060958839573177916,0.01438490948289276
2026-09-20 10:22:00,9.739964572115534,26.135935833876648,-4.750570065740322,130.2484977115543,0.0,0.009862350544320102,-0.00153987328276676,0.07350339120154303,-62.54269961371201,0,-0.7116952914813997,0.006564520599685153,-130.2484977115543,0.07417806741964302,0.015144668885001137
2026-09-20 10:23:00,10.941284371708015,26.423393746758048,-4.5080698114355435,127.81548429709055,0.0,0.0191172121304996,0.025298317899446043,0.06270812229656914,-61.51173339110798,0,1.201319799592481,0.28745791288140055,-127.81548429709055,0.07026934815511969,0.014131975335207558
2026-09-20 10:24:00,10.664935448051123,26.48064913176278,-4.637657024729429,135.2444112073625,0.0,-0.01619521083199865,0.02006274006611131,0.061165642691137986,-65.55855974039932,0,-0.2763489236568919,0.05725538500473348,-135.2444112073625,0.0663779650085267,0.014176203166488925
2026-09-20 10:25:00,10.524500436443665,26.48385684556265,-4.5211733588178795,133.12018545970773,0.0,-0.016108033401311613,0.004635855252518496,0.05245602817057916,-63.508147802263245,0,-0.1404350116074582,0.0032077137998669514,-133.12018545970773,0.05506900022165527,0.014227776297642299
2026-09-20 10:26:00,10.112599318160354,26.696823912880497,-4.575362517543486,127.7806865080811,0.0,0.0004054378424457613,0.02224536586070214,0.053595231602803224,-64.83897701798575,0,-0.41190111828331055,0.2129670673178481,-127.7806865080811,0.058029902056428606,0.011961951096539074
2026-09-20 10:27:00,10.357263997420342,26.7491112294017,-4.544049494247541,125.9961681792693,0.0,-0.030644435744806228,-0.021190371693883533,0.02576252681722023,-64.49204391703799,0,0.24466467925998714,0.05228731652120189,-125.9961681792693,0.04529703172008613,0.012429825852575765
2026-09-20 10:28:00,9.959685972903134,26.97029351806463,-4.563310228485095,128.84298210706646,0.0,-0.005394812132233155,-0.006509086578100127,0.05762510580763997,-61.10304758457618,0,-0.39757802451720714,0.22118228866293066,-128.84298210706646,0.05824195245151896,0.012275639418413059
2026-09-20 10:29:00,10.18261026926708,27.08764379603275,-4.919352492374979,131.30350793827392,0.0,0.005057533150313341,0.007916098814604164,0.04420659430424184,-63.13130593162411,0,0.22292429636394573,0.11735027796812147,-131.30350793827392,0.04519365267367668,0.012777111957795106
2026-09-20 10:30:00,21.723825032249056,28.117476180023303,1.7902130062694581,130.72061753183866,181.93079496918233,0.03569271213899545,-0.002608296536342234,0.04298272653404113,-61.0484350749419,0,11.541214762981976,1.029832383990552,51.210177437343674,0.055931097709224796,0.00954751880232724
2026-09-20 10:31:00,22.654803212249515,28.37814444299158,1.9243171774009111,133.75939847430473,183.47059561008072,0.008054363785396434,-0.004936466609531145,0.046767430469513926,-62.09094028968476,0,0.9309781800004586,0.2606682629682773,49.71119713577599,0.047711990435270475,0.01013919622257052
2026-09-20 10:32:00,21.92826267036276,28.189227723232207,1.9067554731505585,132.36975916654256,182.16400848987348,0.012504569417462046,-0.024012874646421906,0.046429955105489855,-61.28285648047932,0,-0.7265405418867559,-0.18891671975937285,49.79424932333092,0.05374684303471882,0.008331510548281112
2026-09-20 10:33:00,22.967437678747647,28.30435169836668,1.747415279276003,132.90870707725873,183.34983348142458,0.023289516941000118,-0.04162682777285423,0.04282364408028338,-63.85982724238831,0,1.0391750083848876,0.11512397513447326,50.44112640416586,0.06410194132856499,0.007286626252996126
2026-09-20 10:34:00,22.806352071585444,28.6342762356737,1.889197691302665,130.98056620183132,182.6588796322178,-0.019293151777901134,0.016357328498992723,0.05013872072175976,-61.126830749286185,0,-0.1610856071622031,0.32992453730701854,51.67831343038648,0.056157628304298164,0.006134423638782561
2026-09-20 10:35:00,22.842775738415497,28.666145172107512,1.9182844271068953,125.83210380936703,184.16210967398794,-0.003301653247419715,0.0048644314650445174,0.04441722403791947,-63.07651491877841,0,0.03642366683005349,0.03186893643381339,58.330005864620915,0.044804613589216946,0.0067535309739614295
2026-09-20 10:36:00,23.23218170315408,28.978167016138716,2.1930220948926227,129.4129044065593,186.8779670334926,0.048508251836077855,0.01803996756420186,0.051003229557561466,-62.89856813365479,0,0.38940596473858236,0.3120218440312037,57.4650626269333,0.07266237232028085,0.009145017690026907
2026-09-20 10:37:00,23.59159563197526,29.199673312770592,1.9726384458794386,133.180269219726,188.84994574671452,-0.0015824444476901741,-0.00874471884316749,0.035128221854499674,-61.990955150050375,0,0.35941392882117995,0.22150629663187615,55.669676526988525,0.0362348755860293,0.010494994203002183
2026-09-20 10:38:00,23.967697390242922,29.420430567054932,1.9822824647753141,129.84543121442607,186.89466835763324,0.022328614975644142,-0.014255557696551879,0.04785942229367983,-62.32589145908694,0,0.37610175826766223,0.22075725428434012,57.049237143207165,0.05470203171962681,0.010375499824816585
2026-09-20 10:39:00,23.83380504338498,29.431745639359118,1.9070702135206357,131.50927110587125,186.932890566572,0.019274757543462143,0.00013095933273268894,0.03903704410313749,-62.720313344984994,0,-0.13389234685794094,0.011315072304185492,55.42361946070076,0.04353647024066584,0.010528358518650046
2026-09-20 10:40:00,23.650493328838127,29.526608985189384,2.107850180603262,129.0437550542616,188.41576576579214,-0.029562274287753786,0.017083992972256327,0.04358550681502134,-64.34585942133114,0,-0.18331171454685347,0.0948633458302659,59.37201071153055,0.055366842796594096,0.010512159553672785
2026-09-20 10:41:00,24.107437952852372,29.475536108968857,2.167707422588541,126.91056445437447,190.11448709847258,0.006209585540118666,-0.004629044299753085,0.05143398843033531,-63.07477995677422,0,0.45694462401424474,-0.05107287622052681,63.203922644098114,0.05201386516652068,0.01036311102885962
2026-09-20 10:42:00,24.803607864578854,29.796008742167388,2.1602969436127815,129.62996780786168,186.4326812274052,0.002934949444104513,0.016035703686569716,0.03396002385245042,-62.41853172891235,0,0.6961699117264821,0.3204726331985306,56.80271341954352,0.0376701598220915,0.011478704264510593
2026-09-20 10:43:00,24.825049048597943,29.912566908339546,1.8536603482110314,130.92714232909796,185.04321994789746,0.006599175756808694,-0.02012616011186174,0.04177592622727863,-64.12732942078034,0,0.02144118401908912,0.1165581661721582,54.116077618799494,0.046838439914930696,0.010680904946131938
2026-09-20 10:44:00,24.849499792388073,30.072916340657304,2.4871816320371103,128.03293684161568,188.75342360090144,-0.0150822495958212,-0.003228942663397344,0.05568964384836334,-62.50540691533063,0,0.024450743790129792,0.16034943231775856,60.72048675928576,0.05778612943909386,0.010797026002547878
2026-09-20 10:45:00,24.965261146130054,30.032828651866833,2.3730656274384976,129.29286626543,187.53352501421222,-0.022338390238243182,-0.0014022828815606215,0.035868221581341994,-64.9267248487282,0,0.1157613537419806,-0.04008768879047153,58.24065874878221,0.04227882915980768,0.010964511681793932
2026-09-20 10:46:00,25.079259390780056,30.14548278950148,2.0287572077818985,127.18161027404206,188.97945563512044,-0.009520200000417027,0.0245277988784384,0.06777867140278808,-64.28773938837266,0,0.11399824465000208,0.11265413763464593,61.79784536107839,0.07270622685159908,0.0109746275841442
2026-09-20 10:47:00,25.35274807091413,30.116773178463035,2.0233463079643363,133.3577347526923,189.62108746688975,-0.0019558999416840576,0.004152547960318166,0.06204407956130647,-63.004111861323686,0,0.2734886801340757,-0.02870961103844394,56.26335271419745,0.062213640045848055,0.01043864072717102
2026-09-20 10:48:00,24.99631900279336,30.100968434229657,2.0025596315720473,129.1166327272359,188.8319794907359,0.02369968895200632,0.0349215503658839,0.04505472915547721,-65.4691883076965,0,-0.3564290681207716,-0.015804744233378187,59.71534676350001,0.061734257553259876,0.01083208154693423
2026-09-20 10:49:00,24.847136199424995,30.27442016190253,2.0064443913064585,134.35826663537856,192.36793594581562,0.03634621639451214,-0.026953695998949652,0.04212790312214937,-63.98362455098436,0,-0.1491828033683653,0.1734517276728731,58.00966931043706,0.06182482831087928,0.010556901448365179
2026-09-20 10:50:00,25.386584989452704,30.27281217198298,2.370493359451772,134.58624355162272,189.74646379746147,0.02793195692446356,0.0025983780882255936,0.05201939903335482,-63.31251828182132,0,0.5394487900277092,-0.0016079899195489133,55.16022024583876,0.05910130000356045,0.010635378158269421
2026-09-20 10:51:00,25.22441842634276,30.49729555451321,2.0626350122866848,129.75686210583476,189.2330423857104,0.017203704215636884,0.0035879607836089163,0.0355253774297284,-65.36369409802433,0,-0.16216656310994537,0.2244833825302308,59.47618027987565,0.039634496878962575,0.011738714987441775
2026-09-20 10:52:00,25.248323213632588,30.434645104170954,2.2989996546985125,126.97465380235795,189.3293783262827,-0.020086805245991796,0.012401863951737344,0.029978572751675675,-66.3056113662398,0,0.0239047872898297,-0.06265045034225736,62.354724523924745,0.038157578522428764,0.011663320545840645
2026-09-20 10:53:00,25.434972188065704,30.44442214731577,2.3024456702090013,123.7423063668,185.17938588620567,-0.00817792349978991,-0.016267198728977823,0.04540664875947434,-66.7897856165778,0,0.18664897443311546,0.009777043144815423,61.43707951940567,0.048920996911579244,0.011534605779743473
2026-09-20 10:54:00,26.473750521229007,30.40049270298624,2.0587657897687954,125.58388878091962,188.83285538035204,0.004198521048259956,0.03368892678821672,0.04865951233497809,-64.9438378062941,0,1.0387783331633038,-0.04392944432952817,63.24896659943242,0.059332280487205215,0.01159471068217498
2026-09-20 10:55:00,25.8367758676451,30.165263351128168,1.9702200959276102,125.87849552530402,185.83319286796865,-0.012648780761523499,0.00025927882943518394,0.0509442722435353,-65.1944752965952,0,-0.6369746535839091,-0.2352293518580737,59.95469734266463,0.05249169224446781,0.010813235175899992
2026-09-20 10:56:00,25.962805092577067,30.617880863332584,1.6288157425152523,134.13540888238452,186.49597495269705,0.011544113050559017,-0.02174135025869836,0.04385259383882116,-65.23437881545856,0,0.126029224931969,0.4526175122044158,52.36056607031253,0.05028919211508678,0.009056549055753966
2026-09-20 10:57:00,25.536184589205362,30.33459202491781,1.6721848023124855,130.34747376168085,182.130084336258,0.014409722165085754,-0.0003204998082723708,0.06273946729474948,-66.91735921882417,0,-0.426620503371705,-0.2832888384147729,51.78261057457715,0.0643737801393627,0.009313050586921433
2026-09-20 10:58:00,25.38867303231605,30.350129836725927,1.1826207780383844,131.16881357227595,180.24236396952693,0.010725801251309371,-0.006263230457602271,0.03504860341516117,-66.03446747772252,0,-0.14751155688931306,0.015537811808115976,49.07355039725098,0.037184344415370205,0.010126689499138987
2026-09-20 10:59:00,25.725136171214714,30.192011010223464,2.2763998956942695,123.33873697319463,184.02827260818987,0.020502692091151627,0.05566470284494658,0.03861737865041902,-67.29448489295757,0,0.3364631388986652,-0.1581188265024629,60.68953563499524,0.07078291785191264,0.011483141548744049
2026-09-20 11:00:00,31.42143862197884,29.37043660140827,2.402192997552838,146.40610071234823,182.1640191327937,-0.018091824274261478,0.02099887199050027,0.054866359561448114,-68.28648596824917,1,5.696302450764126,-0.8215744088151951,35.75791842044546,0.06147018905103743,0.011668240212007608
2026-09-20 11:01:00,31.849417696580385,29.038230237747637,1.6706521544601276,154.41123932933885,178.61170351561788,0.018656574081843954,0.0009932271141643476,0.03838352614362859,-66.42035857096116,1,0.42797907460154505,-0.3322063636606316,24.20046418627902,0.04268898377556278,0.01133615460381704
2026-09-20 11:02:00,32.67787293959934,28.68212537888828,1.3887680162042737,154.36032233714775,177.67693240317482,-0.013912909002403925,-0.0022383337039840927,0.03799679547802683,-66.03410942636091,1,0.8284552430189542,-0.35610485885935717,23.316610066027067,0.040525740477856335,0.011022022885663403
2026-09-20 11:03:00,33.459029925576296,28.457018048414575,1.696981454257648,154.8083841639432,180.67341262739706,-0.01881871905285771,0.0190211372496293,0.05123354792207164,-68.7935091086787,1,0.7811569859769563,-0.2251073304737048,25.865028463453854,0.057799864028757336,0.011031906698511177
2026-09-20 11:04:00,33.78925442787039,28.386558137172624,1.4571974209305956,158.69452707580038,175.06576519399704,0.010642322683727634,0.019977243206564292,0.039464773796839686,-68.89802037161411,1,0.3302245022940937,-0.07045991124195083,16.371238118196658,0.04549524864284761,0.011113589531731378
2026-09-20 11:05:00,35.10233346268776,27.925417761157686,1.398987337814763,163.65739341840745,179.77751362961573,0.024317471243979615,-0.05823099838641298,0.04866915572079313,-67.88444991733186,1,1.3130790348173704,-0.4611403760149386,16.120120211208274,0.07969237917991291,0.014092433619329622
2026-09-20 11:06:00,35.20554824374612,27.620484597616286,1.7590608665492766,159.83687260938885,173.77355409775572,0.009760269727520197,0.012859863094666676,0.04300143440342244,-67.01384888406034,1,0.10321478105836235,-0.3049331635413992,13.936681488366872,0.045932148923377845,0.014320807396342188
2026-09-20 11:07:00,36.516970519679965,27.24296068261755,1.7967060458092676,162.4581094079742,175.97842244213183,0.00041608047545088465,0.0005593308795725332,0.041383362966272604,-69.12872941102634,1,1.3114222759338432,-0.3775239149987364,13.520313034157624,0.04138923416050553,0.014421004175246553
2026-09-20 11:08:00,36.91789099759026,26.83914150554089,1.2919951191965018,164.5777907561939,173.22418413907485,0.006203076522030141,-0.026222876435739523,0.0289769460865506,-67.77204125325432,1,0.4009204779102973,-0.4038191770766595,8.646393382880945,0.03956994833715461,0.01416062183738682
2026-09-20 11:09:00,36.92912531374158,26.697749562195728,1.4718870790503222,172.92632890582198,174.32871327032495,0.0027285383613456023,0.01760428279248354,0.05139563152821337,-68.57281598230139,1,0.011234316151316648,-0.14139194334516247,1.4023843645029785,0.05439546520079543,0.01268559067389163
2026-09-20 11:10:00,37.912786861322566,26.425730077821992,2.0068559554279313,161.20193120674293,171.3437470426923,-0.02251901792270788,0.044923760271165306,0.03752810007887071,-67.24419291430824,1,0.9836615475809865,-0.272019484373736,10.141815835949387,0.06271848771003734,0.012806769098177783
2026-09-20 11:11:00,38.26396791467187,26.177489224597142,1.789153570790372,171.29966904436642,171.4916430772113,-0.024852402898898306,0.011135918936555616,0.048317577964694804,-68.68510211239955,1,0.3511810533493076,-0.2482408532248499,0.19197403284488246,0.05546385274018627,0.012517202018401107
2026-09-20 11:12:00,39.80182210643376,25.512620721939797,2.06270266793622,170.6555932537228,171.36608062665556,-0.0015765175894690959,0.022008568845137286,0.04487895101651435,-67.03756706159821,1,1.5378541917618875,-0.6648685026573453,0.7104873729327608,0.05000982658102053,0.011868602264523822
2026-09-20 11:13:00,40.09017453695327,25.291179627703407,1.1458032751967178,174.45031517855253,168.83396572094253,0.0015971367153860756,0.03608238183928807,0.04793491941300117,-67.87024141695531,1,0.28835243051950954,-0.2214410942363898,-5.616349457609999,0.06001871061606319,0.011983369105857575
2026-09-20 11:14:00,40.06548288329343,25.008818756671563,2.134049285776515,172.52788233801581,171.9656279519451,0.00022664756735468164,-0.016605243014401035,0.0485032462598674,-68.53300105248975,1,-0.024691653659843382,-0.2823608710318446,-0.5622543860707196,0.05126743959310279,0.0116921149986382
2026-09-20 11:15:00,41.47501685206758,24.727451935292347,1.3343432502618569,176.10310490742464,169.19827169040585,0.013522032272998266,-0.03715142890333834,0.051936282509182634,-67.39798811659179,1,1.4095339687741557,-0.28136682137921554,-6.9048332170187905,0.06527213392578367,0.008678438919041942
2026-09-20 11:16:00,41.821671569990386,24.372636385984475,1.2197804230163558,180.1342317383965,169.60589013298534,-0.004309534323286798,0.013137321266190036,0.04272240698508557,-69.24838383374808,1,0.346654717922803,-0.3548155493078724,-10.528341605411157,0.04490395700530149,0.008771852079571828
2026-09-20 11:17:00,42.15075165465338,24.033479197314534,1.089462263261656,189.08873060313152,168.01206867514196,0.011259583638097119,-0.004952230728829021,0.062426964792733686,-67.70220230398353,1,0.32908008466299066,-0.33915718866994027,-21.076661927989562,0.06362726417290054,0.008454992711486822
2026-09-20 11:18:00,43.705242473295215,23.744874247288045,1.0439298055329962,183.9241085682062,164.91368659405097,-0.002891735346528957,-0.02748346904743086,0.03152599939144424,-66.62352979226618,1,1.5544908186418382,-0.2886049500264889,-19.010421974155236,0.04192364299324186,0.00800714021641407
2026-09-20 11:19:00,43.83324456836699,23.272800267307343,1.5918665117953004,180.70580320590847,169.79341834855634,0.03646717924072932,-0.001563398722715864,0.04773408881472771,-68.53689907561768,1,0.1280020950717784,-0.4720739799807028,-10.912384857352123,0.060090287171172534,0.008163508288543798
2026-09-20 11:20:00,44.30585915572183,23.116994237034657,1.3969583889762023,183.72872095393188,175.23598809659444,0.0016142745345289334,0.014550947475812403,0.05836230976410868,-69.12824372925928,1,0.4726145873548404,-0.1558060302726858,-8.492732857337444,0.060170550568516945,0.007951203423534045
2026-09-20 11:21:00,44.860907435269866,22.72949248910287,1.5119389109326808,185.38975767484843,172.31106175251873,0.046814452230513545,-0.002979433295287199,0.05476772553002604,-68.67762978955454,1,0.555048279548032,-0.38750174793178616,-13.0786959223297,0.07211084329098064,0.009572531421756618
2026-09-20 11:22:00,45.108021646538525,22.319569464766133,1.9183258112016122,183.11307048210995,171.1269326833297,0.007040231821817287,-0.015736552614700746,0.04025164423471403,-64.78300139538725,1,0.2471142112686593,-0.409923024336738,-11.986137798780248,0.04378811272363951,0.010251110690476482
2026-09-20 11:23:00,45.7467574952843,22.180596277197868,1.493652545086939,189.25972942489568,171.15154391934445,-0.004273543411764314,-0.004470141205930206,0.041917545070119765,-65.95105166935723,1,0.6387358487457746,-0.13897318756826493,-18.108185505551234,0.042371286508657145,0.011032351028725051
2026-09-20 11:24:00,47.09499455639785,21.849340495320046,1.4611334310836555,194.19848724546523,172.31728691006424,-0.017988959525193488,-0.00038952930602691003,0.039932074406733964,-66.16485279229953,1,1.3482370611135508,-0.3312557818778217,-21.88120033540099,0.04379868678743965,0.01152143098060977
2026-09-20 11:25:00,47.13447910727361,21.46509691404852,1.8043921256533513,189.92730364276963,174.0388349746465,-0.02885777148115387,-0.03858964525252164,0.0559922763066439,-64.44093836600345,1,0.039484550875762636,-0.3842435812715266,-15.888468668123124,0.07387196153868882,0.012729976835861315
2026-09-20 11:26:00,47.846572910904676,20.753627870660015,1.5977130414887943,198.64544795315177,171.3257079906591,-0.019828845687923136,-0.002855499063413865,0.04260076271484492,-65.54156883668485,1,0.7120938036310633,-0.7114690433885045,-27.319739962492662,0.04707612962110571,0.012562329436972934
2026-09-20 11:27:00,47.78661290650985,20.903249781915,1.2853287539945555,198.713324463253,176.72178796336138,-0.017592126183279797,-0.026886809442897834,0.052551230881234506,-64.61873164146934,1,-0.059960004394824296,0.14962191125498592,-21.991536499891623,0.06159557851664317,0.012420826444278261
2026-09-20 11:28:00,48.56156970611728,20.521498753266567,1.8664562676052743,196.7973000340869,176.78474083674493,0.007896400408243534,0.013180519040421923,0.05264301414075955,-64.61229550247937,1,0.7749567996074305,-0.38175102864843424,-20.01255919734197,0.05483945805172079,0.011590795507704952
2026-09-20 11:29:00,49.694634345406534,20.346697451497302,1.6650219476918993,200.32541108798645,177.6976048031135,-0.01052330742120375,-0.03122085151173556,0.07368393468235372,-64.86241966770666,1,1.1330646392892518,-0.17480130176926423,-22.627806284872946,0.08071433452908085,0.013991409538952192
2026-09-20 11:30:00,40.92060076976137,19.981740220903532,-4.780778328899172,207.2949654229231,0.0,0.0037385410510899528,0.020253844091018724,0.05313251259801704,-63.85486755972121,1,-8.774033575645163,-0.3649572305937703,-207.2949654229231,0.056984724134038045,0.013973606478404005
2026-09-20 11:31:00,41.97956352432494,19.736171006146407,-4.509461517494582,206.4506434405176,0.0,0.02563956724753372,-0.00818330138427883,0.04188855985249537,-63.13925162857807,1,1.0589627545635665,-0.24556921475712556,-206.4506434405176,0.0497896101280461,0.013178719540148886
2026-09-20 11:32:00,42.4973544526391,19.39541597282006,-4.882635579021456,206.02635096469444,0.0,-0.001756167032697072,-0.010859514135440243,0.03539849737933601,-63.868466498144905,1,0.5177909283141631,-0.3407550333263458,-206.02635096469444,0.03706840685299837,0.013987768816857088
2026-09-20 11:33:00,42.661308350935954,19.180929888830583,-4.81991996147137,207.03695004911705,0.0,0.041583133969336085,0.005889091946039441,0.04724147285362255,-63.924299141429096,1,0.16395389829685314,-0.21448608398947755,-207.03695004911705,0.06321072054675705,0.01347136462750468
2026-09-20 11:34:00,43.50410554144787,18.993663613252274,-5.038151249491153,209.72982721135497,0.0,-0.023516219606783958,-0.01732068890446784,0.04880914157572682,-63.597101938421936,1,0.8427971905119165,-0.18726627557830966,-209.72982721135497,0.05688014724030864,0.012669623965897065
2026-09-20 11:35:00,43.895105601054155,18.574119220660915,-4.697857121430365,209.71470932617308,0.0,-0.0030116709674985567,0.0055749150826012814,0.027893004726094447,-65.35546191860526,1,0.39100005960628437,-0.4195443925913587,-209.71470932617308,0.028603663276661192,0.01441591149025711
2026-09-20 11:36:00,45.231108685548435,18.163771760868396,-4.151261798368628,206.68575148284296,0.0,-0.010786258472219574,-0.014642175493767413,0.04286145839706987,-62.590931130617314,1,1.3360030844942798,-0.4103474597925185,-206.68575148284296,0.04656008259167462,0.014443061325747296
2026-09-20 11:37:00,45.58121841871675,18.069349234626557,-4.885779356680558,220.87653373160418,0.0,0.018730132121140157,-0.011134690246495388,0.052973525428275534,-63.914298669075414,1,0.35010973316831695,-0.09442252624183922,-220.87653373160418,0.05727995786015315,0.014241494518388966
2026-09-20 11:38:00,45.90710632334158,17.928963757009708,-4.927524086188036,216.9659749975982,0.0,-0.04479583260732242,0.008107083386582706,0.044676443297338254,-61.92259233747528,1,0.3258879046248282,-0.14038547761684939,-216.9659749975982,0.06378382244519794,0.0146319059610696
2026-09-20 11:39:00,46.534423489333015,17.698261249353497,-4.782651527320996,219.44444179536762,0.0,-0.028862305783556225,-0.022771614674687655,0.05968623785705837,-62.50684684919073,1,0.6273171659914354,-0.23070250765621125,-219.44444179536762,0.07010011497540715,0.012749659694885193
2026-09-20 11:40:00,47.5248678556551,17.377956510639237,-4.934225081782741,219.82627675036926,0.0,-0.0021469364490192557,-0.025286746035247137,0.034416435552794805,-62.193344467182705,1,0.9904443663220874,-0.3203047387142597,-219.82627675036926,0.04276119616342476,0.013048847472678536
2026-09-20 11:41:00,12.131987710694318,25.337441549836782,-4.789131848840026,127.79464959782624,0.0,0.031027554420189864,0.004964510148206837,0.05676882820153217,-61.49892900976404,0,-35.392880144960785,7.959485039197546,-127.79464959782624,0.06488493931325333,0.013673831872064971
2026-09-20 11:42:00,12.292590438242133,25.435472211046914,-4.545172880702745,129.44222655715367,0.0,0.004516836680746146,-0.0005379970497876918,0.05913889741525953,-63.046012906389834,0,0.1606027275478148,0.0980306612101316,-129.44222655715367,0.05931357721397947,0.012535651184161039
2026-09-20 11:43:00,11.034572812526248,25.610466995881104,-4.7062680835975295,125.20181571341706,0.0,-0.027030949085284677,0.00337385489618784,0.05956496475841537,-61.69046363056738,0,-1.258017625715885,0.1749947848341904,-125.20181571341706,0.0654983979344766,0.012714883578634232
2026-09-20 11:44:00,11.700066243911868,25.71880665603394,-4.664303835179337,136.83125949415992,0.0,-0.023943331853804605,0.006552784734428414,0.034341436153456216,-61.75272080775564,0,0.6654934313856202,0.10833966015283636,-136.83125949415992,0.04237400577145241,0.013359517659611582
2026-09-20 11:45:00,11.27804516966913,25.694346074719924,-4.524812058335096,126.29646400473281,0.0,0.033459794056899056,0.0011475110761396258,0.05314552795857384,-62.18643257796929,0,-0.42202107424273727,-0.02446058131401685,-126.29646400473281,0.06281179620099647,0.010077532647354755
2026-09-20 11:46:00,11.833087396892887,25.760999445001143,-4.5151703859417545,126.90410114845847,0.0,-0.012422695975924816,0.012161852479341378,0.043312458814784856,-62.93195764707768,0,0.5550422272237565,0.06665337028121954,-126.90410114845847,0.04667122367821477,0.01006413416968814
2026-09-20 11:47:00,11.646674507469582,25.71015978409392,-4.651361107337322,128.6792223868408,0.0,-0.01885926744899528,0.0019487257395731697,0.035938575580170995,-61.431447887596946,0,-0.18641288942330547,-0.05083966090722214,-128.6792223868408,0.040633123378008625,0.011401303237820806
2026-09-20 11:48:00,11.072817400129638,25.61715511492902,-4.626295688525439,133.86422717455713,0.0,0.02954745121261721,-0.04014607799350606,0.04586132275026292,-61.36678257839662,0,-0.5738571073399434,-0.0930046691649018,-133.86422717455713,0.06773492729623654,0.011768081906782888
2026-09-20 11:49:00,11.408030757549726,25.828775849664723,-4.487779700937025,130.04352699778795,0.0,0.020221940111739816,-0.03495769189323711,0.04095022008099191,-62.02051977220309,0,0.33521335742008773,0.2116207347357033,-130.04352699778795,0.05751423831597668,0.010755025032565155
2026-09-20 11:50:00,11.37132737627941,25.940800079893812,-4.443403151471444,126.29159261190861,0.0,0.025481192865335917,0.038558983604841654,0.0592075046816387,-63.288199306561715,0,-0.036703381270315916,0.11202423022908903,-126.29159261190861,0.07511068510608303,0.011497633294478173
2026-09-20 11:51:00,10.752936249692574,26.018383532426462,-4.664292717471042,133.763015082272,0.0,-0.01900083760531633,1.4373411772605234e-06,0.055130633430135696,-62.84842999885822,0,-0.618391126586836,0.0775834525326502,-133.763015082272,0.05831310808195314,0.011261954000513707
2026-09-20 11:52:00,11.372055232915848,26.18355362013075,-4.763596572568243,132.19300188035643,0.0,-0.030502112820287215,0.019004833034341938,0.03847555531891132,-62.502991298401476,0,0.6191189832232737,0.16517008770428632,-132.19300188035643,0.052649130308708325,0.011345995564411874
2026-09-20 11:53:00,10.527018131756975,26.34031586732233,-4.592106001177096,131.61530487164936,0.0,0.0026633297872541116,-0.006914078112541518,0.04275778686169071,-61.893590676489644,0,-0.8450371011588729,0.15676224719158327,-131.61530487164936,0.043395001313651,0.011640705824586798
2026-09-20 11:54:00,10.384511957878727,26.507134924143543,-4.787118509505922,132.14720272351252,0.0,0.00670252266147328,-0.0011603018878786082,0.046193025743833764,-64.3217826380832,0,-0.14250617387824782,0.16681905682121112,-132.14720272351252,0.046691174089639964,0.011203782673940276
2026-09-20 11:55:00,10.627969150971436,26.526692409202596,-4.898949593487068,137.18308570174736,0.0,0.007292036074096636,-0.009067293085416872,0.04927594852682103,-63.474001921549814,0,0.2434571930927092,0.019557485059053192,-137.18308570174736,0.050631104049000265,0.010937512158770915
2026-09-20 11:56:00,10.188659012458935,26.503221491238914,-4.931903202912844,136.55528468510835,0.0,0.02956367871278004,0.0493185466292273,0.06006378274803781,-63.4992803516767,0,-0.4393101385125018,-0.023470917963681615,-136.55528468510835,0.08315039469933523,0.013922053843407103
2026-09-20 11:57:00,10.25456289885583,26.790206779536494,-4.660724206827772,127.93985397099011,0.0,-0.03467534180016497,0.005064848447282848,0.05690782326480633,-63.379449059536945,0,0.06590388639689593,0.2869852882975792,-127.93985397099011,0.0668321207765446,0.01279782400221684
2026-09-20 11:58:00,10.593824397384672,26.99292304560507,-4.954667180202696,134.87165497843347,0.0,0.017193901025955315,-0.01069715811012395,0.0505139196897484,-64.8089973606735,0,0.3392614985288418,0.2027162660685775,-134.87165497843347,0.054421645569990705,0.012618359049517148
2026-09-20 11:59:00,10.126918734866955,27.265383912289348,-4.590372856702391,131.1495045692767,0.0,-0.021932500882946356,-0.033030794268603815,0.047393511501050783,-63.9470068439502,0,-0.4669056625177177,0.27246086668427694,-131.1495045692767,0.061791689549611006,0.012639743439311438
2026-09-20 12:00:00,21.491494662107407,27.94321921578159,1.9149710624810026,131.49728744841326,177.77708408612594,0.017114706417216824,0.039474668854717045,0.032266459653925286,-62.31048356431259,0,11.364575927240452,0.6778353034922411,46.27979663771268,0.05377998768627117,0.01141539621913516
2026-09-20 12:01:00,22.310112493437472,28.217797600148423,2.2545116878432783,124.92318750507002,181.49134372333228,-0.009499134090427548,-0.003265567704566067,0.06291997626126057,-63.048002511387985,0,0.8186178313300658,0.27457838436683346,56.56815621826226,0.06371672381422809,0.011602119899888646
2026-09-20 12:02:00,22.190445592871594,28.36135534651933,1.6591974364219406,129.48884270383542,182.9831368049442,-0.016279435917810232,0.014884582391231945,0.04552903402134343,-62.15953788947991,0,-0.11966690056587836,0.1435577463709059,53.49429410110878,0.050591143154509854,0.011719442431304456
2026-09-20 12:03:00,22.85733387708276,28.501063380299993,2.317625285805147,127.56152922899031,185.23550014365594,-0.012198054138984045,0.01711994580613092,0.06554840240426257,-62.634431831653565,0,0.666888284211165,0.1397080337806642,57.67397091466563,0.06883660455697667,0.011060154032495316
2026-09-20 12:04:00,23.00353423792812,28.751846809791296,1.8853357408029614,132.48417644467992,187.05526479622324,-0.02891220401553125,-0.009256610468607412,0.051961092921318355,-61.66954301854608,0,0.14620036084535926,0.25078342949130317,54.571088351543324,0.060179361545143646,0.010024765591796991
2026-09-20 12:05:00,23.43103594146805,28.751902622315125,1.8898189423568998,133.21324150120842,182.7640670023863,0.0008085787966693438,0.01344905550772312,0.07025284208621445,-63.141998361222846,0,0.42750170353993155,5.5812523829246175e-05,49.55082550117788,0.07153315814998541,0.009705524780130346
2026-09-20 12:06:00,23.454340516883168,28.916027210807275,1.970477246611222,123.77654094695106,184.02470971152965,-0.015453467813209143,-0.01208276573503235,0.056063215333663166,-62.27741819220042,0,0.023304575415117768,0.16412458849215028,60.248168764578594,0.0593960184592389,0.0068415260540390325
2026-09-20 12:07:00,23.698664514919226,29.123589619080576,1.9567219022948181,129.9338954079872,183.92702115454767,0.015725964618005565,-0.019808527240788316,0.035679803687791216,-63.30449505773429,0,0.24432399803605875,0.20756240827330075,53.99312574656048,0.043734792852089005,0.008412723669451769
2026-09-20 12:08:00,23.35694434119329,29.20700172681888,1.9677423750221852,133.36558451438276,186.70552119078127,0.012801121620658346,0.02328929385024425,0.04385584519738788,-63.24209245582797,0,-0.34172017372593544,0.08341210773830454,53.33993667639851,0.051279577618845114,0.00864968156721606
2026-09-20 12:09:00,23.98105808521207,29.46240741259305,1.8218655677627784,129.43996311305966,188.7659858451675,0.033763141058055814,-0.003163787596443987,0.048308650393280354,-62.507641765673135,0,0.6241137440187785,0.2554056857741678,59.326022732107845,0.059022749418184285,0.008576033379613037
2026-09-20 12:10:00,24.5082375412249,29.47460527723773,2.2003030027777686,132.1871909350071,190.38937888125716,0.007326549670821544,0.010370256672053107,0.041262171128916766,-62.74804553490867,0,0.5271794560128313,0.012197864644679868,58.20218794625006,0.04317160316452575,0.009759020461379003
2026-09-20 12:11:00,23.884153943131604,29.69600502140068,2.3301396855122367,131.05349640288125,188.76017155332931,0.010413555341601474,0.008218419877635422,0.04622939182817956,-63.59161580817422,0,-0.6240835980932964,0.2213997441629516,57.70667515044806,0.048095126873115374,0.009840348913874671
2026-09-20 12:12:00,24.79849138109827,29.783372950370133,2.024203093624556,131.0249806958579,188.68069581316257,0.028001996236556276,0.01275863920110578,0.03633060841417891,-63.64850370072825,0,0.9143374379666653,0.08736792896945289,57.65571511730468,0.047611004770331325,0.010051225423528015
2026-09-20 12:13:00,24.25594059558376,29.92693077876227,2.4417851537682567,129.1860550657951,189.93909783866943,-0.012553253920533927,-0.0311307386840325,0.05005721281099123,-65.04844876979007,0,-0.5425507855145106,0.1435578283921366,60.75304277287432,0.060269657618172864,0.009086760146261735
2026-09-20 12:14:00,24.321279375435772,29.963046519729726,2.1704167980606504,126.35025758759286,188.18421149662456,-0.02976516425646065,-0.011705810626327398,0.0523741194901094,-62.417579650090225,0,0.06533877985201286,0.036115740967456844,61.83395390903169,0.06136806496866086,0.00917765903059645
2026-09-20 12:15:00,24.81541517309979,30.06976863256706,2.5812961116273656,126.63540955772491,194.1540273094301,0.004001881182567872,-0.0064895031499285,0.03995890592793881,-63.36657651493616,0,0.4941357976640184,0.10672211283733546,67.51861775170518,0.0406797599192791,0.00793525829284864
2026-09-20 12:16:00,25.084197488436736,30.19858897632477,1.5081558794102448,132.12805754336594,186.78041397617895,-0.02845266938428808,-0.01662957345802981,0.06940254293481912,-63.642839229219916,0,0.26878231533694574,0.12882034375770957,54.65235643281301,0.07682974732684617,0.011139849633941988
2026-09-20 12:17:00,25.278646657752848,30.284780854609583,2.6347467878541027,130.05837476655665,190.28612926231614,0.0490787734585078,0.008580136960327755,0.05063513261280459,-66.13447181165651,0,0.1944491693161119,0.08619187828481145,60.227754495759484,0.07103704251421099,0.011881619301225228
2026-09-20 12:18:00,24.844778912277974,30.329677523378948,2.591992559086552,129.58446326617832,193.7856887472412,0.029109965841578864,0.02373786155191795,0.04183259133877088,-65.38327838748619,0,-0.43386774547487406,0.04489666876936482,64.20122548106289,0.056221364982295845,0.011768643123849882
2026-09-20 12:19:00,25.38402404833378,30.555806106633515,2.112655995326449,128.72832987303295,189.47660056599412,0.04327952666603161,0.026903693106925957,0.03370460700034783,-65.37215606328506,0,0.5392451360558077,0.22612858325456742,60.74827069296117,0.061097681333052996,0.011837513222627497
2026-09-20 12:20:00,25.160217567786535,30.330771061534154,1.7351701494818108,129.08443346355776,188.71289619825384,0.001248939533262586,-0.006784095304197673,0.05059942889397169,-67.21823213607715,0,-0.22380648054724617,-0.2250350450993608,59.628462734696086,0.051067465214657756,0.01107846439601604
2026-09-20 12:21:00,25.023016225554894,30.45720394547588,2.0139080821397926,133.14073538346443,187.91720282086789,0.011011471874031958,0.005839317249158142,0.047395114671866474,-64.64478807087238,0,-0.13720134223164138,0.12643288394172458,54.776467437403454,0.04900660193819079,0.010996596789122515
2026-09-20 12:22:00,25.286208545585907,30.32909560762594,1.8087117805950768,128.9942677543959,187.7241806746711,-0.00918950863905288,0.008912870089801985,0.057830409072864436,-64.32470989030836,0,0.26319232003101334,-0.12810833784993747,58.72991292027518,0.05923041900746402,0.010432798257843197
2026-09-20 12:23:00,25.42578565125534,30.535454008189987,2.382754393619532,125.9768058600953,190.20274907112025,0.01765849611173504,0.012425121884070587,0.04856629735028032,-63.95511185762416,0,0.1395771056694315,0.20635840056404575,64.22594321102495,0.053149707215355536,0.010554558714692472
2026-09-20 12:24:00,25.884634891974656,30.38740935396608,1.8715971672697127,132.23095532662052,182.3309079828525,-0.02431086424102114,-0.017562701461452876,0.038062812177312735,-67.29432433715917,0,0.4588492407193172,-0.14804465422390578,50.09995265623198,0.048458686255560685,0.010877142528750484
2026-09-20 12:25:00,26.141602576342947,30.460688868791753,1.9426557531719653,129.38537000840586,189.05158884363223,-0.05086186378949558,0.036411605365299325,0.06670718296177582,-66.35384599910057,0,0.2569676843682913,0.0732795148256713,59.666218835226374,0.09144715661033608,0.013984289805310041
2026-09-20 12:26:00,25.412270752706192,30.429843355924696,2.0889402553198764,130.09418759659832,182.30709941331435,-0.015814212389771334,0.018530403686928893,0.05435624879507186,-65.36086966917681,0,-0.7293318236367554,-0.030845512867056613,52.21291181671603,0.059565652496897034,0.012943335217009312
2026-09-20 12:27:00,26.008481753569054,30.462708189855604,1.9081777700137679,134.82273491919852,183.74049414386946,-0.029109469512346317,0.01905298687384882,0.047458912884016415,-67.13813934711517,0,0.596211000862862,0.03286483393090833,48.91775922467093,0.05884493127056853,0.01235183094930283
2026-09-20 12:28:00,25.588789464222568,30.3360927519564,2.0720601793510434,129.93831832794848,182.49139266096174,0.029558534723190713,0.024069201138007937,0.05164638531449738,-67.6392623330923,0,-0.41969228934648584,-0.12661543789920415,52.55307433301326,0.06419020590757973,0.012423192296259879
2026-09-20 12:29:00,26.159577586854557,30.277969656982997,1.883987569745389,130.86755101935617,183.56959983168124,0.03631354910160632,0.010682718845319688,0.05474041956561659,-69.111663175376,0,0.5707881226319884,-0.05812309497340351,52.702048812325074,0.0665530454938214,0.012614291798719502
2026-09-20 12:30:00,25.803160772115092,30.416829213472795,1.5651709670003346,126.46322952610502,178.21495137683115,-0.028058581448262218,-0.020546268461019448,0.03571143386106565,-66.27080838886906,0,-0.3564168147394646,0.1388595564897983,51.75172185072613,0.04984716289794549,0.012717414587713697
2026-09-20 12:31:00,25.683736351350444,30.227344023091355,2.0526873227832865,129.34099164294713,181.34015195649678,0.02583431215042479,-0.0027794546311021347,0.051576942199628106,-67.56379611214687,0,-0.11942442076464843,-0.18948519038143985,51.99916031354965,0.057752212243304756,0.012163832523221103
2026-09-20 12:32:00,26.238193766770294,30.05865682221264,1.7900792800539884,131.8285781356258,183.4648778122979,0.01902769967001541,-0.03302106790123831,0.045498765267061085,-68.39732156360219,0,0.5544574154198507,-0.1686872008787148,51.63629967667211,0.05935134304207125,0.012162043974554771
2026-09-20 12:33:00,25.811383332182146,29.996157642367855,1.5206981231795245,125.33387879847628,175.6961950493819,-0.031395533694377524,0.008301450193981685,0.055072999856297516,-67.48904984606853,0,-0.42681043458814827,-0.06249917984478515,50.362316250905636,0.06393456752375587,0.01187154733310547
2026-09-20 12:34:00,25.871870056404067,30.08327564018721,1.9568888030379132,130.60253527934714,177.82400131495248,-0.007805350618632363,-0.003384273163310935,0.04259818075393722,-67.70558403553478,0,0.060486724221920696,0.08711799781935525,47.221466035605346,0.043439403847990346,0.01259169350643053
2026-09-20 12:35:00,25.269947061228837,29.784198216520704,2.0222325808710795,130.30237321793442,175.16820336751059,-0.011603274442490395,-0.0008104476705386342,0.04395298144902918,-67.7561727492074,0,-0.6019229951752294,-0.2990774236665068,44.86583014957617,0.04546600247957957,0.007993771815575857
2026-09-20 12:36:00,26.179355931939824,29.619730289062637,1.6454185032282744,130.12386236676232,176.42656997943755,0.014959907972544,0.024080022601713026,0.06662871098564058,-68.18707555212801,0,0.9094088707109869,-0.16446792745806604,46.30270761267522,0.07240878028702055,0.009381826101634528
2026-09-20 12:37:00,26.091373368251933,29.493599216218833,1.9185548541267956,133.11147669597472,174.73993414574656,-0.024575587018100278,-0.009139880771129186,0.06230912090882137,-66.37255205850903,0,-0.08798256368789126,-0.12613107284380476,41.628457449771844,0.06760120891097138,0.009847951688946604
2026-09-20 12:38:00,25.786837704034053,29.37368697248916,1.5038033645772215,131.00331554454556,172.5984472724842,-0.0019774525131896494,-0.005042463175441527,0.017044388200326915,-68.13271672347264,0,-0.30453566421788025,-0.11991224372967224,41.59513172793865,0.017884292617854566,0.01607971885913535
2026-09-20 12:39:00,25.25756457760875,29.22930365731099,1.3404755078393398,134.43421569506933,174.0980829779024,-0.01371869007899236,0.0004394659192643258,0.06156761982464312,-66.36306695191834,0,-0.5292731264253021,-0.14438331517817105,39.66386728283308,0.06307905673557133,0.015824047290472203
2026-09-20 12:40:00,26.000000460803157,29.015216781754607,1.6246740167799159,127.01923145321788,176.0406712664942,0.009466823667702868,-0.03679984498827265,0.049263479737422435,-67.38090508773304,0,0.7424358831944069,-0.21408687555638295,49.02143981327632,0.0622152696478582,0.015939684663070997
2026-09-20 12:41:00,25.349570458625266,28.880110768469677,1.79268961032163,130.40777370165503,171.43542130590131,-0.004335840633758585,-0.005321273115240064,0.04291817937100988,-67.53604514814192,0,-0.6504300021778917,-0.1351060132849291,41.02764760424628,0.043463612161099854,0.01633234642899022
2026-09-20 12:42:00,25.316831431565316,28.754538337953626,1.360769716614969,130.25340035916983,172.7237581601605,-0.010704914078807904,-0.049715898245723665,0.039928252642923504,-67.92264481515055,0,-0.03273902705995013,-0.12557243051605127,42.470357800990655,0.0646570265549765,0.016613439468761336
2026-09-20 12:43:00,26.04120838010185,28.737846362251016,1.6277523690674394,126.79223651873475,168.25179471676313,-0.004265931512641559,-0.011710431237914785,0.04050882371720012,-66.73806991259168,0,0.7243769485365341,-0.01669197570261005,41.459558198028375,0.04238274614037738,0.016639173479303652
2026-09-20 12:44:00,25.022894682045592,28.47876913699992,1.163246572316544,132.86888500627404,168.57110650746884,0.040720856656802244,0.01710378106785655,0.04320064055241585,-67.48286876123072,0,-1.0183136980562573,-0.25907722525109733,35.7022215011948,0.06178205919051291,0.016569683767389903
2026-09-20 12:45:00,25.334955776279635,28.332083851240263,1.1292061996833895,136.97401991755845,171.1695113791098,-0.008337992722387784,0.008945331165021381,0.03872867416318157,-68.39380928713221,0,0.3120610942340427,-0.14668528575965567,34.19549146155134,0.04061343712034703,0.01691783519693936
2026-09-20 12:46:00,25.151448527331663,28.314148557662808,1.7447049475149419,129.9489817765485,173.0313220207373,-0.020820104365675742,-0.011896406209081523,0.03645400338927358,-68.27590271025777,0,-0.1835072489479721,-0.01793529357745527,43.0823402441888,0.04363365203136534,0.01577332103634239
2026-09-20 12:47:00,24.962945069027402,28.150148780877103,1.3238830184960235,131.5150632648213,170.71199412193033,0.011668671383119306,0.0008159643644762471,0.039596198491560895,-66.72062310994431,0,-0.18850345830426107,-0.16399977678570465,39.19693085710904,0.04128780237157715,0.014811863979005224
2026-09-20 12:48:00,24.786452884970956,27.825852147117278,1.317565296371274,130.25355542744597,169.4122378505953,-0.002870493388459132,-0.02149979134260811,0.053233938550656876,-67.86830974775734,0,-0.17649218405644618,-0.3242966337598254,39.158682423149315,0.05748332778888142,0.010502801845894692
2026-09-20 12:49:00,24.663975377104776,27.62504322731691,1.7378041785179943,127.85924599027847,170.17405668460339,-0.02830467861732945,-4.686806299040329e-05,0.050500901485707975,-66.82737535355828,0,-0.12247750786617928,-0.20080891980036597,42.31481069432492,0.05789212449992501,0.010014884324802166
2026-09-20 12:50:00,24.475470753697987,27.437137061443934,1.8684874093170112,124.53771916659394,167.90994178542917,0.044629926704049326,0.05860640570985021,0.05555856451551856,-65.49992233760278,0,-0.1885046234067893,-0.18790616587297748,43.372222618835224,0.0922675199561656,0.01618322326301537
2026-09-20 12:51:00,24.21515936193285,27.430424821903745,1.7028023991825438,127.8826795507139,171.95088382943342,-0.007049578911732958,0.03691602640743863,0.04933630160789946,-66.03429229184705,0,-0.2603113917651356,-0.006712239540188847,44.06820427871952,0.06202064353820492,0.015831307921111936
2026-09-20 12:52:00,24.51539042451908,27.18108196782671,1.5514029988145135,125.82412485714481,172.9301195674453,-0.007557389079227024,0.0010524426003452223,0.03693320669355209,-66.83226482121636,0,0.3002310625862279,-0.24934285407703527,47.10599471030049,0.03771317437965786,0.01654691728559475
2026-09-20 12:53:00,23.494323996919746,27.006855988976696,1.1714796814946795,135.11230623417737,170.77314491209484,0.003196707038161949,0.0032028832983074886,0.05494440923493606,-64.46430514497835,0,-1.021066427599333,-0.17422597885001423,35.66083867791747,0.05513044080620559,0.016061426504816716
2026-09-20 12:54:00,24.015956952139934,26.812332434249114,1.5044687638441092,129.6546709182303,171.33227082892114,0.034602335384176786,-0.01959130629269102,0.03995310721125085,-65.08451216129764,0,0.5216329552201877,-0.19452355472758143,41.677599910690844,0.05636835701106422,0.01589716845382164
2026-09-20 12:55:00,23.773346657815594,26.669840737628,1.6539756977687632,128.9622420128585,173.47635320360018,-0.033594906530379914,-0.01603578215902101,0.056466143019889344,-64.3683001144662,0,-0.24261029432434,-0.14249169662111427,44.51411119074169,0.06763275361671398,0.015578809020133297
2026-09-20 12:56:00,23.54947233702244,26.63748936686612,1.2362279849303373,132.66746147436342,172.8138941491956,0.005519716988410794,0.0072436864420938815,0.0383407999704304,-67.40467749742504,0,-0.22387432079315417,-0.032351370761880105,40.14643267483217,0.039407552718686824,0.016036593771529575
2026-09-20 12:57:00,23.485005877662214,26.33881144605448,1.8491123255352453,126.63474669143234,174.36087934477197,0.04174544323587255,-0.0104978513127297,0.043125233735964746,-64.55634066307333,0,-0.06446645936022577,-0.2986779208116417,47.72613265333963,0.06093170519462942,0.01511266569565187
2026-09-20 12:58:00,22.92921749827541,26.441509770398167,1.8690317337211022,127.69940788598635,179.55342178419545,0.0025745736147929667,0.01808299189703164,0.04638608359432085,-63.79589301702274,0,-0.5557883793868044,0.10269832434368809,51.854013898209104,0.04985270079409362,0.015370509869134923
2026-09-20 12:59:00,22.200998366696044,26.167672123344516,1.2841070913602233,130.20421680774587,175.76718195020564,-0.024706679586069594,0.03139371361955514,0.05674404801056949,-62.691131604655695,0,-0.7282191315793654,-0.2738376470536501,45.562965142459774,0.06939648590253807,0.015792783266219086
2026-09-20 13:00:00,13.285599443812877,26.093030167305,-4.938867688430376,133.08630697427043,0.0,-0.012367937059213052,0.006652415695620777,0.051759972521273956,-65.61283202776136,0,-8.915398922883167,-0.07464195603951751,-133.08630697427043,0.05363128990702193,0.010661984863527393
2026-09-20 13:01:00,12.906192699420277,25.869638942582625,-4.797434846712703,131.50505513550635,0.0,0.00413765059513581,0.0020347441167985337,0.05020001322150925,-62.70639826080368,0,-0.37940674439260036,-0.2233912247223735,-131.50505513550635,0.050411324754542776,0.01046810762229991
2026-09-20 13:02:00,12.874909790192312,25.906313893977785,-4.684034945894913,130.74497542754764,0.0,0.026616078312797237,-0.03361559249821303,0.06885668785055306,-62.039179595426674,0,-0.03128290922796495,0.03667495139515964,-130.74497542754764,0.08111514744797899,0.011849514280499766
2026-09-20 13:03:00,12.607795740531676,25.78822847469697,-4.27337114110306,130.23435320570806,0.0,-0.006786716888321213,0.014952204905441,0.03163016838774855,-65.48103254555346,0,-0.2671140496606359,-0.1180854192808134,-130.23435320570806,0.03563839937334232,0.013874952762162444
2026-09-20 13:04:00,12.719016014500742,25.739243179293183,-4.638105294721371,131.20070756658032,0.0,0.016533035948648633,-0.022873426030781165,0.03961622357299449,-62.775998420552746,0,0.11122027396906553,-0.0489852954037886,-131.20070756658032,0.04864134112306537,0.01409274842704728
2026-09-20 13:05:00,12.561099525730041,25.824634636659283,-4.832617189243574,130.60495871538777,0.0,-0.028707376540937784,-0.008360182572668396,0.03918811521961009,-62.439928571478816,0,-0.15791648877070052,0.0853914573661001,-130.60495871538777,0.04929213421000321,0.013545111457271032
2026-09-20 13:06:00,11.901394790978708,25.638764619855234,-4.488376809698181,126.91008317566919,0.0,-0.028874367391901093,0.0191915178477027,0.03229347690077726,-63.20099833977813,0,-0.6597047347513332,-0.18587001680404924,-126.91008317566919,0.04738050337345739,0.012816802313911309
2026-09-20 13:07:00,12.696580583285721,25.49562940621349,-4.718211751808615,130.13823766489946,0.0,-0.009656013773698994,0.02059516328618064,0.04280480487113973,-63.19528184015315,0,0.7951857923070129,-0.1431352136417452,-130.13823766489946,0.048473195405694634,0.012741379466739866
2026-09-20 13:08:00,13.022297353485719,25.468837206016705,-4.462867424352104,126.77893402324675,0.0,0.02876057443746524,-0.009330150547002343,0.05687769163796706,-61.88445714830638,0,0.3257167701999979,-0.026792200196783966,-126.77893402324675,0.06441501499857293,0.013119593715358601
2026-09-20 13:09:00,12.406176211918996,25.575285609507716,-4.535431020760823,130.24324762870248,0.0,0.0013774927902753839,-0.008178310698399726,0.044083526014842486,-63.03140450192607,0,-0.6161211415667225,0.10644840349101159,-130.24324762870248,0.0448568781589637,0.012367702186090984
2026-09-20 13:10:00,12.030535582516892,25.63248203635452,-4.349513019681472,128.55805617553528,0.0,0.005796223911332386,-0.013986377465133438,0.046669970280136905,-62.51571489213124,0,-0.3756406294021044,0.05719642684680437,-128.55805617553528,0.049064254729653804,0.012400867451025175
2026-09-20 13:11:00,11.9416904378573,25.528740114431386,-4.919791044432169,137.6181448683486,0.0,0.005561591911470543,-0.023957074906518216,0.03277445172119718,-61.38682327954632,0,-0.08884514465959192,-0.10374192192313458,-137.6181448683486,0.0409760592089008,0.012878886094226919
2026-09-20 13:12:00,11.698706272717155,25.578459752365877,-4.310790639078064,129.88031684874485,0.0,0.022184159651734616,-0.012695909642084837,0.04203474424839653,-60.365446089722035,0,-0.24298416514014498,0.049719637934490635,-129.88031684874485,0.04919596309781665,0.007350748186852506
2026-09-20 13:13:00,11.719679665563998,25.590666812616362,-4.310798371107591,125.78728130121523,0.0,-0.012204413850757078,-0.032262600378293774,0.04538301284412416,-61.521727801376315,0,0.020973392846842742,0.012207060250485569,-125.78728130121523,0.05700386789876606,0.006478536696828095
2026-09-20 13:14:00,11.550595337240258,25.702679120287396,-4.769968600675624,129.59745936796924,0.0,0.013765702169764646,0.0136612516301653,0.05642400422547114,-61.88685736490379,0,-0.16908432832373954,0.11201230767103354,-129.59745936796924,0.05966399756272909,0.007138976332311363
2026-09-20 13:15:00,11.180361099954059,25.407730296069552,-4.256531589597224,131.55807623691368,0.0,-0.0166176532771026,0.007890472103237515,0.03325083602081779,-62.51804922998727,0,-0.37023423728619953,-0.29494882421784396,-131.55807623691368,0.03800031640043649,0.008251169595652539
2026-09-20 13:16:00,11.81104051728884,25.721978610220184,-4.756747234433751,135.02009183845757,0.0,0.039665453118415205,0.011210585697410253,0.04544991254278862,-63.014371486965196,0,0.6306794173347807,0.3142483141506318,-135.02009183845757,0.06135731376873753,0.00893208478192201
2026-09-20 13:17:00,10.7366086305997,25.816614945800634,-4.7467264293724405,128.23164280018383,0.0,-0.016007822085933796,-0.019088081011502857,0.06086818030068891,-60.91710801015116,0,-1.0744318866891387,0.09463633558045004,-128.23164280018383,0.06576884199796876,0.009941261592884805
2026-09-20 13:18:00,11.27846612035752,25.65749099008606,-4.142728678251383,125.25271607792908,0.0,-0.017647786061572416,-0.023901411270301126,0.04554916714376736,-62.22368697394282,0,0.5418574897578186,-0.15912395571457338,-125.25271607792908,0.05438242768650516,0.009138492361831674
2026-09-20 13:19:00,10.916982175711157,25.785731089352353,-4.3148198770422015,132.45051103429293,0.0,0.010993396269760992,0.0010702854862712048,0.02884438585881321,-60.983418523514246,0,-0.3614839446463627,0.12824009926629287,-132.45051103429293,0.030886872100266503,0.011193184509658189
2026-09-20 13:20:00,11.406642564801382,25.881598246218232,-4.5015409056832345,125.85820388230104,0.0,0.0015957686286464765,0.0012820512990045062,0.06279175777348192,-62.547448768842536,0,0.4896603890902256,0.09586715686587866,-125.85820388230104,0.06282511422459237,0.011808282300261248
2026-09-20 13:21:00,10.832873627889196,25.995209761472292,-4.696856254770746,128.69153367547756,0.0,0.006537048125218686,-0.0029453965502589064,0.05734896942538333,-62.97026962729378,0,-0.5737689369121863,0.11361151525406044,-128.69153367547756,0.057795437996292186,0.011247152838048178
2026-09-20 13:22:00,10.522503440031315,26.129912428499733,-4.6497299394716975,129.22713854346702,0.0,0.004546275909846361,-0.005789665383756989,0.05869397175078791,-62.0218596871539,0,-0.31037018785788106,0.13470266702744027,-129.22713854346702,0.0591537925224293,0.01124606782719279
2026-09-20 13:23:00,10.462108318027543,26.32043417263853,-4.492450070214305,129.79109964009967,0.0,-0.021807843976148777,0.034215515553887736,0.03256216353254606,-62.65862116574014,0,-0.06039512200377217,0.19052174413879897,-129.79109964009967,0.05202478310792516,0.01124215718544246
2026-09-20 13:24:00,10.460840251335428,26.50840087043593,-4.46112486082329,132.067493371223,0.0,0.03226717858158968,0.008520500235859568,0.06512455725847215,-63.94382184158083,0,-0.0012680666921145445,0.18796669779739972,-132.067493371223,0.07317771310991823,0.012692484751634427
2026-09-20 13:25:00,10.025370165897213,26.662636091416083,-4.455513146439458,127.94909715314084,0.0,0.017870844117782187,0.03941356782932982,0.042267239148888025,-61.092830127463586,0,-0.4354700854382152,0.1542352209801514,-127.94909715314084,0.06049227970401301,0.01113708246537526
2026-09-20 13:26:00,10.064735374266254,26.609815125686595,-4.593184367002064,129.17881224349972,0.0,0.02717899902534232,0.025379300508632664,0.044905610557797696,-63.72359156550613,0,0.03936520836904123,-0.05282096572948802,-129.17881224349972,0.058303694067319896,0.011069956906248967
2026-09-20 13:27:00,9.693477775359806,26.75402425159531,-4.341725822408822,129.95718894115183,0.0,-0.010566617782208486,0.0340654185203469,0.042972228340079965,-62.3686359589597,0,-0.37125759890644794,0.14420912590871637,-129.95718894115183,0.055845488258530335,0.010682471053381703
2026-09-20 13:28:00,9.894101000657171,27.120134189907496,-4.721452790058747,130.44879387255637,0.0,0.008330470894303428,-0.02148925532712004,0.05946937181955207,-62.66581544725217,0,0.20062322529736498,0.3661099383121851,-130.44879387255637,0.06377923662483839,0.010887919385042459
2026-09-20 13:29:00,10.149325023699909,27.20777751361787,-4.447154758188182,130.29348152412376,0.0,0.003947369244693822,0.011863419819960598,0.04820201647494705,-64.98893683049123,0,0.2552240230427376,0.08764332371037398,-130.29348152412376,0.04979715700750049,0.00653998656568244
2026-09-20 13:30:00,22.090052514785356,28.0082864841869,1.6722761701003577,131.30801732566775,179.74490175924493,0.022560052524030153,-0.008635309779867461,0.05481741032587626,-63.00238764461648,0,11.940727491085447,0.8005089705690303,48.43688443357718,0.059903864814523936,0.00643032246123528
2026-09-20 13:31:00,21.60611776858379,28.213876904863977,1.9251019308178132,132.5315185289252,184.02064402696297,0.02320496263659238,-0.033267734227190655,0.05075901022884369,-62.31191997959845,0,-0.48393474620156596,0.20559042067707622,51.489125498037765,0.0649745300174499,0.00667365388125891
2026-09-20 13:32:00,22.358170155674053,28.32936617837064,1.6882317577881458,131.1779023469529,179.0843419278475,0.0038610160591622967,0.029920063391110516,0.0490495799630708,-62.907216849889544,0,0.7520523870902629,0.1154892735066646,47.90643958089461,0.05758453727252531,0.006707471114728993
2026-09-20 13:33:00,22.766775515141035,28.549131795292414,1.8306248349120675,131.36075657052766,182.9310241709213,-0.030359022636865036,-0.005873850514112583,0.04053215936253804,-60.36680636298937,0,0.40860535946698207,0.219765616921773,51.570267600393635,0.05098066611881414,0.006845007372157985
2026-09-20 13:34:00,22.745803665167376,28.625186808208262,1.9293821977396903,125.25333049976057,181.38939653426027,0.03559323774175378,-0.02110203260533369,0.06812140587307766,-62.3653047978543,0,-0.020971849973658863,0.07605501291584815,56.136066034499706,0.07970382858522013,0.008424520372368793
2026-09-20 13:35:00,22.799479243284754,28.844867235434304,2.2465006653002435,130.15068309749705,185.52151915129198,0.011119748673802778,-0.008291277264973869,0.035366063714947715,-61.36692175740444,0,0.05367557811737811,0.21968042722604153,55.37083605379493,0.037988847731182274,0.010946869870319672
2026-09-20 13:36:00,23.058432483130893,28.822491250734675,1.8527603948832971,131.43852264400482,187.42019951414494,-0.012168740827822842,-0.015924482455476386,0.05412253974034685,-61.85361492532868,0,0.2589532398461394,-0.02237598469962876,55.98167687014012,0.05771409448960385,0.010945959062769321
2026-09-20 13:37:00,23.20936222332864,29.05600127190746,1.7595903245368103,132.18682358371134,185.6006532850148,0.0081308427653339,-0.013873959352333345,0.05376656592107279,-62.23208377150868,0,0.1509297401977463,0.2335100211727834,53.413829701303456,0.05611988028435063,0.010940781987850572
2026-09-20 13:38:00,23.366654201502186,29.203315259649216,2.3542767673991047,127.92294767729862,181.96513319574095,-0.03022187096905047,-0.004432067803652989,0.06154356286152426,-62.60201700692957,0,0.15729197817354645,0.1473139877417573,54.042185518442324,0.06870673067157614,0.011340905128227323
2026-09-20 13:39:00,23.792009194018373,29.374167180166896,2.3458653420213578,128.02288217533408,188.23116538986784,0.02110706134942088,0.034616303860894856,0.06388090032379279,-61.56780268558985,0,0.425354992516187,0.1708519205176806,60.208283214533765,0.07566086146731592,0.012098212105881414
2026-09-20 13:40:00,24.610008622737446,29.45327318219637,1.701923295168421,128.2776979741492,189.28818695154598,-0.029424234885583062,-0.013326344330892515,0.04862611400583224,-63.807856241085844,0,0.817999428719073,0.07910600202947293,61.01048897739679,0.05837701615478191,0.012122265224125505
2026-09-20 13:41:00,23.86763894065108,29.620020238043857,1.9623561596887655,131.60924169967404,189.72066311053774,-0.004416689840741651,0.03318541328438381,0.05530394305924753,-61.44825831513928,0,-0.7423696820863661,0.1667470558474875,58.1114214108637,0.06464754381958498,0.01211013197242729
2026-09-20 13:42:00,24.16312710378171,29.641948821008995,1.7336847067213013,133.10164316477264,191.79195524331658,0.004889088992110996,0.01697673591959043,0.0676487371045251,-64.66631626289967,0,0.2954881631306314,0.021928582965138332,58.69031207854394,0.06991755420131229,0.012377177393142555
2026-09-20 13:43:00,24.405236241131586,29.960308229924088,1.906856676200828,128.7776196781252,187.49347449487382,0.020776794239641874,0.007925431271721722,0.04934823233077748,-62.813330599058126,0,0.24210913734987471,0.31835940891509296,58.71585481674862,0.05412703274604652,0.012103414376434082
2026-09-20 13:44:00,24.370664418643276,30.00076930734489,1.4612628728212047,132.72388694088116,191.2149295107855,0.0021308935286874805,0.0149624006450375,0.039335665249348235,-65.2255078206107,0,-0.03457182248831003,0.04046107742080096,58.49104256990435,0.04213915875883147,0.011928558341421024
2026-09-20 13:45:00,25.056025781150367,29.93315670124214,2.1865137081577366,130.37043942749378,192.35996489099648,0.012699257472251004,0.0002731132767491505,0.046155318873005786,-64.36973846504115,0,0.6853613625070913,-0.06761260610274888,61.9895254635027,0.04787127731194671,0.010340441689358285
2026-09-20 13:46:00,24.158158751606162,30.1055050584704,1.8005908573780705,129.6271426685127,186.43856086240203,-0.0005633381689910586,0.02572100207726852,0.03695354001385533,-64.20097734203006,0,-0.897867029544205,0.17234835722825892,56.811418193889324,0.0450272297316535,0.011319658211143476
2026-09-20 13:47:00,24.84580386944757,30.298233546749668,2.1973419244241645,129.3658473105461,190.55595175636265,-0.0006437190188856533,0.011339605265342017,0.05371816810994723,-65.02613494352981,0,0.6876451178414058,0.19272848827926836,61.19010444581656,0.05490576114432436,0.011351622340375367
2026-09-20 13:48:00,25.37880175940592,30.275795520279484,1.692485839400642,132.23983409380648,188.7301166467666,0.0017095450069659465,-0.03329331970051026,0.06064456208140635,-64.96945796461378,0,0.5329978899583523,-0.02243802647018356,56.49028255296011,0.0692035446408403,0.011403983120480002
2026-09-20 13:49:00,25.165433726640906,30.315575724968397,2.0995545877883233,130.97673345036122,189.29995553067084,-0.003781158417047492,0.005925038637799302,0.04878958507932462,-66.42458048229223,0,-0.2133680327650147,0.0397802046889133,58.32322208030962,0.049293273922989524,0.009858622000856427
2026-09-20 13:50:00,25.1196322515765,30.422385485707476,1.8084757069613127,136.8274762829429,189.7883272353335,-0.03373140486162871,0.015679462859852302,0.0337903995054636,-66.27462111276668,0,-0.045801475064404684,0.106809760739079,52.96085095239059,0.050253799142467144,0.009934262634808339
2026-09-20 13:51:00,25.601919928707698,30.497984078488972,2.4509016811539195,127.44332607100803,187.65763653826164,-0.015366469873932564,-0.005780024372024345,0.06021650835057678,-65.03647345975259,0,0.4822876771311968,0.07559859278149617,60.21431046725361,0.06241446111329293,0.00970932687674401
2026-09-20 13:52:00,25.836732410864887,30.342823264133724,2.2529586142699367,131.55430510608994,186.73354787987267,0.0048954968222339685,0.0025251174542786532,0.032237010384342214,-65.74892255387905,0,0.23481248215718864,-0.15516081435524853,55.17924277378273,0.03270423437132558,0.010265638356141474
2026-09-20 13:53:00,25.7142463946066,30.553258708445036,2.2682462629655493,128.41239697056545,187.52535695674325,-0.0049824200697743785,-0.01225715989348814,0.03454045222076959,-66.70757483944928,0,-0.1224860162582857,0.21043544431131167,59.1129599861778,0.03698790772700575,0.011048244280524424
2026-09-20 13:54:00,25.48779023592504,30.418904679443024,1.9771058470374656,127.39213903903406,184.5801399277859,-0.003116181643638132,-0.02755251312127121,0.04821661612505281,-64.92416274651175,0,-0.226456158681561,-0.13435402900201154,57.18800088875183,0.05562098199317118,0.010929088509251785
2026-09-20 13:55:00,25.93279947316787,30.486727097554432,2.320135814565419,129.9673985888951,183.8130711832692,-0.006467073388774308,-0.0310075374186248,0.05251785245675499,-67.69110039592506,0,0.4450092372428287,0.06782241811140821,53.84567259437409,0.06133037780458144,0.01139789649850976
2026-09-20 13:56:00,25.733617951586332,30.463507774388678,1.693025188928698,130.4120574382211,186.51376028412764,-0.017271967854636357,-0.03074135974137727,0.05422247498758354,-67.0452784041913,0,-0.19918152158153646,-0.0232193231657547,56.101702845906544,0.06467943155362055,0.011792712321861262
2026-09-20 13:57:00,26.126449495874784,30.38191246537151,1.2629200621887209,138.75452066518028,181.97621073202097,-0.009861989219525878,0.013380894849410643,0.04933860447953527,-67.3901771463467,0,0.3928315442884518,-0.0815953090171675,43.221690066840694,0.052063471554680704,0.011795728620397043
2026-09-20 13:58:00,26.386776585410818,30.289005869097846,1.9559199496802977,129.4475625529504,184.68250650337748,-0.006136634887771894,-0.04980563416752658,0.06760043765134857,-66.45723679148858,0,0.2603270895360339,-0.09290659627366438,55.234943950427095,0.08419072783406244,0.014630467512407236
2026-09-20 13:59:00,25.189178937443796,30.308931571943166,2.4761009098664304,126.60946381154595,183.31767587784773,0.00010286281083698796,-0.013329598539269624,0.050651683410832024,-67.19748181069431,0,-1.1975976479670223,0.01992570284532036,56.70821206630178,0.05237634781394278,0.014530068345916178
2026-09-20 14:00:00,26.023300188374908,30.435776597971724,1.6431234497164937,130.81903215248315,177.95958662301746,0.007867566889394247,-0.015313065704907557,0.06034668101752936,-67.5115960931754,0,0.834121250931112,0.1268450260285583,47.14055447053431,0.06275436638094074,0.014588917722380813
2026-09-20 14:01:00,25.47841487567314,30.06271984099754,1.9378008596545966,123.7760798873609,179.06067731966158,-0.0036110058177147818,-0.005643190719749291,0.057869545640946984,-69.38875205994074,0,-0.5448853127017692,-0.37305675697418295,55.284597432300686,0.058256066441227224,0.014460690387557238
2026-09-20 14:02:00,26.730830987764953,30.283993209325352,1.5716303473359152,129.7241296521872,181.80447737181896,-0.02059310511384839,-0.03712863099872406,0.03707126267795471,-66.80294522400703,0,1.2524161120918151,0.22127336832781097,52.08034771963176,0.0563639045365679,0.01192059214804704
2026-09-20 14:03:00,25.847022753676818,29.995268892441324,1.8467622081041721,130.04807584688547,176.46021199628817,-0.027961640798375664,0.008077761894812373,0.04830269512714479,-67.99073295072913,0,-0.8838082340881357,-0.28872431688402855,46.4121361494027,0.056393740343344545,0.009335554324093066
2026-09-20 14:04:00,26.190571214357487,29.922277286669,1.7667773689472026,132.38380114883563,176.51578045511292,0.051948744147504486,-0.025463227883197978,0.0712332051328102,-67.74292839110302,0,0.3435484606806689,-0.072991605772323,44.13197930627729,0.09176719188374226,0.01339389321140085
2026-09-20 14:05:00,25.92534872961728,29.69904362320734,1.746937281755841,132.92086674828354,177.4162895096076,-0.02259630060529126,0.02264811081418538,0.04495649146059743,-68.67299507165586,0,-0.2652224847402067,-0.2232336634616594,44.49542276132405,0.05517803774096246,0.013669505750591903
2026-09-20 14:06:00,25.654465149297064,29.611531009710127,1.6117374883712348,128.48929114327686,177.14157658561666,-0.010372500025287659,-0.012435313751776646,0.043253794756433095,-68.8758062526184,0,-0.2708835803202163,-0.08751261349721418,48.6522854423398,0.04618567468069896,0.014690430609345256
2026-09-20 14:07:00,25.56848489774797,29.51180786622767,1.4533158914223936,129.5481579561102,174.19856081882605,0.010340006050278704,-0.001912260468238407,0.05170575581477022,-66.4956224587967,0,-0.08598025154909195,-0.09972314348245703,44.65040286271585,0.05276417013082677,0.01464172922344265
2026-09-20 14:08:00,26.260904102679888,29.32403012350033,1.3479742353840614,127.70163750816799,172.68640070118954,0.007217212191313618,7.547713110412542e-05,0.04531480070739948,-69.77229556847263,0,0.692419204931916,-0.1877777427273415,44.98476319302155,0.0458860001717637,0.013000211386338688
2026-09-20 14:09:00,26.00262027806897,29.267861633816576,1.7793197073514855,126.61581233557692,175.9670781315573,0.010417313851231451,0.00488482105721144,0.04206295420497762,-69.03658805602441,0,-0.2582838246109169,-0.056168489683752654,49.35126579598037,0.04360818754644682,0.01368381969768498
2026-09-20 14:10:00,26.220264933515995,29.10247997740885,1.390350321157656,130.9296843381419,175.90977437451588,-0.008854341390643509,0.0007402875499228451,0.04516716605702414,-66.46452986146416,0,0.2176446554470246,-0.16538165640772462,44.98009003637398,0.04603281738870028,0.013910865134082448
2026-09-20 14:11:00,25.56608547508081,29.17760889240795,1.464363185975474,126.1792433542102,173.7749449909195,0.004771161412790945,-0.008542210974652638,0.06432009671368626,-67.246468909905,0,-0.6541794584351841,0.07512891499909813,47.59570163670929,0.06506003528142552,0.014237149574168878
2026-09-20 14:12:00,25.539213352969295,28.72087295682172,1.4402175445717857,128.7561192982844,171.4548785609942,0.001226873284817273,0.006860970613880864,0.04863381308522428,-68.1348325936148,0,-0.02687212211151646,-0.4567359355862308,42.698759262709785,0.049130702325837626,0.014395180367132348
2026-09-20 14:13:00,25.267437693497403,28.688958312080565,1.4095734459960614,127.01447812030229,169.22180918922362,-0.006242627350825745,0.009322942609899085,0.03671924967245288,-66.46543029184895,0,-0.2717756594718921,-0.03191464474115335,42.207331068921334,0.03839519438232707,0.015324621711699926
2026-09-20 14:14:00,25.14786095434386,28.54167749391739,1.2200486117042137,131.6490495588708,168.82309044799172,0.004908194835426798,-0.015302693342192409,0.03488253461911836,-67.1490004124127,0,-0.11957673915354405,-0.14728081816317484,37.17404088912093,0.03840643203321133,0.008039557574224235
2026-09-20 14:15:00,24.799726707808475,28.245767965284486,1.3741973742280906,135.40429029779946,171.26972703388054,0.021107310935014133,0.00852735637947114,0.0720680493205447,-67.22901798004426,0,-0.34813424653538405,-0.29590952863290454,35.86543673608108,0.07557802666515141,0.011768493543715196
2026-09-20 14:16:00,25.008023905984185,28.2558225046826,1.615975644496225,126.09523605159,170.89988640544274,-0.00044400446870649545,0.02383440604803392,0.04776665630565898,-67.08484850215731,0,0.20829719817571046,0.010054539398115736,44.804650353852736,0.0533847310216483,0.011722219258020874
2026-09-20 14:17:00,24.60911943269752,27.9808153645951,1.6696195102886535,124.4409445513073,172.80396461025185,-0.00031094307287149193,0.014117883922091052,0.05434578500965419,-66.6778695146641,0,-0.39890447328666667,-0.27500714008750293,48.36302005894456,0.05615047355408285,0.011832863416122668
2026-09-20 14:18:00,24.834425398853863,27.604825676272746,1.52638525540387,129.6253393439498,171.33925409671386,0.021363220697519687,0.01864750483294374,0.04228622773660391,-66.4552383612934,0,0.2253059661563448,-0.3759896883223526,41.713914752764055,0.050914061822423126,0.011689664938119767
2026-09-20 14:19:00,24.602061874232078,27.75411453959571,1.1274881590063508,130.04709338787328,167.16931327023704,0.019227207196376266,0.003438416978148909,0.05320985969271416,-64.56917124368984,0,-0.23236352462178544,0.14928886332296543,37.122219882363765,0.05668154352526343,0.011416210394697238
2026-09-20 14:20:00,24.48019318951854,27.41188600440105,1.5160083879441701,130.65597792027188,172.51465248881445,0.03167872881926967,-0.018723008921497582,0.06459329651601532,-66.75199968782654,0,-0.12186868471353662,-0.34222853519466057,41.85867456854257,0.0743396722987476,0.012915050382957417
2026-09-20 14:21:00,24.733273851472738,27.256369750319013,1.461716693847387,128.66103845429697,168.74573192209385,-0.03512460468959154,-0.016192889194072902,0.04347736816256245,-66.50230965788958,0,0.253080661954197,-0.15551625408203762,40.08469346779688,0.05819131427794528,0.012545451075600157
2026-09-20 14:22:00,24.050690102356178,27.27034289946818,1.1636559422488637,129.3980821035237,170.39751089889378,0.01810238366338779,0.006397759357088233,0.05458586779948583,-67.34702313845833,0,-0.6825837491165601,0.01397314914916592,40.99942879537008,0.05786401802943383,0.0123853614016663
2026-09-20 14:23:00,24.11514026601556,27.010789329767128,1.6661099922541642,131.1025312316218,172.17772599026438,0.012031600908043585,0.018855274503046207,0.035942537241096126,-65.9261900434155,0,0.06445016365938017,-0.25955356970105115,41.07519475864257,0.04233375462114412,0.011813057342500582
2026-09-20 14:24:00,24.324972360160995,26.98547610681802,1.3645131670286563,133.12129267793452,176.26369010400808,-0.017713047955065307,0.055718238279881115,0.07022866118366793,-63.76950049874752,0,0.2098320941454368,-0.02531322294910865,43.14239742607356,0.09138018930010201,0.014440724279951309
2026-09-20 14:25:00,23.918629088997843,26.86782398806567,1.9834041086720604,124.13485368904514,179.1644338563068,0.005031758359976897,0.019636438888772076,0.05268535930244575,-64.40160809923563,0,-0.40634327116315205,-0.11765211875234982,55.029580167261656,0.05645046863626098,0.013640158040049907
2026-09-20 14:26:00,23.68590351016007,26.540990701684564,1.8760108501300383,128.8931816829056,174.90077973954917,0.021022434955159968,-0.02340871514995004,0.045872061556477085,-65.68078689809107,0,-0.23272557883777267,-0.3268332863811061,46.00759805664356,0.05562514492436541,0.013541687895443523
2026-09-20 14:27:00,23.057905584714025,26.549681522238707,1.7381826713556194,130.64142638182318,174.12675133658286,-0.016583178449708,-0.015345451447199648,0.04702125876713836,-64.8571521768148,0,-0.6279979254460457,0.008690820554143386,43.485324954759676,0.05216783936161635,0.013724585814846639
2026-09-20 14:28:00,23.02589023352627,26.266476820880087,1.7631851711657576,127.2460716861678,176.42298950282353,0.008851248580456142,0.04557034631911997,0.04489961825485665,-65.93448922898763,0,-0.03201535118775567,-0.2832047013586205,49.17691781665573,0.06458309983664004,0.01344173411203768
2026-09-20 14:29:00,22.366207701835126,26.444368179439223,1.45760860328585,135.1935088953019,178.0365442034453,0.017427073514620348,-0.004287778639535567,0.04541094835876507,-65.36053959125199,0,-0.6596825316911428,0.17789135855913685,42.843035308143385,0.04882870229473714,0.013939732167666585
2026-09-20 14:30:00,13.456961562016549,26.038698061277056,-4.385275131117521,128.0937703593138,0.0,-0.02142039125062976,0.0009502926952257697,0.025525048576503402,-63.999572290996596,0,-8.909246139818578,-0.4056701181621669,-128.0937703593138,0.03333563142299113,0.015277224531479658
2026-09-20 14:31:00,13.285889017991796,26.10594548249268,-4.503493930830353,129.87612193897814,0.0,-0.00284571384890296,-0.01920833840818458,0.04902034267903245,-64.40696745281866,0,-0.17107254402475291,0.06724742121562244,-129.87612193897814,0.05272620172251124,0.015290891736181866
2026-09-20 14:32:00,13.101483090696586,25.991929490390177,-4.826103942956214,131.66806629052687,0.0,0.006019367532848223,0.03130206811148488,0.04860121319394288,-64.72815967050634,0,-0.18440592729520944,-0.11401599210250168,-131.66806629052687,0.05812168422778743,0.015295479120236776
2026-09-20 14:33:00,13.288680079154258,25.85266935117692,-4.738483930600134,128.2261456335943,0.0,-0.015922630110859096,0.010006664146412507,0.05488661537260477,-62.97390280353659,0,0.1871969884576714,-0.1392601392132562,-128.2261456335943,0.05801899709618039,0.014576327389581952
2026-09-20 14:34:00,12.499887025306574,25.67719692303716,-4.8594810669315835,124.46028085658675,0.0,-0.01758306398187092,-0.015492026957706233,0.04476856253558474,-63.33683961707581,0,-0.7887930538476837,-0.17547242813975927,-124.46028085658675,0.05053109171343347,0.008268563373904799
2026-09-20 14:35:00,13.23054548927318,25.662323997628953,-4.566123503779368,128.7140364192504,0.0,-0.002700892037255484,-0.019876505777145424,0.042289636858589774,-64.62509975751055,0,0.7306584639666056,-0.01487292540820917,-128.7140364192504,0.046805808243605834,0.008388038306116804
2026-09-20 14:36:00,12.885195146338924,25.405636003981755,-4.769693894281577,133.08832166778112,0.0,0.01603279433807384,0.006144078917957442,0.04992225055547025,-64.94913764329401,0,-0.34535034293425504,-0.25668799364719774,-133.08832166778112,0.052792341305914925,0.008302194930531963
2026-09-20 14:37:00,12.465323816005442,25.597537328466295,-4.379522961487369,128.98931461964457,0.0,0.012874680023842195,0.0008841234976090503,0.03387631881909516,-63.275198878661115,0,-0.419871330333482,0.19190132448454023,-128.98931461964457,0.036251124628186734,0.009639928259905532
2026-09-20 14:38:00,12.311581919739035,25.5749307301742,-4.480356734719036,127.46069709562306,0.0,-0.017228254583726843,0.016642204344422543,0.05143423187534585,-64.14057620503573,0,-0.153741896266407,-0.022606598292096436,-127.46069709562306,0.05673848720269218,0.008602777769730799
2026-09-20 14:39:00,12.368488418444688,25.52912243282248,-4.475190469326468,132.77701662850816,0.0,0.013043357702313723,0.010939369462543995,0.03138180740478279,-64.28533415498609,0,0.05690649870565245,-0.04580829735171932,-132.77701662850816,0.035701776151606614,0.009641043027499498
2026-09-20 14:40:00,12.547668139096295,25.205282090125923,-4.746889821009336,129.00767531193085,0.0,-0.01671879552333017,-0.005289606975372452,0.06120818648830796,-61.16949636231106,0,0.17917972065160725,-0.32384034269655615,-129.00767531193085,0.06367055959305147,0.009242666421377374
2026-09-20 14:41:00,11.988596672167168,25.3739846678473,-4.360566989486809,128.46951755904934,0.0,-0.03220339595986869,-0.010876031909227328,0.056842699556607756,-62.296969070235534,0,-0.5590714669291277,0.1687025777213762,-128.46951755904934,0.06623019911129208,0.010413225892473928
2026-09-20 14:42:00,11.868211303714874,25.43477937962553,-4.7646535711419995,130.44836826898992,0.0,-0.007342871420944627,-0.003198842965976679,0.04073814123575987,-62.3849355182744,0,-0.1203853684522933,0.06079471177823237,-130.44836826898992,0.041518026306295225,0.010733600915323946
2026-09-20 14:43:00,11.698102733691671,25.558858933601595,-4.569918310100701,132.31225062885636,0.0,0.022459387431714713,-0.011013616933135252,0.05661138013338037,-62.24811789006908,0,-0.1701085700232028,0.1240795539760633,-132.31225062885636,0.06189161657578352,0.011086036626434571
2026-09-20 14:44:00,12.096304999272672,25.589706569515943,-5.189792414048911,137.14514059519763,0.0,0.01311921104282747,-0.002603910656095236,0.05111514224253882,-63.15817401111127,0,0.39820226558100025,0.03084763591434836,-137.14514059519763,0.05283608440797018,0.011094240259821395
2026-09-20 14:45:00,11.32201069819244,25.585666934145035,-4.684462523090058,132.48170832297228,0.0,-3.143614746388525e-05,0.0003288185723876339,0.0399098976891514,-61.59067558031233,0,-0.7742943010802321,-0.0040396353709084565,-132.48170832297228,0.03991126461844383,0.011616423759878486
2026-09-20 14:46:00,11.297321721018768,25.718781269950128,-5.164063298973648,133.47951989916504,0.0,-0.00833410967182115,-0.01795861786760114,0.02977123842770911,-62.13447177304668,0,-0.024688977173671134,0.13311433580509302,-133.47951989916504,0.03575326526704896,0.01250027087695263
2026-09-20 14:47:00,11.62178559759093,25.615617103879988,-4.6420739758682235,128.48210140303644,0.0,-0.007795242722328624,0.012613597241957606,0.05316435683426453,-62.78409490763152,0,0.32446387657216214,-0.10316416607014034,-128.48210140303644,0.05519345506564476,0.011758455502052963
2026-09-20 14:48:00,11.107069907483105,25.852386861269014,-4.444871904156259,126.92239568209158,0.0,0.0021756981172159234,-0.007408554289393406,0.04205718152864965,-62.67786580734093,0,-0.5147156901078258,0.23676975738902684,-126.92239568209158,0.04276010824460031,0.011823823466034796
2026-09-20 14:49:00,11.288459121920074,25.921772118236984,-4.753729211991125,130.18699404885737,0.0,-0.021368749716916574,-0.016837687005706866,0.0609496956969608,-63.361580511393264,0,0.18138921443696887,0.06938525696796916,-130.18699404885737,0.06674576071720581,0.01186021402360393
2026-09-20 14:50:00,10.563009003210771,26.00443199436484,-4.864427159529008,130.3215097457788,0.0,-0.006962146904025944,-0.007032148565637361,0.050140337338818515,-62.62413976374891,0,-0.7254501187093023,0.08265987612785608,-130.3215097457788,0.0511074948653615,0.011210865756871916
2026-09-20 14:51:00,10.669026491626175,26.049884738001467,-4.3580785124231785,126.76446177590621,0.0,-0.004311389227195377,0.004845163132405726,0.043004173035026835,-62.56060884671528,0,0.1060174884154037,0.04545274363662699,-126.76446177590621,0.04349048840004593,0.010120539804889262
2026-09-20 14:52:00,11.075805312718359,26.36115851607641,-4.644768144051098,129.47411641028796,0.0,-0.027021489169029952,0.0016607639962660692,0.06797838733090472,-62.87494190511138,0,0.40677882109218366,0.31127377807494483,-129.47411641028796,0.07317089693364298,0.012212221853677615
2026-09-20 14:53:00,10.333518562828829,26.345493460182023,-4.7835553010188985,131.1979528051574,0.0,-0.016768965017951498,0.008442362298089243,0.05576446492603006,-62.52693066913015,0,-0.74228674988953,-0.015665055894388047,-131.1979528051574,0.058840013744321275,0.011981474252428858
2026-09-20 14:54:00,10.403478531048588,26.324999818993838,-4.673091536663939,131.08118018505425,0.0,0.008210135829727629,0.01796692250151058,0.013449134848958946,-62.816804941731846,0,0.06995996821975936,-0.020493641188185308,-131.08118018505425,0.023897612071153606,0.01489293926274935
2026-09-20 14:55:00,10.445212943663577,26.579334943212825,-4.169554155902055,131.51286356015282,0.0,0.0001902367988198845,0.026098804080160663,0.04513608231209134,-62.67942991858083,0,0.041734412614989225,0.2543351242189864,-131.51286356015282,0.052138754213522605,0.014553975449879375
2026-09-20 14:56:00,9.998049876403732,26.768845769510794,-4.443331365415561,130.87289419041232,0.0,-0.00617523582386766,0.005709723253761064,0.03615911007987577,-62.153510754812906,0,-0.44716306725984545,0.189510826297969,-130.87289419041232,0.037124327857666214,0.014407327783480861
2026-09-20 14:57:00,10.104817930530794,26.779683691573176,-4.356020052869212,128.47897402218985,0.0,-0.01822854875075928,-0.021388047744709936,0.04200202062279691,-62.703204002920835,0,0.10676805412706258,0.010837922062382432,-128.47897402218985,0.05053610899432857,0.01431180107033946
2026-09-20 14:58:00,10.204785074717092,27.097479230598985,-4.500687097632009,128.45829812005348,0.0,0.03153699651178434,-0.005382216050606015,0.048552676010814644,-62.553082236138316,0,0.09996714418629793,0.31779553902580915,-128.45829812005348,0.058145616742888144,0.014276213050862878
2026-09-20 14:59:00,10.135157599450363,27.181306490647607,-4.481101009985227,126.40314580601837,0.0,-0.016759584293586368,-0.020086367687660162,0.053540485085875465,-64.5772082954031,0,-0.06962747526672963,0.08382726004862207,-126.40314580601837,0.05958967507721919,0.013591104341361545
2026-09-20 15:00:00,22.38410560625114,27.765752166233465,1.165188246721409,135.35432511755528,181.39765684040506,0.005031856145234749,0.03393708147424564,0.05261365742113574,-62.50861489408866,0,12.248948006800777,0.584445675585858,46.043331722849786,0.06281116160750853,0.01411399218830113
2026-09-20 15:01:00,22.662353835532386,28.196510435042274,1.7142013936141303,130.04035109385788,181.84028005524706,-0.009757381761475907,0.03974801765054327,0.06077873076564802,-61.356813955952354,0,0.27824822928124604,0.43075826880880896,51.799928961389185,0.07327458986217672,0.015223706425680555
2026-09-20 15:02:00,22.142508204987042,28.29174364111451,1.8197883377638182,129.32544083261544,182.9707310039362,0.0007255858527667031,0.013006223949926857,0.05636598377508667,-61.37009263387914,0,-0.519845630545344,0.09523320607223695,53.64529017132077,0.057851641836673226,0.013899998905318813
2026-09-20 15:03:00,22.63113308564464,28.550391308441828,1.5782183238203362,127.21362375564263,181.90313238127823,0.009152194838807446,0.01716917685278061,0.055747469291255056,-62.77188335240494,0,0.4886248806575999,0.2586476673273168,54.6895086256356,0.05904509832787965,0.013909031089382861
2026-09-20 15:04:00,22.996951815707675,28.75321496188402,1.2249641232555084,138.80697370698334,179.587497583344,-0.02740513178415772,0.005018863864733183,0.05201492323133275,-61.55354523527404,0,0.3658187300630331,0.20282365344219144,40.78052387636066,0.05900663082536755,0.009285701450487995
2026-09-20 15:05:00,23.44452007675785,28.837502946704564,1.7541378810375485,126.78001590333132,186.98856080954943,-0.00013232488306976007,0.007321118309215825,0.06286798852725901,-63.20020291686445,0,0.44756826105017566,0.08428798482054489,60.20854490621811,0.06329297168434884,0.009313127831480205
2026-09-20 15:06:00,23.397627915840495,29.140071079166095,1.9914528613873732,128.7134562231818,184.68874982193353,0.02381457297959691,-0.03194908436658245,0.04683723456809083,-61.88619659018708,0,-0.046892160917355596,0.3025681324615306,55.97529359875173,0.06149475115853314,0.005718714204151412
2026-09-20 15:07:00,23.458865250299507,29.106909012933652,2.0733644382923524,131.24751050885817,184.71662534429066,0.03523003786984006,-0.0014786473051382055,0.0470969673126481,-62.52240242137067,0,0.061237334459011805,-0.033162066232442555,53.46911483543249,0.05883422725091238,0.004605105345167496
2026-09-20 15:08:00,23.757636128829393,29.33349815963364,2.248493469281666,131.80063889723283,188.56051873282323,-0.0026002794651026205,-0.017623061246925194,0.0309442664702747,-64.02677382157549,0,0.2987708785298864,0.2265891466999861,56.7598798355904,0.035705480929303805,0.009352306626184626
2026-09-20 15:09:00,23.941992786745796,29.492100440851324,2.017794308515474,132.87379616564706,187.0492438164366,0.0008336241443381757,0.005627130750767404,0.06056164043810036,-63.239007215137946,0,0.18435665791640332,0.15860228121768571,54.17544765078952,0.06082821567540847,0.009367838185793101
2026-09-20 15:10:00,23.6393878667315,29.53618991078507,1.7755977707911583,135.42282552330778,190.5345826161722,0.04422666057203066,-0.0011921969077706841,0.04923074244220846,-60.80049545805533,0,-0.3026049200142964,0.04408946993374485,55.11175709286442,0.06618976386293862,0.009570699047846593
2026-09-20 15:11:00,24.148588553474514,29.75125203142394,1.7074302730597788,131.51847296638215,190.14608549976774,0.022698485631983966,0.038936439246922284,0.07933605706171273,-62.97181326279087,0,0.5092006867430143,0.21506212063887276,58.62761253338559,0.09124405460803456,0.013367286321084046
2026-09-20 15:12:00,24.69631819183675,29.73392292853259,1.9291841853330292,126.8319076001,190.68752950607322,-0.012345691385104378,0.01833255377445683,0.045944673082375424,-61.078643105677315,0,0.5477296383622345,-0.017329102891352477,63.85562190597322,0.05098442515431497,0.01373818692034793
2026-09-20 15:13:00,24.358538592335954,29.863181340382475,1.806007263375394,129.22916462463465,186.90367043177088,-0.012379669017722458,0.005690239650432898,0.050885781294167355,-65.03876885455558,0,-0.33777959950079506,0.12925841184988585,57.67450580713623,0.052678247599797286,0.013967101930175228
2026-09-20 15:14:00,24.615704741714996,29.8777717902024,2.0134740658612844,130.92349711754164,192.2783852706574,0.019130989235745372,-0.005338793742792519,0.05546504953608414,-63.06960216800708,0,0.25716614937904225,0.014590449819923634,61.35488815311575,0.05891408310248537,0.013967882975382933
2026-09-20 15:15:00,24.653800105235533,30.127818373656748,1.9070779005442102,136.20467812451747,190.49745092850824,-0.020220742600914613,0.033520429175198596,0.03898100027011287,-66.58836910462131,0,0.03809536352053655,0.25004658345434905,54.29277280399077,0.055245053945855535,0.013989965814532674
2026-09-20 15:16:00,24.17526651491603,30.2215132171105,2.063259948774447,125.8065835647271,189.25718175192264,0.02175453502677706,-0.0005990929225305966,0.05358547713879228,-64.29452276500581,0,-0.47853359031950404,0.09369484345375056,63.45059818719554,0.057836165733502136,0.013971456983827717
2026-09-20 15:17:00,25.011298673731574,30.382499719851374,2.0890700188598483,133.6077295156757,190.20342503920918,0.006685999275020167,0.006633479232705556,0.05034661432057186,-63.90822221704898,0,0.836032158815545,0.1609865027408759,56.59569552353349,0.05121998835006425,0.014178122091171818
2026-09-20 15:18:00,25.223845217705794,30.409211715353653,1.9409118256667508,130.53974310863924,186.1860058429853,0.01035441528054145,0.0008449920885367,0.04696311810323163,-63.94989830000062,0,0.21254654397422001,0.02671199550227854,55.64626273434607,0.048098465561904176,0.012439689660109061
2026-09-20 15:19:00,25.099914001893225,30.356790315317465,2.0652096742820274,132.51349160568844,190.28030649983546,-0.005134676069601067,-0.008083078114146453,0.06172603958743007,-65.83687975894185,0,-0.1239312158125685,-0.052421400036188004,57.76681489414702,0.062464429984496875,0.012472393195903906
2026-09-20 15:20:00,25.019492854566167,30.312026784674856,2.27591494631283,129.6940158500922,187.0342312518927,-0.012596496084928197,0.0007301244477104029,0.04096251282089344,-64.24808022206639,0,-0.0804211473270584,-0.04476353064260863,57.34021540180049,0.04286178078345107,0.013237650616705326
2026-09-20 15:21:00,25.205510964441572,30.506909365223148,1.8515983312020925,127.47270210962103,185.92675309480168,0.029239856617366406,-0.03923933701356632,0.05274902113082222,-66.06845292699316,0,0.18601810987540546,0.19488258054829188,58.45405098518066,0.07195244272801522,0.008143094078496187
2026-09-20 15:22:00,25.79408572508641,30.597533827079104,1.9690133202140485,132.252618338204,185.0402456657601,-0.004934745611069499,-0.030954128024823748,0.06454664291385045,-65.94269162996889,0,0.588574760644839,0.09062446185595618,52.787627327556095,0.07175499193415932,0.009480302557888577
2026-09-20 15:23:00,26.242813192956156,30.57376435770364,2.058603061105863,131.96329308131686,189.68242887174705,-0.008218701531477236,0.006992610833392551,0.04293378244043702,-66.45036903298441,0,0.4487274678697446,-0.02376946937546265,57.71913579043019,0.04426910136623018,0.010275649304569926
2026-09-20 15:24:00,26.142886346140532,30.60738176008949,1.8111575338384451,132.91617089721916,185.49610501812592,-0.0016027413575961835,0.031363993810549724,0.04703114017307701,-67.38482986037376,0,-0.0999268468156238,0.03361740238584687,52.579934120906756,0.05655260412737126,0.010240100398591455
2026-09-20 15:25:00,25.39263467597318,30.467330941259586,2.287483077280638,129.9600860938641,189.05217686087258,0.003860442654358858,0.006964422082883377,0.07345304563471829,-64.90144990851398,0,-0.7502516701673514,-0.1400508188299021,59.09209076700847,0.0738833953297502,0.011642059908568016
2026-09-20 15:26:00,26.11062093483398,30.420387891640264,2.171619861699601,128.20053393004045,184.08341079211004,-0.020616502534388972,-0.014407377097933079,0.054743910651560576,-66.63567012116914,0,0.717986258860801,-0.04694304961932261,55.882876862069594,0.060245401857889215,0.011661151602742049
2026-09-20 15:27:00,25.70394471856385,30.360928941972308,1.7941105505245973,125.32363901492847,180.8590828871524,-0.011297429884138233,-0.02885707508134671,0.044938025233573826,-65.7972024895096,0,-0.4066762162701316,-0.05945894966795606,55.53544387222392,0.054587441926974546,0.011480228698792089
2026-09-20 15:28:00,25.767118801201207,30.385782197049558,1.7013790552728258,132.45811980441823,181.11683262166173,-0.012360641478121158,0.015690545209512772,0.058026247600784786,-66.02756317748502,0,0.06317408263735658,0.024853255077250225,48.6587128172435,0.0613679401426347,0.010873790983379017
2026-09-20 15:29:00,25.83225928475897,30.32964114715551,1.9702583395461608,131.27166844733196,184.8641165321537,0.01690560609213697,-0.01134390302030202,0.044319064484089746,-68.21358571610449,0,0.06514048355776225,-0.05614104989404822,53.59244808482174,0.04877154016249047,0.011378555580293015
2026-09-20 15:30:00,26.201800031372844,30.293911329918117,1.8738540655139548,127.10265210140813,181.09940372472533,-0.017719251359997787,0.0128647083710512,0.034350840758399295,-66.1873035989692,0,0.36954074661387537,-0.035729817237392325,53.99675162331721,0.04073638240001049,0.011720419709350931
2026-09-20 15:31:00,26.286911069692138,30.18595759834035,1.9361097325733299,128.38427898011014,179.3192320313517,-0.03511535715516108,0.007797303161314345,0.0637236394526517,-67.04112111252418,0,0.0851110383192939,-0.10795373157776567,50.934953051241564,0.07317505360309287,0.011882613463289152
2026-09-20 15:32:00,25.968885090782084,30.10139913444219,1.8825445269136298,128.59972356414568,179.73629501742977,-0.03934189125812308,0.009566007845093786,0.03896940735868986,-68.70888156911201,0,-0.3180259789100539,-0.08455846389816202,51.13657145328409,0.056195263356851426,0.010940470538054518
2026-09-20 15:33:00,25.963138891513267,29.943571604251762,2.290621599030126,125.55104670405275,179.4261085309026,-0.029407602693514345,0.0006720341470711185,0.07451712624997292,-67.32405630455588,0,-0.0057461992688168095,-0.15782753019042772,53.87506182684986,0.0801128006664904,0.01212179540215809
2026-09-20 15:34:00,26.105938364780613,30.012902046315286,1.5558168085766146,127.54695281018459,179.67938661153661,0.027230764056962228,0.0076728876993928255,0.045106676245377945,-68.88155729358151,0,0.14279947326734543,0.06933044206352434,52.13243380135202,0.0532447176598654,0.01228739030306296
2026-09-20 15:35:00,26.106342149353022,29.815366510570183,1.8608934182401178,126.59850892958093,179.38916618288965,0.00032413198968103316,-0.002389088025126702,0.07133264681561856,-66.31797348358334,0,0.00040378457240919374,-0.19753553574510363,52.79065725330872,0.0713733795252846,0.011999811748100834
2026-09-20 15:36:00,26.24825823554034,29.67121355794935,1.4644671873810298,128.76256296433618,174.8552582754733,0.010024981736144054,-0.012706130687364073,0.03631328931479942,-67.15619074487924,0,0.14191608618731877,-0.14415295262083205,46.092695311137106,0.03975677296656159,0.013593013216752043
2026-09-20 15:37:00,25.459789219248442,29.487355905906554,1.7017370522927968,127.78390750501131,172.04954321875098,0.010729754542426584,-0.01926998121032103,0.060254935862662534,-68.06605877946343,0,-0.7884690162918986,-0.18385765204279636,44.26563571373967,0.0641647652859451,0.013668359169038639
2026-09-20 15:38:00,25.79120855269087,29.29540830954901,1.3885479623811239,125.11898523739976,173.05449076832627,0.0011236783678464067,-0.047700175959419576,0.05499726272984651,-66.73425337199303,0,0.331419333442426,-0.19194759635754366,47.93550553092652,0.07280980941747972,0.014360241481335044
2026-09-20 15:39:00,25.395431547248123,29.419549848808597,1.411231425245606,136.06777069170843,173.64289942132604,-0.0014956259330261644,-0.003622191248090191,0.05837746225555152,-69.56437667294517,0,-0.39577700544274563,0.12414153925958615,37.5751287296176,0.058508847756280624,0.01383212623598102
2026-09-20 15:40:00,25.621907023583706,29.19864543740271,1.1863772780664674,133.75762219308768,170.50445719449948,0.020890528596362815,0.030387563659039062,0.05968022706676261,-68.69436331425328,0,0.22647547633558318,-0.22090441140588624,36.746835001411796,0.07015374339910843,0.012056028746434968
2026-09-20 15:41:00,25.481596888229276,28.83013899390738,1.361738531208861,127.66294173544004,169.90292705956583,0.002919918286252799,0.014601601850751949,0.045022548577188286,-68.13963501264402,0,-0.14031013535442938,-0.3685064434953311,42.23998532412578,0.04742111955438795,0.012604590268530844
2026-09-20 15:42:00,25.43881263042468,28.91378460546073,1.1805058538991149,130.81726418996084,171.9718180389639,0.027981949585268288,0.004554182369519166,0.03691156157997002,-65.57368538044688,0,-0.042784257804594716,0.08364561155335082,41.154553849003065,0.046542383457653456,0.013390391845776587
2026-09-20 15:43:00,25.107672296760832,28.770937377429018,1.3172934057562518,131.25239526946388,170.74103592936456,0.012416598905797325,-0.01468009988578302,0.049490822696607824,-68.782509507011,0,-0.3311403336638499,-0.14284722803171235,39.48864065990068,0.0530944327800108,0.011575732685515653
2026-09-20 15:44:00,24.787798677316133,28.529330477957302,1.5374828091870274,133.57325756432044,170.54957325192802,-0.01235592546962056,0.019946784515181545,0.052230302575851345,-69.30316647054939,0,-0.3198736194446994,-0.24160689947171576,36.97631568760758,0.05725860296820809,0.011472945355550697
2026-09-20 15:45:00,24.483961529537215,28.512611109724844,1.4650880930772874,127.54418492001976,168.7077081539489,-0.009942680477398725,-0.002386186236060498,0.04528155378844496,-68.90606358651695,0,-0.3038371477789177,-0.01671936823245801,41.163523233929126,0.04642165328081976,0.010969741544263275
2026-09-20 15:46:00,24.943466802427427,28.208811719349605,1.4228920901215572,133.27632035194728,169.60228853525382,-0.01454929612908559,0.031498686275781174,0.05277553970159862,-66.40419465005414,0,0.4595052728902118,-0.3037993903752394,36.32596818330654,0.06315937654653443,0.009625006609988085
2026-09-20 15:47:00,24.716593079413496,27.87896571308834,1.7542146875519404,128.3562840873792,168.1523011358224,0.024350960439014312,-0.019621745265893626,0.053296255311747406,-67.73730000241744,0,-0.22687372301393083,-0.32984600626126337,39.79601704844319,0.061793794120745024,0.009483157797506522
2026-09-20 15:48:00,24.499071422763453,27.890581541535884,1.689406043621551,125.99241278749416,171.81875073389116,-0.008101019058911056,-0.014999390559453128,0.040899735534561346,-67.12001752695946,0,-0.21752165665004242,0.011615828447542498,45.826337946397004,0.04431023125357068,0.008692672163614211
2026-09-20 15:49:00,24.947823347387516,27.712619308556526,1.3194387593468424,132.1724096779435,172.2459725432042,-0.01596945593599265,-0.016945398884392567,0.05394971281690466,-66.00231165491131,0,0.4487519246240623,-0.17796223297935754,40.0735628652607,0.05876003386034823,0.008704721479571425
2026-09-20 15:50:00,24.13605712037723,27.463250407933472,1.266525666483884,133.8722752723673,166.71838152889242,0.006395560822536402,-0.029642367408680263,0.04732787976305355,-66.71519150411177,0,-0.8117662270102848,-0.24936890062305395,32.84610625652513,0.056209441793100966,0.006922645302718498
2026-09-20 15:51:00,24.65578509420731,27.418503128620664,1.002537361299492,137.76372692059206,168.88283145633787,-0.0019433421274500636,-0.018740893703835252,0.043000190997966294,-66.13411586523333,0,0.5197279738300793,-0.04474727931280853,31.119104535745805,0.04694692856092244,0.006970349029069656
2026-09-20 15:52:00,24.549158610566632,27.034786164559854,1.3909572750508858,126.40082420472936,168.17239493261832,0.005891370251503277,0.0020643251953183523,0.057873751382239935,-65.57491480327792,0,-0.10662648364067806,-0.3837169640608096,41.77157072788896,0.05820945611329522,0.0066550262668780445
2026-09-20 15:53:00,23.302852025122714,27.144562160753253,1.0631828205656613,132.09675905524236,170.3772777089472,0.03779627807787687,-0.01424402049701255,0.04223008788306456,-66.30496904855471,0,-1.246306585443918,0.10977599619339884,38.28051865370483,0.05843655601651132,0.006733232699546324
2026-09-20 15:54:00,23.73723395863501,26.805886721402324,1.7329258880825924,128.7705962686194,172.1054791848594,0.018261416118577196,-0.07712750658481193,0.045433324100952736,-65.79870445822202,0,0.43438193351229515,-0.33867543935092925,43.33488291623999,0.0913581880813551,0.013326226784313968
2026-09-20 15:55:00,23.406735020958532,26.648312766017433,1.2690577053460752,132.35007613157208,170.04530630489904,0.0005402110860381271,0.021485465948402435,0.05072050850186656,-65.14413769934927,0,-0.3304989376764773,-0.1575739553848905,37.69523017332696,0.05508617846361605,0.01271702992269943
2026-09-20 15:56:00,22.466411417208437,26.594101070486047,1.6883868866174552,125.58853134630625,171.84361399502617,-0.028168467684120173,-0.03368187458694811,0.06374311620654238,-64.26893988116252,0,-0.9403236037500946,-0.05421169553138583,46.25508264871992,0.07740230042500668,0.013922004272493186
2026-09-20 15:57:00,22.716519673449653,26.51365256544757,1.4454340127413978,126.21169067290431,172.48522982986063,-0.009999249944172712,0.011784565697732742,0.05192784077724298,-65.67956280551672,0,0.2501082562412158,-0.08044850503847911,46.27353915695632,0.05417897780428232,0.01407216732008771
2026-09-20 15:58:00,23.18947814898847,26.358415307378717,1.804908716448801,127.67237553050055,175.76851286466032,0.014220922050906063,0.0006242917933912955,0.05528288332474668,-67.6586267752324,0,0.4729584755388174,-0.15523725806885125,48.09613733415978,0.0570860889614869,0.01302108344554478
2026-09-20 15:59:00,23.367450365257486,26.146790671148768,1.4962913912574796,130.23689213700425,176.39992202577014,-0.023420820793236326,0.04234745632840685,0.04702357464003504,-63.711837097568036,0,0.1779722162690156,-0.2116246362299492,46.16302988876589,0.06747635494039496,0.01311852300372824
2026-09-20 16:00:00,13.578090684536999,26.05738483261099,-4.602511608639826,128.07675620038492,0.0,0.04281940592660708,0.019939149630452395,0.0492151037562366,-63.22129752486023,0,-9.789359680720487,-0.08940583853777895,-128.07675620038492,0.06821435076016084,0.013054574087922148
2026-09-20 16:01:00,13.300640706461536,25.890032503658933,-4.537904902028613,131.97716303174025,0.0,0.0002883312527109729,-0.010092091909699485,0.049511227664804064,-63.71247868786804,0,-0.2774499780754631,-0.16735232895205598,-131.97716303174025,0.05053014069742109,0.012592588530766658
2026-09-20 16:02:00,13.088067838660406,25.885082497639033,-4.594729703795414,133.08068385477375,0.0,0.0009769678641896975,-0.01404127124710624,0.05293306236017025,-63.41526666217138,0,-0.21257286780113027,-0.004950006019900144,-133.08068385477375,0.05477244613186583,0.012807142545199912
2026-09-20 16:03:00,13.485320517075833,25.92856269041712,-4.711503608208248,131.79873262373607,0.0,-0.013332903859159558,0.030054553615985708,0.0470403242695174,-64.02805346241465,0,0.3972526784154269,0.043480192778087456,-131.79873262373607,0.057391938682667794,0.012856780108754212
2026-09-20 16:04:00,13.506691232621185,25.743824945414442,-5.169924882219293,134.8563629189826,0.0,0.009934755135514369,-0.029517421942028235,0.0633999988547621,-62.754406108887565,0,0.02137071554535197,-0.18473774500267837,-134.8563629189826,0.0706366577103574,0.00890291571213292
2026-09-20 16:05:00,12.56403383006782,25.763405172299038,-4.088847882000945,131.24747988836603,0.0,-0.02316003613044464,0.003817598718374161,0.04626833761497858,-62.20438256613533,0,-0.9426574025533654,0.01958022688459593,-131.24747988836603,0.051881792559545156,0.009203124464273866
2026-09-20 16:06:00,12.014669771863751,25.76653494904883,-4.163303558408926,126.3493098689795,0.0,0.04329785178202915,-0.00262240926499344,0.03292758864794633,-62.817494335707735,0,-0.549364058204068,0.003129776749791091,-126.3493098689795,0.05445922413567836,0.007313739135311562
2026-09-20 16:07:00,11.857057770919674,25.516293472724374,-4.644398232901448,134.090129540615,0.0,0.026347026093040227,-0.006864521374093518,0.0774279660437002,-60.213939050079595,0,-0.15761200094407712,-0.2502414763244545,-134.090129540615,0.08207543702781679,0.01017427498222539
2026-09-20 16:08:00,12.752765093732194,25.521311871765825,-4.7286597310746945,128.184531293182,0.0,0.019685928903940914,0.007070279688968509,0.04672631309056248,-64.11605214926558,0,0.8957073228125196,0.005018399041450294,-128.184531293182,0.05119446246156441,0.0106161974541803
2026-09-20 16:09:00,12.210187491637793,25.73289177702259,-4.763120414449562,132.73125549905672,0.0,-0.027808580115796188,0.0037911972101735136,0.06313169787091348,-62.25346107765909,0,-0.5425776020944006,0.21157990525676595,-132.73125549905672,0.0690890843795703,0.010739355669308531
2026-09-20 16:10:00,12.146385342614776,25.64704704845317,-4.920155609157637,134.72120264966532,0.0,0.004108265409155017,0.009148014855834885,0.0640479084195976,-63.47281852603046,0,-0.06380214902301695,-0.08584472856941971,-134.72120264966532,0.06482822374089695,0.010538985711582037
2026-09-20 16:11:00,11.420919058673151,25.333307859775044,-4.439016813330409,131.3700640321912,0.0,0.02418172796028009,0.002779513047265678,0.059452143122503825,-61.31941225641335,0,-0.7254662839416248,-0.31373918867812733,-131.3700640321912,0.0642420343839109,0.009946165664122313
2026-09-20 16:12:00,11.599045359284567,25.548303309516488,-4.430053834704849,125.51152356050605,0.0,0.011862107987154785,0.008353628100344953,0.04801972780402598,-63.70096456809108,0,0.17812630061141554,0.21499544974144413,-125.51152356050605,0.050163602010925616,0.010416872789627479
2026-09-20 16:13:00,11.604022946233675,25.52974903951666,-4.701310039545918,127.24536350047063,0.0,-0.020042182092675498,0.0018673038586318937,0.05286684819874343,-63.39363361663603,0,0.004977586949108215,-0.018554269999828676,-127.24536350047063,0.056569245400706965,0.010456938156832147
2026-09-20 16:14:00,11.62404928047145,25.64341799003752,-4.878730784134078,133.9682334006554,0.0,-0.013001875106173106,-0.01318853774432629,0.03725489790695073,-62.653528800867505,0,0.02002633423777489,0.11366895052086079,-133.9682334006554,0.04160425101077251,0.011609449151215055
2026-09-20 16:15:00,11.313098017399419,25.528191436593648,-4.400499226595717,129.49263194307156,0.0,-0.009038722760119812,8.002520473190796e-05,0.06990147773818277,-61.7358195754711,0,-0.310951263072031,-0.11522655344387189,-129.49263194307156,0.07048348390331853,0.011898155636551649
2026-09-20 16:16:00,10.994976141114087,25.571295879085664,-4.331363309379708,130.2387206048265,0.0,-0.01206875668977215,-0.0142877311940804,0.041481940018173305,-62.599242834975755,0,-0.31812187628533195,0.04310444249201595,-130.2387206048265,0.04550324711910729,0.012710295426194253
2026-09-20 16:17:00,10.947384803531875,25.650634269880914,-4.418493446177423,132.27647324849082,0.0,0.03057557671420615,-0.015607532094617007,0.047460990372591244,-62.6121275142512,0,-0.04759133758221168,0.07933839079525029,-132.27647324849082,0.058574794550540286,0.009963721133080541
2026-09-20 16:18:00,11.425463643183415,25.734170506079774,-4.566056750783526,132.08896858624098,0.0,-0.038420262776465125,-0.006723000054355036,0.05098986487040251,-62.25112757774202,0,0.4780788396515394,0.08353623619886008,-132.08896858624098,0.06419720898174154,0.009937652898067934
2026-09-20 16:19:00,11.020776849787467,25.955830324433894,-4.723253525087541,130.8363994371564,0.0,0.01311838279317673,-0.0023884632147168484,0.048925602451630405,-62.37636195724248,0,-0.40468679339594793,0.2216598183541194,-130.8363994371564,0.0507100709809339,0.009454722239263864
2026-09-20 16:20:00,11.020040062368324,25.84855640376616,-5.26880258243506,129.3739948863386,0.0,-0.025846067498569023,0.0007045061269562164,0.04343126717706606,-60.73044750252855,0,-0.0007367874191430701,-0.10727392066773334,-129.3739948863386,0.050544935479523566,0.009162652192305363
2026-09-20 16:21:00,10.46095210485153,26.0058273911141,-4.549924947481317,129.06199466280293,0.0,-0.019225029749021356,0.018327576547266612,0.06394339052054689,-61.635069846263804,0,-0.5590879575167929,0.15727098734793898,-129.06199466280293,0.06924058796840071,0.009819913019337516
2026-09-20 16:22:00,9.744328055566102,25.99918289454314,-4.735140625907178,132.57369647587402,0.0,-0.04019466733737435,-0.009969281650816867,0.0595027928348828,-62.76723531576606,0,-0.7166240492854286,-0.006644496570960001,-132.57369647587402,0.07249538064005515,0.010887286033932634
2026-09-20 16:23:00,10.379489185492544,26.396885673674273,-4.6741717447787074,131.66070859320337,0.0,-0.010981088623177317,0.00393703852949641,0.05322047204325693,-60.48507331525813,0,0.6351611299264412,0.3977027791311336,-131.66070859320337,0.05448397217751204,0.010937425574938223
2026-09-20 16:24:00,10.188897076651852,26.548936415262308,-4.604509816241453,129.22809999814663,0.0,0.030214633030784272,0.0023605542788763777,0.0460044694400325,-62.24663206211408,0,-0.19059210884069167,0.15205074158803455,-129.22809999814663,0.055089994319725305,0.009451266472282725
2026-09-20 16:25:00,10.472911054984557,26.52179705255285,-5.0240501802105255,133.24633693897943,0.0,0.00529648484929556,-0.012172565749321303,0.06064275871844471,-63.87916051255898,0,0.28401397833270536,-0.027139362709458936,-133.24633693897943,0.06207872657894868,0.008671198410749315
2026-09-20 16:26:00,11.280513345906181,26.66380249532205,-4.5175503477230015,129.61289765461066,0.0,-0.02396723093998194,0.0014748157241308982,0.04535531367222435,-62.84009405174265,0,0.8076022909216238,0.14200544276920013,-129.61289765461066,0.051319662105828716,0.007876735235877813
2026-09-20 16:27:00,10.43751077140284,26.8838167416939,-4.425164361372088,127.44501347699682,0.0,0.02034295348758625,0.020054428303546274,0.06570391840337816,-62.7607149352686,0,-0.8430025745033412,0.22001424637184996,-127.44501347699682,0.0716451027268295,0.00884638698967166
2026-09-20 16:28:00,10.991782117984446,27.1360002066437,-4.425071097276995,127.72308790328997,0.0,0.024626085271373714,0.003730124337668002,0.051112209154834276,-64.19529679571001,0,0.554271346581606,0.2521834649498018,-127.72308790328997,0.05685785634417602,0.008780327805564042
2026-09-20 16:29:00,10.291783987803608,27.1839641948324,-4.348676652537848,127.0637774910707,0.0,0.002080929620781712,0.0045316785805461605,0.06229781526972715,-64.7819829763829,0,-0.6999981301808376,0.04796398818869818,-127.0637774910707,0.06249707326127422,0.008252486701674815
2026-09-20 16:30:00,21.811034128728185,27.930245805752488,1.9760403968985485,129.18276995018894,181.1292118517872,0.040694983163051805,-0.014106566618853346,0.04886179673816417,-61.91354090995756,0,11.519250140924576,0.7462816109200894,51.94644190159826,0.06513487588761406,0.007530433584014038
2026-09-20 16:31:00,22.30429150051898,28.004660980109836,1.5343452839091993,133.70117283500858,178.95900548908406,0.01643128249249229,0.03937717702409752,0.05071533182040945,-62.37063241120436,0,0.49325737179079354,0.07441517435734823,45.257832654075486,0.06627664744379752,0.007271342780331447
2026-09-20 16:32:00,22.933525246430627,28.220833930289434,1.927078150034413,127.58471445690847,181.93958900620214,0.013653050145851761,-0.012967127406450021,0.062254210614586664,-60.56244241685578,0,0.6292337459116482,0.21617295017959748,54.35487454929367,0.06503951806944425,0.006378924995312989
2026-09-20 16:33:00,23.146621308790767,28.5039952720189,1.8768344830132977,130.5654272830543,182.60649355080773,-0.016067574143325804,-0.033355669210949554,0.07193925151804445,-61.35210691078315,0,0.21309606236014034,0.2831613417294676,52.04106626775342,0.08090749975334809,0.00848533445049158
2026-09-20 16:34:00,22.62207611276732,28.593260725538755,2.032785150680275,128.02993196311775,184.34479926716838,0.012547969712426816,0.01720368240436153,0.06560366817504881,-62.80590443514237,0,-0.5245451960234462,0.08926545351985382,56.31486730405064,0.06897288967555318,0.00804729584259692
2026-09-20 16:35:00,23.06557094572788,28.837483512589458,2.1580766973439762,129.2190728761857,184.05520152837533,0.004335825552089866,-0.0022963407929685194,0.0587713461937785,-61.83073268926992,0,0.44349483296056036,0.24422278705070255,54.83612865218964,0.05897578908064367,0.008233253218407451
2026-09-20 16:36:00,22.753300762744015,28.918253454148,2.2685052926960254,125.46987636404424,185.383479542607,0.010396580053420534,-0.006060836418941502,0.055892834329575966,-61.10012417160414,0,-0.3122701829838661,0.08076994155854322,59.91360317856277,0.057173696262335316,0.0073297640224461
2026-09-20 16:37:00,23.618991817229237,29.01896505826056,2.513893184440045,129.3383853125304,188.0942712152599,-0.013691712382826612,-0.010911075608230543,0.04493051309740374,-63.889910666404674,0,0.8656910544852217,0.10071160411255775,58.75588590272952,0.048221007518492814,0.00870724445679518
2026-09-20 16:38:00,24.023679778951372,29.153313214182944,2.472763387903137,129.4188838605851,186.30003243451878,0.0025619776871797333,0.03743429248631676,0.05295229741105433,-63.66511645865691,0,0.4046879617221357,0.13434815592238536,56.88114857393367,0.06489865780375946,0.008443715934317864
2026-09-20 16:39:00,23.751801972679726,29.567841634424912,1.908760311618871,131.6208638321071,184.6201148947975,-0.016337230004299163,0.007091805572093653,0.04086950816003269,-62.81610201065807,0,-0.2718778062716467,0.4145284202419681,52.999251062690405,0.04458155995171916,0.010422045086794486
2026-09-20 16:40:00,23.717486938108774,29.634823282592706,1.4199558516196862,130.66984273976612,191.9138776564898,-0.04294264199932064,0.010995024432901696,0.05375782133684774,-62.94716129984579,0,-0.03431503457095175,0.0669816481677934,61.24403491672368,0.06967685712664115,0.010669007486215923
2026-09-20 16:41:00,24.198788201105906,29.84642639580896,2.5784435693987193,126.40482362514386,191.6749817579953,0.01996609137156767,0.0032523124716453467,0.05440050660693574,-63.22679113105872,0,0.48130126299713183,0.21160311321625613,65.27015813285145,0.05803996433632836,0.01066062110558058
2026-09-20 16:42:00,24.38380760298909,29.847385317324317,1.8020415442501034,133.25259473213063,186.73586546946103,-0.030047779633790347,0.005400992268903925,0.030391548585318087,-63.68987026118325,0,0.185019401883185,0.000958921515355371,53.4832707373304,0.043077674076293114,0.012055402705479721
2026-09-20 16:43:00,24.445088772499044,29.862439041423116,1.996277799347953,130.630909120666,191.01499746466231,0.002143729295648322,0.027972492211188284,0.05038738609191707,-63.92090264713257,0,0.06128116950995377,0.015053724098798682,60.384088343996325,0.057671002878170306,0.009409573235450957
2026-09-20 16:44:00,24.63048528625155,30.14135475148502,2.0007883452610358,130.59518055153245,188.8485477587819,0.006660042588980796,-0.0050170932245539,0.05414874899089105,-63.4360858238493,0,0.18539651375250443,0.27891571006190574,58.253367207249454,0.05478699123870034,0.008445520641034373
2026-09-20 16:45:00,24.674410584952525,30.100370661883566,2.0724382248105813,129.97245293984457,190.50192429670264,0.006531260317261097,-0.029138750910414596,0.04916290142860978,-62.92009035917502,0,0.04392529870097661,-0.040984089601455054,60.52947135685807,0.05752143116117869,0.008395413362785835
2026-09-20 16:46:00,25.168210842066014,30.2110722265541,2.3416488416678183,128.44672765833334,190.58418428844206,-0.005661581471965004,0.017361093084555537,0.05358048838856571,-64.77524000977945,0,0.4938002571134881,0.11070156467053494,62.137456630108716,0.056606799890221,0.008385250706729852
2026-09-20 16:47:00,25.225989854110708,30.2602909660859,1.787913754340679,130.65340701924617,189.44783250389204,0.005424229505599469,0.00993403224484784,0.03658277756643686,-62.101040249529646,0,0.057779012044694156,0.049218739531799116,58.79442548464587,0.03829369238982431,0.009810383936945884
2026-09-20 16:48:00,24.838376694366687,30.035407292989664,1.8110336961925149,131.42676530778576,188.17094497760914,0.009419341395703242,0.002159596257700854,0.042241356944397415,-62.82709695925658,0,-0.38761315974402066,-0.2248836730962367,56.74417966982338,0.043332667640350465,0.009643234157464368
2026-09-20 16:49:00,24.950484838209917,30.545743372211692,2.330153348206564,124.75931292596334,188.0819187722416,0.014699296315039696,0.009415064830955729,0.06034938163163933,-63.70835440478135,0,0.11210814384322987,0.5103360792220286,63.322605846278265,0.06282324905040877,0.009733496897783253
2026-09-20 16:50:00,25.28957161412362,30.47894514800406,2.227334268558826,128.38371748796172,187.26059043729433,0.03466882678768526,-0.007414884405883482,0.05000571665645777,-64.66468730948156,0,0.33908677591370306,-0.06679822420763415,58.87687294933261,0.061298285130279746,0.00853890987264049
2026-09-20 16:51:00,25.690744039607623,30.496606631058,2.1902115490314387,129.23515908878923,186.96844925002785,0.004683883029964107,0.00041385165708519384,0.053398789813149085,-63.526750060478314,0,0.40117242548400256,0.017661483053942106,57.733290161238614,0.05360541751484949,0.008381706283005212
2026-09-20 16:52:00,25.609246664412986,30.480280903610584,1.8848104456781378,130.76851181708284,187.95060745809718,0.0012809769003540375,-0.002634005077198199,0.044534788392914214,-66.0687097438559,0,-0.08149737519463685,-0.016325727447416227,57.18209564101434,0.04463100112889686,0.00819165312554676
2026-09-20 16:53:00,25.458110638005287,30.51458864236186,1.6774039817811919,133.57993301778137,186.0255321435457,-0.01813457930700188,-0.011829765141418338,0.05019494023276857,-66.849651225618,0,-0.1511360264076984,0.03430773875127713,52.44559912576432,0.054665696144056065,0.008057602659847295
2026-09-20 16:54:00,25.806611922886653,30.439206114019136,2.0570286896969554,127.68477755620965,188.11873593693676,0.00871892647798674,0.02378345566210005,0.026979878198648017,-66.77441256904541,0,0.34850128488136534,-0.07538252834272541,60.433958380727105,0.03700792171648524,0.009408097930385995
2026-09-20 16:55:00,25.696695321565667,30.55017782961014,2.2070138108914072,128.50611445954647,188.95921375171142,0.013347662062811372,-0.02824517254835601,0.05846011938420767,-67.47411229902492,0,-0.10991660132098602,0.1109717155910026,60.45309929216495,0.06628374923950237,0.010436962139694661
2026-09-20 16:56:00,26.11837867973601,30.336339954017916,2.280399386976445,128.46239766806036,183.99490723547456,-0.0038460636856325445,0.04721764343625934,0.06807932838952471,-66.56188661601385,0,0.42168335817034475,-0.21383787559222256,55.532509567414195,0.08294029787453389,0.014355604576037616
2026-09-20 16:57:00,26.00281096182675,30.453225920442545,1.631840797621659,127.59541722968638,184.75260780340903,0.010892250083680742,0.017547244184129507,0.0393498245078536,-66.58469040404049,0,-0.11556771790926135,0.11688596642462912,57.15719057372266,0.04444047231006648,0.013701852821198296
2026-09-20 16:58:00,25.847215463718197,30.447529190768027,1.9340975060191021,128.9584405146632,184.34925172216492,-0.005850323870986836,-0.03555951069404702,0.04059667812490432,-66.87143458056852,0,-0.15559549810855344,-0.005696729674518508,55.39081120750171,0.05428439338311305,0.013080116465772909
2026-09-20 16:59:00,26.040307595764293,30.317633313370102,1.5557532822954752,132.31240665996393,183.33649783397837,0.013419853041778479,-0.00448332658981859,0.05440879898237483,-67.25807685401331,0,0.19309213204609676,-0.1298958773979244,51.024091174014444,0.0562184140622837,0.012873529114396137
2026-09-20 17:00:00,26.384494364273475,30.310330346311307,1.6240020753337259,126.83849351390697,181.56311061643083,0.01825204628059487,-0.0033709183180711567,0.06473879290506745,-67.27027631846919,0,0.3441867685091822,-0.0073029670587949624,54.724617102523865,0.06734694937813662,0.013309006130333777
2026-09-20 17:01:00,25.828246033793516,30.099753904820478,2.001167338911593,131.2834431854587,181.90117146105234,0.017972557334609708,0.007837732578842245,0.04997902682617055,-65.80821154722362,0,-0.5562483304799599,-0.21057644149082932,50.617728275593635,0.05368748449698825,0.013307293108835088
2026-09-20 17:02:00,26.11909150666017,30.01817923032527,2.09058431351203,124.894293309945,180.38075647108553,0.0023568865228260133,-0.019787565414794404,0.037706819791874964,-67.04792783700005,0,0.2908454728666534,-0.08157467449520794,55.486463161140534,0.042648644971946995,0.01351116927808177
2026-09-20 17:03:00,25.966322011675878,30.044912721651617,1.7910021390194357,128.31598601067338,175.94721821391292,-0.020799363032341027,0.0006405068673643471,0.04791382763362127,-66.85039833929257,0,-0.15276949498429104,0.026733491326346837,47.631232203239534,0.052237521285974364,0.013558598676082417
2026-09-20 17:04:00,26.094754346968504,29.98659511042224,1.976039775416348,129.01153209934606,179.18290110851024,-0.012238261052836414,-0.0024223879624529388,0.039700679196882076,-67.66779947202666,0,0.12843233529262577,-0.058317611229377064,50.17136900916418,0.04161474409066761,0.0129155824627227
2026-09-20 17:05:00,25.73957430501703,29.620228138795643,1.4484194484644544,135.0245790187422,178.26674939763728,0.011903146477694568,-0.014752367251468777,0.04331153707131224,-69.54002055003006,0,-0.3551800419514741,-0.36636697162659715,43.24217037889508,0.047277970335784465,0.012657799049948884
2026-09-20 17:06:00,25.928491153460595,29.740860014888952,1.5160664350530226,129.17559308574192,174.04822335869432,0.04897624611480454,-0.01753504462942464,0.046959589008466834,-69.78385996027085,0,0.18891684844356504,0.12063187609330939,44.87263027295239,0.07008104931790006,0.009737888039638867
2026-09-20 17:07:00,26.17744779662624,29.50777868119384,2.2721905762789087,123.39626957964724,174.77751426181027,-0.006814415430641638,0.018376092934047142,0.04070675411758373,-65.91210022706387,0,0.24895664316564492,-0.23308133369511097,51.38124468216303,0.04517916422391548,0.009668434027559162
2026-09-20 17:08:00,25.504098256375826,29.409319011857377,1.7808552818901815,124.00333327941625,175.24807907619495,0.0091167535677628,-0.03393165080085187,0.04222094275825435,-68.53087926544144,0,-0.6733495402504133,-0.09845966933646366,51.2447457967787,0.054927953985944696,0.00967964238734161
2026-09-20 17:09:00,25.317017329017954,29.154801637197156,1.6685129229665856,130.10208875904004,172.70371076900153,-0.01112105114958807,0.009557578721921027,0.05074534000222244,-68.59914037239358,0,-0.18708092735787218,-0.25451737466022095,42.60162200996149,0.05282153558576869,0.009618314940481449
2026-09-20 17:10:00,25.249753037956637,29.058019842570857,1.5275841144456277,131.84131256736973,174.57793114245274,-0.019479340884982016,0.01595020613756248,0.0521503581213723,-67.699358772756,0,-0.06726429106131704,-0.09678179462629899,42.736618575083014,0.05790952986626165,0.008418635808564992
2026-09-20 17:11:00,25.198250715473446,29.089143310717407,1.2524413763312052,131.12636757288175,176.54497387859462,-0.013526317271547251,-0.004371166766768329,0.03576019666179033,-67.33681231257373,0,-0.05150232248319142,0.031123468146549982,45.41860630571287,0.03848194411829239,0.009367323076040287
2026-09-20 17:12:00,25.631434452963294,28.840756712787783,0.9914156239965748,130.50271031740297,169.71227021059417,-0.04164943953405343,0.0010474567944999203,0.05396381722509337,-67.13250792453798,0,0.4331837374898484,-0.24838659792962403,39.2095598931912,0.06817526346660056,0.010459564502789905
2026-09-20 17:13:00,24.92583725743435,28.640411420234752,1.1195414643577668,133.486778792517,168.07625142619793,0.027068701258155015,0.023269899993947626,0.046180661368686024,-65.93760807325759,0,-0.7055971955289451,-0.20034529255303113,34.58947263368094,0.058368281780268434,0.010597099555741693
2026-09-20 17:14:00,25.144617011855303,28.505244030464105,1.7365913258527836,128.3812263377886,171.0916164523146,-0.04460260505829227,-0.01409703021448114,0.05720261523552609,-66.09512414615077,0,0.21877975442095376,-0.1351673897706469,42.71039011452601,0.07389355742307738,0.011460957095451325
2026-09-20 17:15:00,25.297779578544898,28.4017212026161,1.549911622952945,132.68473166808047,171.66782383360132,-0.005276564608012656,-0.01203304857778248,0.0578049752068786,-68.2726112966575,0,0.15316256668959483,-0.10352282784800693,38.983092165520844,0.05927943615458614,0.01098169250903395
2026-09-20 17:16:00,25.107818566871458,28.23118920475365,1.7720083568110598,125.10395534492075,169.60135721597584,-0.02356255790700109,-0.009909673621986165,0.044554588190449516,-66.34167594583795,0,-0.18996101167343937,-0.17053199786244733,44.49740187105509,0.05136640045044632,0.010247519418343459
2026-09-20 17:17:00,24.730225717174633,28.01314536584358,1.431952630277568,127.2851565011858,172.90728875100106,-0.01768760430724409,0.02330651198446563,0.056141476940377334,-67.52719865008939,0,-0.37759284969682483,-0.21804383891007006,45.622132249815266,0.06330805857123246,0.009701632212126311
2026-09-20 17:18:00,24.759129841731134,27.96336055252072,1.851112587202696,124.57887581520455,167.36114231219508,0.02753045319477336,0.025845874937694153,0.0416304396030117,-67.09843960702162,0,0.028904124556500932,-0.04978481332286222,42.78226649699053,0.05620523646373653,0.00966718729974747
2026-09-20 17:19:00,24.583202407459286,27.785175842075923,1.3208015907423412,129.1754640979906,171.56131111981992,0.00402133980062784,-0.02791780468927238,0.0632376206283529,-67.85913350253715,0,-0.17592743427184843,-0.17818471044479622,42.385847021829306,0.06924284551631278,0.010079331025524699
2026-09-20 17:20:00,24.32661628975137,27.564917295724324,1.4474869962929173,129.86121634820097,169.19903561185083,-0.019307923183634012,0.020124814946232736,0.04200863799143535,-68.25017972998528,0,-0.25658611770791495,-0.22025854635159803,39.33781926364986,0.05042350384672499,0.010490354011004427
2026-09-20 17:21:00,24.167484453969294,27.36660842322393,1.563583274606228,130.34230447667957,174.18060898913728,-0.011790342649930216,0.01637816612694568,0.053527496086255136,-66.36982418237366,0,-0.1591318357820768,-0.19830887250039453,43.83830451245771,0.05720532617465487,0.007762465359109841
2026-09-20 17:22:00,24.732633717712943,27.267284800690895,1.5711121677397013,130.1856500586614,175.1504841491347,-0.015309624408841713,0.031071896208996554,0.0481239085535572,-67.06611186699885,0,0.565149263743649,-0.09932362253303495,44.96483409047332,0.059293826896512525,0.0073131823574200784
2026-09-20 17:23:00,24.13091543633892,27.076932220189093,1.8008138703244603,127.21734000756481,170.1440124021943,-0.0008709134415776121,0.007702160642527591,0.03983105485762399,-64.94647897802245,0,-0.6017182813740227,-0.19035258050180204,42.92667239462949,0.04057825402672068,0.009540600920779296
2026-09-20 17:24:00,24.45371479618896,26.999778898943465,1.3498337311761874,129.42927746676034,171.17324085262297,0.00345783369575385,-0.0008852024055715338,0.059009157617853095,-65.91346564181246,0,0.32279935985004116,-0.07715332124562835,41.74396338586263,0.05911701007269355,0.007805761726284117
2026-09-20 17:25:00,23.377555028333177,26.836763516202968,1.4856543961459332,125.50765999418276,174.66377251825568,0.0379114954645712,0.022904333731433177,0.04385868191133209,-65.07750288272041,0,-1.0761597678557848,-0.16301538274049676,49.156112524072924,0.062333570177236584,0.007979966347867292
2026-09-20 17:26:00,23.314462621557176,26.50365815757502,1.3905485756806055,134.08968692539676,172.91307232169777,-0.03832601531995414,0.013978075830035309,0.03299927835021694,-63.76959340030031,0,-0.06309240677600059,-0.33310535862794666,38.823385396301006,0.05247115803801811,0.00790199888149546
2026-09-20 17:27:00,22.75027431978718,26.361758955569034,1.5383632373160212,129.089121781306,174.40232213815915,-0.0006962462951590491,0.04489796828297453,0.021179866368319703,-66.37248872311818,0,-0.5641883017699953,-0.1418992020059875,45.313200356853145,0.049647749739765545,0.00787447577694301
2026-09-20 17:28:00,22.714127276229057,26.271897946578964,2.3494556339621844,128.53334164286892,175.40475504694726,-0.006311353850690443,0.019174156899236558,0.0412495530557203,-65.36266824195232,0,-0.036147043558123926,-0.08986100899006999,46.87141340407834,0.045923927396530985,0.008444735307182413
2026-09-20 17:29:00,23.332264534042856,26.3186704567327,1.4801252829297824,134.76682098533226,172.4218870393023,0.01893097055433565,0.0030709595284783083,0.06375908419298974,-64.21053662238783,0,0.6181372578137996,0.046772510153736846,37.655066053970046,0.06658102774577326,0.0079608195068732
2026-09-20 17:30:00,13.150676954774697,25.950362862053055,-4.591627415020593,126.27326039935231,0.0,0.007096362363567869,-0.023482087607523426,0.0625773846750366,-63.836488627787055,0,-10.18158757926816,-0.3683075946796457,-126.27326039935231,0.06721380713789372,0.008768551856110111
2026-09-20 17:31:00,13.779335354750982,26.04281247730748,-4.7334808373339925,126.6232386579041,0.0,0.011807244162298912,-0.011618343543882368,0.042814015976524684,-62.80901534872589,0,0.6286583999762847,0.09244961525442363,-126.6232386579041,0.045906828309630866,0.009312282742860225
2026-09-20 17:32:00,12.721458874945766,25.943804796911316,-4.901462647306411,126.71133902539431,0.0,0.006901723720301651,-0.028719099560560322,0.04625545085298621,-62.816406752087325,0,-1.0578764798052163,-0.09900768039616281,-126.71133902539431,0.05488157435327246,0.00918497917117991
2026-09-20 17:33:00,12.664480932459416,25.93732537483465,-4.840629026251113,129.79638585490156,0.0,-0.01863982250567079,-0.004301240721217264,0.045350869244439776,-63.36680994254374,0,-0.05697794248635013,-0.006479422076665742,-129.79638585490156,0.049220371758155614,0.00807232509383729
2026-09-20 17:34:00,12.759850105726866,25.76228510824522,-4.666115034537915,131.29489488891278,0.0,0.02422530992986026,0.018521351864656907,0.036665678545504315,-62.95118485982523,0,0.09536917326744998,-0.17504026658943062,-131.29489488891278,0.0476893918947859,0.008282736349633621
2026-09-20 17:35:00,12.720961657421322,25.543142807764703,-4.4366423555508145,132.2190264043535,0.0,0.015970098092313378,-7.342176961031112e-05,0.040511681283766574,-62.72647349482903,0,-0.03888844830554383,-0.21914230048051664,-132.2190264043535,0.04354590387478307,0.008359957094640028
2026-09-20 17:36:00,12.891591927691879,25.525059319211397,-4.69409024125402,137.7159859524849,0.0,0.01831059583449486,0.020434505375201452,0.05981149519400785,-64.34370304179998,0,0.1706302702705571,-0.018083488553305216,-137.7159859524849,0.06580472541608377,0.009388834251284435
2026-09-20 17:37:00,12.621745135056914,25.456895772438287,-4.3560275564349284,123.25170263739771,0.0,0.025281003410143294,0.0067514746687802685,0.05503887871379401,-62.861562857441825,0,-0.269846792634965,-0.06816354677311054,-123.25170263739771,0.06094251154734752,0.00953326775334783
2026-09-20 17:38:00,12.231306218881045,25.486174800438047,-4.77271234626097,131.82620676737326,0.0,0.008353502013039195,-0.008061845795080194,0.05273088858529889,-62.30383784359711,0,-0.390438916175869,0.029279027999759677,-131.82620676737326,0.0539937122681957,0.009029396277522002
2026-09-20 17:39:00,12.184310311914677,25.49748233417395,-4.529402110227688,128.3286082822833,0.0,0.029619848082349857,0.001752503103399278,0.03664853388339141,-61.95787188973033,0,-0.046995906966367684,0.011307533735902098,-128.3286082822833,0.047154233143494095,0.008471669137527168
2026-09-20 17:40:00,11.995693893541752,25.386068554633074,-4.683754547830262,128.2407545533337,0.0,0.007552791435732822,0.009441933821101922,0.05100703214033978,-63.222829003777306,0,-0.1886164183729253,-0.11141377954087517,-128.2407545533337,0.052420531288030675,0.007001098995608594
2026-09-20 17:41:00,11.683718235962445,25.64761451142151,-4.232780187105739,128.14068361523837,0.0,-0.004381171760492173,0.002784467969272318,0.026961550305119784,-63.46805609289913,0,-0.3119756575793069,0.26154595678843506,-128.14068361523837,0.027456750039331717,0.010424852515448738
2026-09-20 17:42:00,11.558613152140621,25.377060340715154,-4.583327000097018,127.27369098757607,0.0,-0.0001320782096672945,0.003013684577038279,0.05842802691260533,-62.35402173256698,0,-0.12510508382182373,-0.27055417070635457,-127.27369098757607,0.058505846445321,0.010661717532329877
2026-09-20 17:43:00,12.001032357833932,25.66430338266894,-4.840609518214,135.05357450381035,0.0,-0.00047687536272232925,-0.01538100215173413,0.05258574900737142,-60.09234596282684,0,0.4424192056933105,0.28724304195378636,-135.05357450381035,0.05479109084485803,0.010722721499659374
2026-09-20 17:44:00,11.013248287084087,25.679288982095578,-5.176267770041337,132.5268919810417,0.0,-0.01038782644181086,-0.00865952530484432,0.0365476754790017,-62.83958937304697,0,-0.9877840707498446,0.014985599426637464,-132.5268919810417,0.03896956375953991,0.011377257280333267
2026-09-20 17:45:00,11.917883238307063,25.692519568311056,-4.684429395578557,130.06958793567213,0.0,0.032637776967404414,0.045169215923092886,0.06616425557490041,-60.82772349797169,0,0.9046349512229757,0.013230586215478013,-130.06958793567213,0.08650544068589999,0.01577838413228293
2026-09-20 17:46:00,11.203275732923819,25.585880055540056,-4.620312003030619,134.053047257461,0.0,0.005925907310073353,0.02456932980847085,0.032038353408314194,-60.41903180326902,0,-0.7146075053832437,-0.10663951277100026,-134.053047257461,0.040807161550407214,0.015795734710144387
2026-09-20 17:47:00,10.951002319394984,25.752486429327966,-4.694344983411401,125.46241310410338,0.0,0.0018947695166581322,-0.02947681793619432,0.05530306182249603,-61.98121972541892,0,-0.2522734135288349,0.16660637378791066,-125.46241310410338,0.06269690258782823,0.01591348759074428
2026-09-20 17:48:00,11.284894444608426,25.663626247344556,-4.6504256599702485,126.00788460600722,0.0,0.007765485098528673,-0.04733937915012724,0.055551717689786624,-62.750085057469384,0,0.3338921252134419,-0.08886018198341006,-126.00788460600722,0.07339831684324051,0.017264604671788187
2026-09-20 17:49:00,11.392906439150552,25.96538861125637,-4.250961253718122,123.46609680341594,0.0,0.05959709033474294,0.0015238484289744453,0.0376032956064752,-61.621302234522744,0,0.10801199454212629,0.30176236391181277,-123.46609680341594,0.07048505608190969,0.01776523793149423
2026-09-20 17:50:00,11.171682752762845,25.959278042927423,-4.863251315404687,127.90175637963014,0.0,-0.02263448377199319,0.017869457888519805,0.04962149309189883,-62.022906598747575,0,-0.22122368638770773,-0.0061105683289461865,-127.90175637963014,0.057392769209401014,0.017704628590034736
2026-09-20 17:51:00,10.881169862922697,26.027156759651362,-4.448621783495697,130.48509558011426,0.0,-0.016900770234325513,-0.010398836748444145,0.03363172157847137,-63.180084946123074,0,-0.2905128898401479,0.06787871672393919,-130.48509558011426,0.039049513909472325,0.015827973806822725
2026-09-20 17:52:00,10.956534148102842,26.055709648927657,-4.7603064828130845,130.308575733797,0.0,-0.027611420348939927,0.02043317456395876,0.021536256836731868,-63.10146140235319,0,0.07536428518014482,0.028552889276294735,-130.308575733797,0.04054276156090931,0.016787235956973862
2026-09-20 17:53:00,10.021471204414732,26.048423279470136,-4.736571705997513,130.44802573317963,0.0,-0.004651984768709721,0.0011930913001416822,0.03932123773068342,-62.12850537432641,0,-0.9350629436881093,-0.007286369457521147,-130.44802573317963,0.039613434158271385,0.01762070788750816
2026-09-20 17:54:00,10.292319080533057,26.31797931961562,-4.716448163410896,125.76682950680176,0.0,0.004910368866547206,-0.0032612255945394966,0.04383375057738004,-61.804852828801536,0,0.2708478761183244,0.26955604014548484,-125.76682950680176,0.04422832807674285,0.017163461404420412
2026-09-20 17:55:00,10.09485635638868,26.665784215200517,-4.6533001846230695,132.40946422784208,0.0,-0.009306450366821548,0.015122303523503631,0.056442561808107916,-63.23298865856082,0,-0.19746272414437627,0.3478048955848969,-132.40946422784208,0.05916972930265243,0.013445910538774518
2026-09-20 17:56:00,10.66218785116618,26.65331408895589,-4.176557122805446,130.718882554717,0.0,-0.0107945359630354,-0.01063751585804538,0.0506740808506082,-63.165741356622554,0,0.5673314947775001,-0.012470126244625845,-130.718882554717,0.05289178783461009,0.012781053313282163
2026-09-20 17:57:00,10.113917560440196,26.821561665754103,-4.565099225122087,132.199162844398,0.0,0.002848097332562646,-0.005734126436073064,0.050935454593861465,-62.62758890962284,0,-0.5482702907259842,0.1682475767982119,-132.199162844398,0.051336267872566906,0.01241658146296499
2026-09-20 17:58:00,10.424616037204016,27.05410744173472,-4.6129182476463155,124.32171346722984,0.0,-0.01004215649659395,0.01340334524260926,0.03985578376716415,-63.68015896082259,0,0.3106984767638199,0.23254577598061488,-124.32171346722984,0.04323167901538877,0.010351888449556996
2026-09-20 17:59:00,10.281910161948366,27.323670007887632,-4.449107046344325,130.93447257639338,0.0,0.006203516543656763,-0.0006279187413204849,0.04469988695958614,-64.02880103887276,0,-0.14270587525565048,0.2695625661529135,-130.93447257639338,0.04513266880711691,0.0074071656862745834
2026-09-20 18:00:00,21.741307919150895,28.132500465494562,1.862154039297779,126.43670428024743,180.35042283781704,0.022284686934852086,0.03817552546755472,0.04070073390130839,-62.75534081972722,0,11.45939775720253,0.8088304576069305,53.91371855756961,0.060087667258876015,0.007852463737153776
2026-09-20 18:01:00,22.023829214089826,28.06930973692686,2.3520692080472685,128.80803024234592,186.9688521716751,0.013540609396016128,0.013876508257120366,0.03775025992970192,-62.78309526327236,0,0.2825212949389311,-0.06319072856770092,58.16082192932919,0.042438045536823066,0.007511641152103591
2026-09-20 18:02:00,22.787478973831732,28.138089499412043,1.9869982069682317,131.60309469590916,182.72165663889922,0.017620266943304045,0.012576276566655234,0.04406300573012743,-59.37268754708797,0,0.7636497597419059,0.0687797624851818,51.118561942990056,0.04909363516187753,0.007058227226487419
2026-09-20 18:03:00,22.365107735289072,28.732634752897663,1.2704738967449694,130.27328081876774,182.3281426942686,0.021718368230134392,-0.000990092921301363,0.050745123850963345,-62.289464394947146,0,-0.42237123854265946,0.5945452534856202,52.05486187550085,0.05520629852853867,0.006524513131296394
2026-09-20 18:04:00,22.832137606238888,28.885692639024782,1.8810557293511005,127.44538006066205,185.73778642704102,0.0056565632023740575,0.017495093534192124,0.04427361480575797,-60.800070839543565,0,0.4670298709498155,0.1530578861271188,58.29240636637897,0.047939837014754384,0.006241328096976416
2026-09-20 18:05:00,22.75485345112016,28.83683210163331,2.1796203192780492,130.01881946855326,185.75963116046046,-0.0031728205208620226,-0.006452155456032924,0.046764973305750274,-60.57267746269944,0,-0.0772841551187291,-0.048860537391473,55.7408116919072,0.04731447799959283,0.005529097663170218
2026-09-20 18:06:00,23.0878951705706,28.846497031213442,2.211803585164181,125.40539405426907,186.48661371485403,-0.015445061417663913,0.005647555023990303,0.0569491481091139,-62.55083460382204,0,0.33304171945044203,0.009664929580132764,61.08121966058496,0.05927605140609654,0.006285324216556077
2026-09-20 18:07:00,23.357742646630815,29.221102354779394,1.7311443772839072,133.45080218769488,187.65587805880824,-0.007823563272714421,-0.018325860940091206,0.04499245581309297,-62.12767641207026,0,0.26984747606021386,0.37460532356595166,54.205075871113365,0.04920738157604863,0.006275056524291893
2026-09-20 18:08:00,23.322813416145355,29.26021800872699,2.0840856717992033,129.38414794151126,191.2866480386543,-0.01047371065353789,0.02078882784461183,0.03666033369012109,-62.53985973563612,0,-0.03492923048546004,0.039115653947597195,61.90250009714305,0.04342642103924716,0.006252348457723547
2026-09-20 18:09:00,23.451728050249756,29.400308071176926,1.4836041900127324,133.35564983276598,185.57149222562302,0.014633446532418232,0.005812093945235837,0.055634535216012394,-64.41711574403722,0,0.12891463410440096,0.14009006244993571,52.21584239285704,0.05781971724374924,0.006458537097200666
2026-09-20 18:10:00,24.003584155450046,29.635370391984857,2.158809951887221,128.42040493871187,189.36197400170187,0.006935651091883923,0.03965026127395753,0.05265849648508285,-64.534736279999,0,0.5518561052002902,0.23506232080793055,60.94156906299,0.06628094543102814,0.007603061171321405
2026-09-20 18:11:00,23.83732769308528,29.706812075313493,2.5360679204128327,128.42927203478024,187.05931134065128,0.013935157254286028,0.04784596767339516,0.05328659498172315,-63.125745158691586,0,-0.166256462364764,0.07144168332863643,58.63003930587104,0.07295811425092796,0.009351849742307917
2026-09-20 18:12:00,24.01537262687054,29.674808736147313,2.4011286964418335,127.70743964008646,190.43141615235677,-0.02320673712200303,0.015266389028662952,0.0562583865753571,-63.80400662100418,0,0.17804493378525876,-0.03200333916618092,62.72397651227031,0.06274250028399055,0.009413808172861651
2026-09-20 18:13:00,24.139029679833566,29.8729639887764,2.4084293658134173,132.62852179507922,187.79820883119973,0.02863498968482158,0.0013685062241580686,0.054566415273079455,-61.70326198628696,0,0.12365705296302565,0.19815525262908906,55.16968703612051,0.06163869822838211,0.009555751798132332
2026-09-20 18:14:00,24.55349833505137,30.075135952102162,2.3603386016958483,127.87170652801457,189.01976367267443,-0.008539607430135248,-0.018921290242511376,0.05028728692471304,-64.05691689936555,0,0.41446865521780296,0.20217196332576037,61.14805714465986,0.05440359680894814,0.009092687928934343
2026-09-20 18:15:00,25.00966553041329,30.154702684260243,2.2573167165390813,131.93378629724552,189.38477003756472,-0.022000332841493254,0.018094996065176484,0.07391452662852094,-62.10310391574607,0,0.4561671953619211,0.07956673215808152,57.4509837403192,0.07921364007829441,0.010591617225183638
2026-09-20 18:16:00,25.32138295449177,30.215189706960913,2.648198832624446,128.85264280699212,191.94736946910447,-0.008784355296436255,0.004205691277904567,0.03715031253698046,-64.77067867622657,0,0.3117174240784806,0.06048702270066997,63.09472666211235,0.03840570867324802,0.012740811099517588
2026-09-20 18:17:00,24.787346194763035,30.35791569944104,2.4926471837286006,124.07211010032515,191.7535569924095,0.049675319851750166,0.01076069678308924,0.04413582721511442,-62.627239174091365,0,-0.5340367597287354,0.14272599248012696,67.68144689208435,0.06731568347416303,0.012541286948770988
2026-09-20 18:18:00,25.778400876509295,30.29392601613634,2.068196812814645,128.2890577966406,187.24704155588918,-0.0077543373298313515,0.03459574774912487,0.059673343646781674,-64.28136389804955,0,0.9910546817462595,-0.06398968330470112,58.95798375924858,0.06941111907852222,0.0112549585658453
2026-09-20 18:19:00,24.95225056094546,30.403136848504115,2.4604669941087733,126.46267535691146,189.57286909887384,-0.0065019294294185095,-0.016488465773266937,0.051425862920955745,-64.47431813859023,0,-0.8261503155638366,0.10921083236777562,63.11019374196238,0.054394521479890455,0.011480623935106907
2026-09-20 18:20:00,25.690948496229947,30.09228684339052,2.346914704128357,130.10170817104702,187.67381455875847,-0.003842093612593522,-0.018486083369626732,0.05757923034011239,-65.79893460077678,0,0.7386979352844882,-0.3108500051135934,57.57210638771144,0.06059591346152347,0.011422914840961855
2026-09-20 18:21:00,25.253183966171434,30.418659305586868,2.035660894749042,126.42877679297654,186.1150838451381,-0.0029724076686291063,-0.004728518767413602,0.05169756429536872,-64.95782098654479,0,-0.43776453005851224,0.3263724621963462,59.68630705216155,0.05199838700533018,0.011130004575689047
2026-09-20 18:22:00,25.303552459284738,30.562848800695203,1.8154363490749692,132.77792530214384,187.65092993734714,-0.015629521316025085,0.016424022995036466,0.06374056551159982,-64.08588094577524,0,0.050368493113303714,0.14418949510833556,54.8730046352033,0.06765271731163588,0.011369584914124495
2026-09-20 18:23:00,25.427628914006768,30.459206413611533,2.0675324252688414,129.72677241894093,186.84008654485555,0.0028642616641226084,0.011097344804289762,0.039924891443667544,-66.16187430768791,0,0.12407645472202944,-0.10364238708367068,57.11331412591463,0.04153735684145655,0.01282968134002455
2026-09-20 18:24:00,25.712422033974168,30.45231126843205,2.38561594347486,129.4672120157238,191.60806477820256,0.021511898163966606,-0.01791377023391545,0.0634245988940671,-66.58783732500804,0,0.2847931199674001,-0.006895145179480977,62.14085276247877,0.06932780590415134,0.013164797990595858
2026-09-20 18:25:00,25.96993012873243,30.38437459920193,2.1197240911036777,131.96767641336274,186.85064109176096,0.006285786309574142,0.01513105801404965,0.06170996493204267,-66.71793203479493,0,0.2575080947582613,-0.06793666923012154,54.882964678398224,0.06384809940842485,0.011457112674348752
2026-09-20 18:26:00,26.055193153040218,30.56738637773074,1.483311405479572,132.89172080222758,182.39977871670615,-0.02222330597799971,-0.02402425637786526,0.037897108857696205,-65.06357633332078,0,0.08526302430778898,0.18301177852881167,49.50805791447857,0.05007225861565737,0.009639159588755783
2026-09-20 18:27:00,25.61969792670227,30.489465404549545,2.2824836080307125,129.93970374469106,183.1442507939964,-0.006886918098674168,-0.016754833486977153,0.05630665409887673,-66.02916966116713,0,-0.4354952263379488,-0.07792097318119673,53.20454704930535,0.059148908543478027,0.009252471028282194
2026-09-20 18:28:00,25.644901133700458,30.473913303493227,1.9327044780872635,127.68639910135212,185.39264809241786,-0.011030548002032594,-0.0023091463437837885,0.04956960067763411,-65.62459442877851,0,0.025203206998188676,-0.015552101056318435,57.706248991065735,0.05083454000384246,0.008735430941127987
2026-09-20 18:29:00,25.695860356141292,30.164878830556603,2.1573901322728575,124.67809115166361,186.56937883787967,0.0010587893646960222,-0.011068624919504402,0.043934179808809364,-66.93202279134724,0,0.050959222440834395,-0.30903447293662367,61.89128768621606,0.04531939593595947,0.009469905809845955
2026-09-20 18:30:00,25.956573625700564,30.257198562737642,1.6158042254034461,127.94185072889447,178.23923345612275,0.026609033431246338,0.017797189773018696,0.031113808102822806,-67.36411148986296,0,0.26071326955927177,0.09231973218103917,50.29738272722828,0.04464134494637576,0.00994777485542482
2026-09-20 18:31:00,25.936088375500166,30.170876243268903,2.2720798598302285,128.1483632600561,176.6559578540548,-0.00297765592041766,0.00572756966002189,0.03989186328882684,-67.12059131700288,0,-0.020485250200398042,-0.08632231946873858,48.507594593998704,0.04041079367749725,0.01089347145241864
2026-09-20 18:32:00,25.713241773545082,30.08670473675501,1.9354504396822674,130.3211723589769,183.15818891646776,-0.0017630973774078156,0.03531122355254521,0.057081121401845895,-66.59782117022658,0,-0.22284660195508366,-0.08417150651389349,52.83701655749087,0.06714346909143372,0.010819753699683644
2026-09-20 18:33:00,26.06834122203465,29.959638255177182,1.6239911287466664,128.9645593565859,179.20177141330933,0.03555289637638859,-0.0049437073070882865,0.05813841269260557,-68.02002537848524,0,0.3550994484895682,-0.12706648157782752,50.23721205672342,0.06832659594260572,0.010919465154549272
2026-09-20 18:34:00,26.64542988431047,29.884129717782134,1.73150630284337,132.0637989161543,175.70800351597896,0.017524119833433206,-0.002444043020814868,0.04789289519423828,-66.48991241535666,0,0.5770886622758198,-0.07550853739504859,43.64420459982466,0.05105680691455757,0.009905933195916226
2026-09-20 18:35:00,25.784529148945204,29.89267918261648,1.9181262883320325,128.16105018618794,177.56142589534866,0.011481625642130702,0.024207652181235263,0.05816985143143284,-67.55860129449611,0,-0.8609007353652665,0.0085494648343456,49.40037570916073,0.0640434990226851,0.009927510902491889
2026-09-20 18:36:00,25.76533697715172,29.497372816043093,1.407969723483185,129.82887649944118,170.3033000890177,0.03916263230603551,-0.0018184160624759118,0.05945260077894138,-70.37625562783151,0,-0.019192171793484647,-0.39530636657338647,40.47442358957653,0.07121537857439351,0.011150583843297148
2026-09-20 18:37:00,26.01299928299851,29.739828308034518,1.637993745218059,133.55196232959068,174.70838960410939,0.009796225095880262,0.029880104954150916,0.051546399586263475,-67.1114167901672,0,0.2476623058467915,0.24245549199142502,41.156427274518705,0.060380609540704136,0.011193325084904643
2026-09-20 18:38:00,25.61755546322862,29.476983733090766,1.388926886205045,131.0254756418649,174.537063436259,-0.03973054283955045,0.010816564207689831,0.04277666376149796,-69.2713620034722,0,-0.3954438197698913,-0.26284457494375246,43.5115877943941,0.059374717331105525,0.011051735806564334
2026-09-20 18:39:00,25.91652820453093,29.28452023998764,1.5139517490209216,129.8198873749343,174.9708786872359,0.016653315157607214,-0.047055729397707184,0.05441054112815645,-67.12321626756766,0,0.2989727413023111,-0.19246349310312638,45.15099131230161,0.07383821206358966,0.011324090769245825
2026-09-20 18:40:00,25.421626895269014,29.233864981226823,1.1054572572346861,128.19416667419446,170.40418314233563,-0.031840169142373004,0.02355140828298928,0.05486984707658864,-67.04350401589508,0,-0.4949013092619161,-0.050655258760816224,42.21001646814116,0.06766953022842113,0.010121659757500213
2026-09-20 18:41:00,26.099085356806693,28.84734730364753,1.302648976095643,128.10030580985506,171.98860321216262,0.009040107371648955,0.018254536262396176,0.0567394439035031,-67.55732269352245,0,0.6774584615376789,-0.3865176775792918,43.88829740230756,0.06028528949855722,0.006713396225192485
2026-09-20 18:42:00,25.556269958373182,28.771000284874663,1.8609987605127378,127.44816024114415,169.43339302374497,-0.0342748714825848,0.019026652122210896,0.058654032700022396,-67.2656891629957,0,-0.5428153984335111,-0.07634701877286787,41.98523278260082,0.07054839373155589,0.006953795396951381
2026-09-20 18:43:00,25.161588278470976,28.666581717166654,1.8630046091588484,128.3769794026513,171.3491081438541,-0.00933710820799839,-0.03821956757090516,0.036378354280787784,-66.6131558182936,0,-0.39468167990220593,-0.10441856770800939,42.972128741202795,0.05358452757254996,0.007623768868602098
2026-09-20 18:44:00,25.05737810543758,28.653448902770425,1.314096626163573,132.26699751623295,168.6932866163788,-0.0072756905921974235,-0.013259799225420952,0.04490070754634258,-68.09148820261944,0,-0.10421017303339752,-0.013132814396229264,36.42628910014585,0.047379652671310814,0.00833045642605448
2026-09-20 18:45:00,24.958152861739276,28.348150362037014,1.7638063593988744,129.33433518612318,169.40849714502858,-0.015402382144635065,-0.011774096671135397,0.031013786543121806,-66.6682484123162,0,-0.09922524369830299,-0.30529854073341056,40.07416195890539,0.03657482308765058,0.011724079161377637
2026-09-20 18:46:00,25.394645748581542,28.23214522225583,1.4722986163293603,125.95068079185631,168.0714591740849,-0.006977039943824001,-0.01682242735120785,0.057469960383553474,-66.14738721630269,0,0.4364928868422666,-0.11600513978118343,42.12077838222859,0.060286561478090514,0.011061947610610542
2026-09-20 18:47:00,24.46526810888299,27.96169016628965,1.2369797976588097,135.30450787917934,171.3030399080063,0.020651234407211047,0.034838450637878764,0.04787688552019584,-65.3830251343401,0,-0.9293776396985507,-0.27045505596618113,35.99853202882696,0.06270874972843447,0.011118768186759246
2026-09-20 18:48:00,24.50147022106675,27.9027488483278,1.4682792929616626,130.9598955734355,171.75525614495493,-0.014279058243191067,-0.00023535675647267897,0.05430814070697415,-68.06671114865054,0,0.03620211218375857,-0.05894131796184965,40.79536057151944,0.0561544392204549,0.0111605070455009
2026-09-20 18:49:00,24.382560641460387,27.8558535376827,1.5438393571989075,125.77916979846049,169.70623273384186,0.010902817590210818,-0.0007312188525834131,0.03524321251809842,-66.35662823159802,0,-0.11890957960636328,-0.04689531064509822,43.92706293538137,0.036898375858723555,0.011764831568250006
2026-09-20 18:50:00,24.389182186388744,27.6231327619787,1.4502743076097901,128.67445321827753,170.48723324328867,-0.019312992792146006,0.011040166206315578,0.06400980849693051,-67.51859607521533,0,0.006621544928357537,-0.23272077570400285,41.812780025011136,0.06776527535741497,0.011776132502551826
2026-09-20 18:51:00,24.14940196177163,27.353001646155136,1.5683943071074231,130.33265914848525,167.8446703474556,-0.003789991527842583,0.01138603335778764,0.03805660835380725,-67.34218448744288,0,-0.2397802246171139,-0.2701311158235633,37.512011198970356,0.03990377464352017,0.012540724542484519
2026-09-20 18:52:00,23.614637137868716,27.269101775905487,1.29618155460884,135.11377627989214,170.56610014678492,0.006476785326549006,-0.0666978542125166,0.05774563304382459,-65.75110217848163,0,-0.5347648239029148,-0.08389987024964896,35.45232386689278,0.08845965543880648,0.01607732434563785
2026-09-20 18:53:00,23.76817536008089,27.103257173469693,1.7461125571172649,126.6756626252234,171.5769163436775,-0.019930568332371196,-0.012927150742987267,0.05117950170892542,-65.79683684179835,0,0.15353822221217328,-0.16584460243579358,44.901253718454115,0.056424109878288144,0.01607518034793545
2026-09-20 18:54:00,23.67965431597983,26.9443576589326,1.7986267889280465,132.92812215806785,177.5139413065001,-0.0262344086582138,-0.028255771555825537,0.04810557222473821,-64.48738591977035,0,-0.08852104410106065,-0.15889951453709372,44.58581914843225,0.061650457442996055,0.01593111051586134
2026-09-20 18:55:00,23.33821461768539,26.85800271461518,1.38200156669633,134.19845928091704,170.72066269274777,0.009837563011577764,0.008006121863096393,0.047298398933878265,-65.7322695512645,0,-0.34143969829443677,-0.08635494431742075,36.52220341183073,0.04896952291989182,0.014621171852462722
2026-09-20 18:56:00,23.545985247337917,26.71593131810054,1.5381475567471157,128.1140370847763,176.61568809878167,0.02246160798681278,-0.005777848286680948,0.0436193699068387,-65.27117059041275,0,0.20777062965252568,-0.14207139651463763,48.501651014005375,0.04940199181456937,0.01482925789300535
2026-09-20 18:57:00,23.42573457799627,26.457639412955714,1.4194054999763326,129.1674591434193,176.48686212095524,-0.001581300389747444,0.0003077512900253732,0.06295196176900769,-64.6756892789979,0,-0.12025066934164741,-0.2582919051448265,47.31940297753593,0.06297257111112531,0.014841101374695305
2026-09-20 18:58:00,22.93348130693711,26.40621080716715,1.7806196539958903,126.89107225787869,175.9152510148427,-0.009146258131134085,-0.04157039497781046,0.05012612834352243,-65.49987970483909,0,-0.49225327105915895,-0.05142860578856556,49.02417875696402,0.06576002219528053,0.015098970285307588
2026-09-20 18:59:00,22.830853065499326,26.18274709561003,1.7653508012967558,129.3896165767591,179.7784743200879,0.0031135077537677363,-0.006197044493809962,0.0373077846964678,-65.11449009196961,0,-0.1026282414377846,-0.22346371155711964,50.3888577433288,0.03794691146785241,0.014940341637779303
2026-09-20 19:00:00,12.658970442522442,26.01568652209862,-4.621458502679232,129.8902300769712,0.0,0.0011095983753076097,0.022302605036656306,0.0461603979796516,-63.03291477783776,0,-10.171882622976884,-0.16706057351141013,-129.8902300769712,0.05127786795114824,0.01464053851859117
2026-09-20 19:01:00,13.077220133059093,25.97638736282628,-4.716744736215685,131.9789499942471,0.0,0.0048580508142250295,0.028188989662043352,0.05128339027202938,-64.46146789127933,0,0.4182496905366513,-0.03929915927233907,-131.9789499942471,0.05872142635932524,0.013464365921375714
2026-09-20 19:02:00,13.395914060677105,25.899922672628062,-4.242947782718877,133.27055041306133,0.0,-0.05056490200627429,0.014377268390813996,0.05897805281445326,-62.50108331467823,0,0.3186939276180123,-0.07646469019821822,-133.27055041306133,0.07900585975147703,0.011250266333422217
2026-09-20 19:03:00,12.853490667727616,25.65490247004823,-4.82874924420452,127.75571180613505,0.0,-0.021382085823319266,-0.026709305868962377,0.04395380279482793,-62.85643098760619,0,-0.5424233929494893,-0.24502020257983048,-127.75571180613505,0.05570024590865109,0.011258232641195427
2026-09-20 19:04:00,12.641040969116304,25.8302844951205,-4.830061568511439,124.09802480732202,0.0,-0.016904602108737076,0.025188036059842475,0.044622234441954525,-64.80212055591142,0,-0.21244969861131224,0.1753820250722704,-124.09802480732202,0.05395689519977401,0.01117840001103614
2026-09-20 19:05:00,13.423393311734355,25.400731204562852,-4.574105549802195,129.93626566217128,0.0,0.0030173525702312503,0.014480045100000316,0.05023432127147406,-62.52717069398173,0,0.7823523426180508,-0.42955329055764935,-129.93626566217128,0.05236662253990413,0.010978294425791603
2026-09-20 19:06:00,13.160388897015581,25.892476509224842,-4.749592103414279,130.88061258990592,0.0,0.003717557672445327,-0.0023437806812907722,0.05873424819947326,-62.35151085403209,0,-0.26300441471877356,0.49174530466198973,-130.88061258990592,0.058898433378887734,0.010682544294911802
2026-09-20 19:07:00,12.626786483645681,25.7252832380077,-4.6063668925916925,130.74825306305513,0.0,0.01272360977368072,-0.04050072629019488,0.036312454644039704,-62.28225877157558,0,-0.5336024133699002,-0.16719327121714045,-130.74825306305513,0.055864062132838385,0.010525151946808307
2026-09-20 19:08:00,12.697873979528268,25.51386832465413,-4.4910798333100885,129.01998025747287,0.0,0.005151634984208737,0.01907189901325034,0.05505354630991746,-62.694187787977214,0,0.07108749588258689,-0.21141491335357188,-129.01998025747287,0.05849076539318296,0.01009114169081724
2026-09-20 19:09:00,11.556524428482685,25.516715126972716,-4.399402500213928,130.3742562989918,0.0,-0.026014701407746716,-0.011843326599667582,0.04535937469871344,-63.35649020390729,0,-1.1413495510455824,0.002846802318586583,-130.3742562989918,0.05361438190764581,0.007921318844705878
2026-09-20 19:10:00,11.85514733728855,25.532909894613905,-5.106671393543101,134.54633442505676,0.0,0.028940092351701203,0.006923316421095619,0.04675567418251514,-60.95225279760052,0,0.2986229088058643,0.016194767641188434,-134.54633442505676,0.055421605208195834,0.007646443289646235
2026-09-20 19:11:00,11.81712699460822,25.441632273557385,-4.795100811960273,131.14520250688753,0.0,0.025438366068447325,0.0013678772127332503,0.0700157574512975,-62.30083776909308,0,-0.03802034268032983,-0.09127762105651982,-131.14520250688753,0.07450629401453523,0.009230341092545138
2026-09-20 19:12:00,11.754208003461024,25.528850392669092,-4.51710113125923,128.87989472499075,0.0,-0.025163945800538517,0.030767899688765567,0.04803530775448475,-63.00289530038427,0,-0.06291899114719612,0.08721811911170718,-128.87989472499075,0.06234804416000909,0.00646434233137036
2026-09-20 19:13:00,11.54568398411172,25.515293042512525,-4.435171800459413,128.49940654871202,0.0,0.006654105887483658,-0.0025073397199501714,0.0575469375030858,-61.60224338783033,0,-0.2085240193493032,-0.013557350156567338,-128.49940654871202,0.05798460048682881,0.006409590977441037
2026-09-20 19:14:00,10.796689878007326,25.551345407228546,-4.1859687659054226,129.4904429269668,0.0,-0.011908487704860317,-0.0003022718017189569,0.05718913837203349,-62.76312183105156,0,-0.7489941061043943,0.03605236471602069,-129.4904429269668,0.05841661574752954,0.00622276236065779
2026-09-20 19:15:00,11.548483014686115,25.620835419690216,-4.627081344544795,134.91021988549193,0.0,0.0027772797840109648,0.0315723078095726,0.038199760859014935,-62.95073777361162,0,0.7517931366787884,0.06949001246167086,-134.91021988549193,0.04963613233428854,0.006585329986658596
2026-09-20 19:16:00,11.46927023908867,25.52390393645433,-4.634575500299449,129.4500978714214,0.0,0.021066205592837412,-0.013164444875003772,0.03154605674777096,-62.379244058516576,0,-0.07921277559744411,-0.09693148323588474,-129.4500978714214,0.04015272497951158,0.008770538324692434
2026-09-20 19:17:00,11.663324538789627,25.722198313823643,-4.818823470818457,129.9406169664379,0.0,0.042602085326419174,0.01628645702815554,0.05820982092416911,-62.69208401597018,0,0.1940542997009569,0.19829437736931155,-129.9406169664379,0.07394977761097929,0.010319833518655794
2026-09-20 19:18:00,10.826473877966757,25.807708135361363,-4.704038659372057,128.5530592871911,0.0,0.015025554102852204,-0.0039723144575692804,0.039164538075514815,-62.982479374800505,0,-0.8368506608228703,0.08550982153771969,-128.5530592871911,0.04213558592111901,0.011537226855116095
2026-09-20 19:19:00,10.686292516572447,25.887182869888584,-4.879145924317346,133.2969500723259,0.0,0.005898694702202719,-0.020050839240098584,0.03335817045428973,-61.32771003591921,0,-0.14018136139431014,0.07947473452722065,-133.2969500723259,0.03936493731075308,0.012788751207894052
2026-09-20 19:20:00,10.032397674492318,25.945093445537434,-4.721792980162748,135.87951176423402,0.0,-0.006796423366165943,2.3219734417452257e-05,0.06026162214844198,-62.33172470530947,0,-0.6538948420801294,0.05791057564885094,-135.87951176423402,0.06064367249507426,0.01289627617111772
2026-09-20 19:21:00,10.642544197137465,26.18187455870697,-4.639737623321912,131.35183914829418,0.0,0.003642697420223529,0.013834102272159752,0.039805732662244075,-61.068701020416874,0,0.610146522645147,0.23678111316953476,-131.35183914829418,0.04229832127815386,0.011703717398548953
2026-09-20 19:22:00,10.90080863550494,26.14271887810513,-4.916455582431161,130.2483187113563,0.0,0.027195437866566273,0.027074196799530225,0.04227482524315606,-63.297168053711346,0,0.25826443836747615,-0.039155680601840714,-130.2483187113563,0.05709435017962236,0.011334241715453535
2026-09-20 19:23:00,10.352890118900076,26.318906482015358,-4.733978454515325,130.1103484995227,0.0,-0.000894175135191707,0.02949387970691365,0.06974373155089296,-64.30964626410808,0,-0.5479185166048648,0.17618760391022903,-130.1103484995227,0.07572896790516367,0.013523629827735192
2026-09-20 19:24:00,11.091901688542595,26.551563158711748,-4.211886190511244,122.84707963364276,0.0,-0.017722253026953006,-0.0058952814845106526,0.03340264638618429,-62.58952288772067,0,0.7390115696425195,0.23265667669639,-122.84707963364276,0.03826969273110811,0.01426343665441866
2026-09-20 19:25:00,10.291228923659277,26.546566781637196,-4.6523622644642755,132.23545259285444,0.0,-0.03239379731033253,-0.019744984640644274,0.03743713958593075,-61.05421953543902,0,-0.8006727648833181,-0.004996377074551361,-132.23545259285444,0.05329879870145901,0.014245076427880993
2026-09-20 19:26:00,10.338893917088194,26.715043758550127,-4.543503192797,130.40249924798752,0.0,0.010260957348205016,-0.006374777991549586,0.0454030185752608,-62.5656209623725,0,0.04766499342891706,0.16847697691293106,-130.40249924798752,0.046982540755994714,0.01375354723966772
2026-09-20 19:27:00,9.820030041942884,26.82885608783412,-4.612166591987911,131.28502615198218,0.0,0.004945762512554786,-0.023630615066603113,0.04759743160165578,-60.08085328392108,0,-0.5188638751453105,0.11381232928399143,-131.28502615198218,0.05337023543447099,0.011644608783581204
2026-09-20 19:28:00,10.257160173721983,27.112288985262232,-4.241342903712117,127.86561341774889,0.0,-0.012918163465245934,-0.004347723988330102,0.04106254717882347,-63.17561295569956,0,0.43713013177909943,0.2834328974281135,-127.86561341774889,0.04326562644879442,0.011555041915343286
2026-09-20 19:29:00,9.527357140745965,27.117330663917375,-4.554456721630438,128.84662936306873,0.0,0.020520282514145952,-0.006833305672395168,0.03841344902677084,-63.49392185428878,0,-0.7298030329760188,0.005041678655143045,-128.84662936306873,0.04408366054452685,0.011113585647692784
2026-09-20 19:30:00,22.208109386503942,28.12833545772882,1.7990853972897372,128.76692519049047,181.30304398267901,-0.00843553728775261,0.014549804083135307,0.06509994324431931,-64.15536267105792,0,12.680752245757978,1.0110047938114448,52.536118792188546,0.06723732370197583,0.01188494735328305
2026-09-20 19:31:00,22.417245129953336,28.156184447843774,1.447495201537557,133.06486895221911,178.72296282561865,-0.002692881836495904,-0.04411870359828757,0.05262986124104716,-61.5824631993098,0,0.20913574344939434,0.02784899011495412,45.65809387339954,0.06872855239295209,0.01237614299992848
2026-09-20 19:32:00,22.807121093888266,28.24640058421098,1.9327786684228299,128.86372049019073,181.58371024005558,-0.00033328266595887036,-0.014672158921732794,0.05585168744209188,-61.872902545291936,0,0.38987596393493007,0.09021613636720716,52.71998974986485,0.057747678004307114,0.012391280590388314
2026-09-20 19:33:00,22.29176191426409,28.564610644045068,1.179508428110164,136.2479809663294,182.94215943615447,-0.007019054842761762,-0.014510366088838308,0.048627748234414646,-62.5006839330726,0,-0.515359179624177,0.3182100598340867,46.69417846982506,0.05122963745008765,0.01000051423049883
2026-09-20 19:34:00,22.84284595866947,28.62832669448327,1.884541661960787,131.2925872570451,185.09177220221034,0.004717301314991418,0.023742545048160507,0.05289454948859137,-62.30190802811486,0,0.551084044405382,0.06371605043820239,53.79918494516522,0.0581703940390762,0.00877667297599416
2026-09-20 19:35:00,23.158760804834046,28.8800368319003,2.1001886117109243,126.1729520200128,186.1309363634782,0.023030302918660022,-0.02227688754802034,0.05932901661109591,-62.32477137456069,0,0.3159148461645742,0.2517101374170281,59.95798434346541,0.06742838262476773,0.00966958618581439
2026-09-20 19:36:00,23.31476531814445,28.700605417279252,1.6758099727104443,129.61436112024413,184.17807713639334,-0.022849637962368458,0.004533147192979876,0.040037009854546654,-62.54718146726094,0,0.15600451331040333,-0.17943141462104606,54.563716016149215,0.046320811052674764,0.00973883415660204
2026-09-20 19:37:00,23.11200144728135,29.125300227579494,1.9058180233999888,128.04497463353076,186.60616798520402,0.009770402769480175,-0.0025625682883956263,0.052648359965179824,-60.40639125737906,0,-0.2027638708630981,0.4246948103002417,58.56119335167327,0.05360855653283071,0.009732630766671949
2026-09-20 19:38:00,22.84007880236776,29.225055847452502,2.4716196891612836,123.41685259053993,188.08812171822572,0.003443173392128821,0.020860850536727638,0.05696042313407891,-63.01320024547417,0,-0.27192264491359097,0.09975561987300807,64.67126912768579,0.060757882877345765,0.008756055910659715
2026-09-20 19:39:00,23.843950225510262,29.305280314834462,2.0442316683945294,134.79841282034135,190.7449137405684,0.003075276590894125,0.011916637290210946,0.06544797346384261,-62.63561966952469,0,1.0038714231425026,0.0802244673819601,55.94650092022704,0.06659505087422633,0.0077506521826381574
2026-09-20 19:40:00,23.871952250923837,29.490600407490362,2.081582498922479,132.10942762666002,189.8237229277284,0.017436891397481814,0.00242487463640759,0.06947890979801762,-63.386664351137036,0,0.028002025413574216,0.18532009265589977,57.714295301068375,0.07167457084162372,0.00833021386813717
2026-09-20 19:41:00,23.9207477378342,29.6160042861969,2.164503971845956,131.59962195369795,190.4901869753654,0.000985948504343174,-0.011093337491761366,0.05069859796981762,-62.39116243895198,0,0.048795486910364616,0.12540387870653902,58.89056502166744,0.05190743749468404,0.008118205635080122
2026-09-20 19:42:00,24.48775350269478,29.78859164776375,2.125376700969494,130.49621098089912,189.48804411553098,0.009604585238114059,-0.037046850062197524,0.06138638949687134,-63.20232938242337,0,0.5670057648605784,0.17258736156684762,58.99183313463186,0.0723395187472846,0.009198648567311693
2026-09-20 19:43:00,24.407269761497826,29.7687055361561,2.627235114380815,125.85394729392269,192.45650014457894,0.014317292591422944,0.004941713113748107,0.023298320666284532,-63.87475289785103,0,-0.08048374119695367,-0.019886111607647194,66.60255285065625,0.02778879525125235,0.01361119849987529
2026-09-20 19:44:00,24.181112233120423,30.040648037262,2.2434313474289405,128.5491485813337,190.6740228918036,-0.010087304007612133,0.010609795970597455,0.06552282909376714,-65.74631190657811,0,-0.22615752837740288,0.27194250110589735,62.12487431046989,0.06713838399254715,0.013940088962023025
2026-09-20 19:45:00,24.14711935336447,30.24029894054032,1.6986227958555842,132.52534232435204,188.2527740456934,0.005983669216275966,-0.03149735224949306,0.042741163382791963,-63.81072468752544,0,-0.033992879755953,0.19965090327832158,55.72743172134136,0.05342934159554066,0.013649986379035903
2026-09-20 19:46:00,24.530735384058143,30.217080899219848,2.6816022808324878,126.84633991065249,192.80247597066545,-0.005015752144212638,-0.024673883286570986,0.04758902551012109,-64.60386355367078,0,0.38361603069367334,-0.023218041320472338,65.95613606001297,0.0538393316731779,0.01318603968083452
2026-09-20 19:47:00,25.723025308991204,30.345472264916353,2.5350595748355964,122.40469205124757,191.31245464960273,-0.0026536355943979103,0.005046599467433518,0.054411044843670216,-64.6001802515874,0,1.1922899249330605,0.12839136569650478,68.90776259835516,0.05470897320396762,0.013150718178659308
2026-09-20 19:48:00,25.350140670689765,30.439553960379445,2.008353049907692,129.31868197665722,188.85238826652497,-0.006441227929566639,0.006782833724157401,0.04846557632684487,-65.97024634224223,0,-0.37288463830143925,0.09408169546309253,59.53370628986775,0.04935998722916591,0.013378813664423958
2026-09-20 19:49:00,25.31024572175,30.508918822200624,1.8539370707752203,129.57472733791738,188.50401494207566,0.009421608081937729,-0.019812946201841188,0.05196453379568135,-63.60432786164124,0,-0.03989494893976442,0.06936486182117818,58.929287604158276,0.05640595986816638,0.012937270520372053
2026-09-20 19:50:00,25.311385661075846,30.616858622690412,2.196305526666403,130.40669024924412,189.68612535853836,0.0016328941803650744,-0.011481294271360763,0.06587692968226144,-64.43042746819926,0,0.0011399393258457735,0.10793980048978824,59.27943510929424,0.06688988208923283,0.01236310672699967
2026-09-20 19:51:00,25.395475020391835,30.413704125143557,2.025598003522278,132.18555593054361,189.5584632570239,0.007890880686333488,-0.03672977677140853,0.04615779954654029,-64.10403216930784,0,0.08408935931598904,-0.20315449754685488,57.37290732648029,0.05951373756253297,0.012359654835024204
2026-09-20 19:52:00,25.91498823525347,30.41461011132153,2.3350697548052204,131.91281743669362,188.4795485694583,-0.00035034725791496893,0.027545278076264675,0.03913076183499447,-64.63161507807554,0,0.5195132148616359,0.0009059861779725509,56.56673113276469,0.04785479713975325,0.011161380593493368
2026-09-20 19:53:00,25.503877038471053,30.57659242515572,1.9773671171852483,130.77630941573176,188.07966946865295,-0.032082420249406496,-0.025997488147369047,0.06813463857298552,-65.42472951150032,0,-0.4111111967824179,0.1619823138341907,57.30336005292119,0.07967107412670855,0.009751647070773391
2026-09-20 19:54:00,25.90123246707419,30.5697606295695,1.8528078560065118,133.58659416426013,190.15454655466428,0.0006273683219941695,0.010845187824971014,0.055267642170046774,-67.39072301836786,0,0.397355428603138,-0.006831795586219158,56.567952390404145,0.05632516276946453,0.009324460659794729
2026-09-20 19:55:00,25.69141009233487,30.56608742434098,2.4178991396453746,125.44309065756005,188.12780774550933,0.00127075910313634,-0.0006992139230676069,0.06922238975313463,-64.62778233186299,0,-0.2098223747393213,-0.0036732052285195493,62.68471708794928,0.06923758352183657,0.00982763253716469
2026-09-20 19:56:00,26.43627973121929,30.655978033882853,2.114432787733099,131.51374544343216,185.53628490074468,0.0048519187430692045,0.025791872392495183,0.05863629910578905,-67.61132308921474,0,0.7448696388844205,0.08989060954187167,54.02253945731252,0.0642415548521645,0.009725926614227163
2026-09-20 19:57:00,26.125579983580128,30.43575606807534,1.9721875904456974,131.87961509001082,186.15641996387325,-0.01187458387371484,-0.01584508185549513,0.03676405607986563,-67.15292849224319,0,-0.31069974763916264,-0.2202219658075144,54.27680487386243,0.04175725303015914,0.011305224929772494
2026-09-20 19:58:00,26.31546596435893,30.433987499675535,2.0996828578472924,126.28131314175928,181.284833694504,-0.02390939433331024,0.001225054206807744,0.05645384671756882,-66.3653721386227,0,0.1898859807788007,-0.0017685683998038826,55.0035205527447,0.06132044279362389,0.010777628657835204
2026-09-20 19:59:00,25.795529031743882,30.239461401604046,2.053068262211575,125.49138817395283,183.18834739203345,0.01249213289788556,-0.033968538184747,0.040160519341174455,-66.4891047146441,0,-0.519936932615046,-0.19452609807148846,57.69695921808062,0.054062762457165445,0.010897032961035828
2026-09-20 20:00:00,26.307420780186444,30.4867756794618,2.092045847326552,127.7621736205732,185.02981278006487,-0.005472131130683378,-0.038770536738795075,0.05007431802439667,-66.83119411969625,0,0.5118917484425616,0.24731427785775395,57.26763915949168,0.06356521111216473,0.01071563850170749
2026-09-20 20:01:00,25.90536182913902,30.165232851922994,2.0888674322661425,128.01537567245413,179.97971483354814,0.0034248809536999154,0.011926671677309477,0.04924285596392242,-67.9448238374026,0,-0.4020589510474224,-0.32154282753880636,51.96433916109402,0.050782222975456315,0.01108678907132456
2026-09-20 20:02:00,26.031304859345877,30.083940314598784,1.7486612495892555,132.2602583905073,177.72099070848603,-0.005629201597765913,-0.03570051678139404,0.03382336195366944,-68.2749113319946,0,0.12594303020685516,-0.08129253732420949,45.46073231797874,0.04949984467587572,0.01091587875721519
2026-09-20 20:03:00,26.477974415001512,29.98656602044815,1.7147873134925713,128.15638364892672,177.11836528138141,-0.00012123651547189607,-0.004564350688690617,0.041871895104382134,-65.23837456729125,0,0.44666955565563526,-0.09737429415063303,48.961981632454695,0.04212010915387583,0.009383884866130067
2026-09-20 20:04:00,25.65382672478295,29.854250559095703,1.978842811324177,127.43095444515639,175.2653229050469,-0.008985706958716165,0.020225908959458395,0.072051873001591,-67.89790334721327,0,-0.8241476902185632,-0.13231546135244798,47.83436845989051,0.07537441691861779,0.011345553263550438
2026-09-20 20:05:00,25.996918106887367,29.73477099946105,1.1969412510464137,128.16509878991633,174.92264390684838,-0.019361671783076562,0.014933697121893588,0.052383774048411644,-68.08620323620083,0,0.3430913821044186,-0.11947955963465517,46.75754511693205,0.05780959632724554,0.010545216348637363
2026-09-20 20:06:00,26.0267921010684,29.636287523088924,1.8917676039775582,133.35589700246263,174.83377936987142,0.009474633215373143,-0.013291709758971875,0.04824403865337048,-68.6835339807401,0,0.029873994181031094,-0.09848347637212385,41.477882367408796,0.05093059481756035,0.010232257373676803
2026-09-20 20:07:00,26.001102126141443,29.42551923842638,1.1535001249299563,130.03913012313086,171.89050455255776,-0.012062401764522402,-0.03177006272816345,0.06812890219940926,-67.75023986820143,0,-0.025689974926955017,-0.21076828466254582,41.8513744294269,0.07613399856159445,0.011127982246074669
2026-09-20 20:08:00,25.64996500282162,29.350067828561794,1.4620961077077823,129.46224692392926,173.91265775847202,0.0032790296178962126,0.010189897233110572,0.04603764689930832,-67.80103418963215,0,-0.3511371233198233,-0.0754514098645842,44.450410834542765,0.04726574841131565,0.011563489122117169
2026-09-20 20:09:00,26.341718090257903,29.483649740698425,1.6081346805265828,129.66998350389684,174.92689275573355,0.008209204438041557,0.026845135657203617,0.0490857963803088,-67.99861523694594,0,0.6917530874362825,0.13358191213663062,45.2569092518367,0.056546155945814414,0.011525864651446834
2026-09-20 20:10:00,25.24871014170065,29.216747080953667,1.282856783127486,133.87618100297956,170.61646268662687,-0.011736254312061633,-0.01324476157331247,0.059908028561228496,-67.56329536734536,0,-1.0930079485572541,-0.26690265974475835,36.74028168364731,0.06246707341075176,0.011461444717583744
2026-09-20 20:11:00,25.987115091123243,29.085121195837147,1.883543347878495,127.75248482019028,174.85579673663943,-0.024077712687459698,-0.01606625716814233,0.0459926420138365,-66.12367778846131,0,0.7384049494225948,-0.13162588511652018,47.10331191644916,0.054343205528066346,0.011304740409488699
2026-09-20 20:12:00,25.817357148272986,28.955191254131456,1.1584077327100606,133.9465248728203,172.30582645291932,0.048521712277061056,-0.01049803925737997,0.04253479260647499,-68.40442276816329,0,-0.16975794285025714,-0.12992994170569006,38.359301580099014,0.06537410781512225,0.011209821021383008
2026-09-20 20:13:00,25.917861800075094,28.862102716841946,1.5617252530319357,130.63148889676452,172.89950180375357,-0.010555437518908521,0.011432174216142312,0.027462435846392828,-67.66894286393548,0,0.10050465180210821,-0.0930885372895105,42.26801290698904,0.03156417670621321,0.013267085104227968
2026-09-20 20:14:00,24.757517485666014,28.339750610582822,1.300413591046285,129.51874185407397,169.16831015340057,0.012468343172023168,0.024570352128298258,0.04063501686617239,-68.24370898135928,0,-1.1603443144090804,-0.5223521062591239,39.6495682993266,0.049095482285827705,0.01193029159780943
2026-09-20 20:15:00,24.851643341184772,28.229811708621014,1.2887084738560342,137.50270149380285,171.93374927748226,0.03878927099140248,-0.024792136227610447,0.04053972254010387,-67.16697971119305,0,0.09412585551875807,-0.109938901961808,34.43104778367942,0.0613410683506691,0.01206912579055233
2026-09-20 20:16:00,25.43040376645537,28.10676738904785,1.4529791420500862,126.8330815306042,167.87922216287473,0.015798154937077865,-0.02996563618649306,0.0515856669546861,-67.87888002063416,0,0.5787604252705982,-0.12304431957316453,41.04614063227052,0.06171387272434759,0.012096584196016199
2026-09-20 20:17:00,24.282781664774284,27.9736750862343,1.5486699771342038,128.938942721299,171.78126242603201,-0.006008856176551031,0.04679992643864896,0.043895417342722245,-67.66855072331278,0,-1.1476221016810868,-0.133092302813548,42.84231970473303,0.06444491547752383,0.010450335753608639
2026-09-20 20:18:00,24.219915051892478,27.824007702372526,1.4642766873900117,126.302706282508,170.38203259122866,-0.0013423277507022264,-0.0035464557578007727,0.07158019010857196,-68.42045423664646,0,-0.0628666128818054,-0.14966738386177525,44.07932630872067,0.07168056088097838,0.011162472670668767
2026-09-20 20:19:00,24.404566472524568,27.64343182310465,1.2702940100564177,132.8573859116085,171.28197631372626,-0.016652144394776965,0.00505785591380619,0.039423710697651944,-66.66734951376611,0,0.18465142063208972,-0.18057587926787733,38.42459040211776,0.04309413863347871,0.012108476908638728
2026-09-20 20:20:00,24.451486713002506,27.54551098412449,1.235740261418481,135.06756680095503,168.0595680421189,0.017633928539154846,-0.01383861681235278,0.06400646686857406,-66.12733725424889,0,0.04692024047793808,-0.09792083898015846,32.99200124116388,0.06781806950954164,0.012512391219481458
2026-09-20 20:21:00,24.7084023916603,27.364676784007443,1.400955427863908,135.0097683442139,168.9517134921695,0.011325414161173766,0.00979924618905432,0.0521975295512755,-64.47778611654908,0,0.2569156786577942,-0.18083420011704732,33.94194514795558,0.05430352035597775,0.012513350300078354
2026-09-20 20:22:00,24.00642571280675,27.129269211661114,1.2620606910128322,133.671846259438,172.35990987930526,-0.010288516365234864,0.019201217494030448,0.05806774035712389,-65.64062746969776,0,-0.7019766788535513,-0.23540757234632892,38.68806361986725,0.06201937433119687,0.012308474422244413
2026-09-20 20:23:00,23.705650420740167,26.827950600310217,1.2681568829675784,129.4071385966121,169.7806295693126,-0.02084349614196889,0.005995923431458594,0.057460195947358704,-66.32397677989181,0,-0.30077529206658227,-0.3013186113508972,40.373490972700495,0.061417233310570446,0.008591728553928226
2026-09-20 20:24:00,23.802936502244247,26.794412021225,1.7046381274596496,128.90427706753047,173.19876770863837,-0.02642467475327383,0.034817161540288695,0.027817644696875837,-66.99206648597843,0,0.09728608150408036,-0.03353857908521718,44.2944906411079,0.051810419126083994,0.00825598614563408
2026-09-20 20:25:00,23.667522913197647,26.69188351319788,1.608636023133383,124.98649068251781,170.2103211313756,0.019730280076084017,-0.006534891798821838,0.04988447321023443,-66.60738010733576,0,-0.13541358904659972,-0.10252850802712032,45.22383044885778,0.05404118272360093,0.00844137305466654
2026-09-20 20:26:00,23.4723245472747,26.580775604036024,1.5688161068352169,136.10762060554538,175.38368204661012,0.0024074625791112155,-0.005257649460707524,0.04737771862766168,-66.43274749368771,0,-0.19519836592294837,-0.11110790916185564,39.27606144106474,0.04772930940505403,0.009116356124648478
2026-09-20 20:27:00,23.096516186984772,26.35738852671215,1.2695964041129562,131.4069342344454,172.0280979444866,0.004299690726655031,0.004628127025548313,0.03867021905308733,-63.00915150588669,0,-0.3758083602899269,-0.2233870773238742,40.6211637100412,0.03918281181491768,0.010479670108909031
2026-09-20 20:28:00,22.370471482680486,26.29294225436973,1.3560568147663825,128.52412928539155,176.45857808122148,-0.016458972517247147,0.00929923291012194,0.054596260372158686,-64.35024035647626,0,-0.7260447043042859,-0.06444627234241906,47.93444879582992,0.05777651041439537,0.008864148261200435
2026-09-20 20:29:00,22.48640579271221,26.107957848877447,1.4479822033500458,133.9841706669609,177.51249521898964,-0.029270062066088124,0.004558945241252186,0.06716540315877471,-64.97438646621558,0,0.11593431003172228,-0.18498440549228334,43.52832455202875,0.07340784628734268,0.009876391375579793
2026-09-20 20:30:00,13.733368567307462,26.095411826575344,-4.691902895057289,127.08170644972,0.0,0.01925227149423265,-0.02568830053910182,0.023269963561159342,-65.10887304876358,0,-8.753037225404746,-0.012546022302103665,-127.08170644972,0.039648832850571344,0.010433856137783913
2026-09-20 20:31:00,13.259671646100623,25.89602760556042,-4.702181469397061,131.21986610266802,0.0,0.0008407807399446148,0.006250303323911227,0.044655303241582796,-64.76862069039214,0,-0.47369692120683915,-0.19938422101492392,-131.21986610266802,0.045098440233463426,0.010816253150835254
2026-09-20 20:32:00,12.997710917417615,25.822660022164975,-4.751730207037204,129.4821125971275,0.0,0.018144693201152407,-0.007483471696068746,0.037542338358863774,-64.2928592756343,0,-0.26196072868300746,-0.07336758339544502,-129.4821125971275,0.04236342065321476,0.010824125259688998
2026-09-20 20:33:00,13.315972207193592,25.690192155867116,-4.563083446148457,131.91603141964092,0.0,-0.007718662530311282,-0.011619540281492913,0.05071777826237694,-62.14748835201933,0,0.3182612897759771,-0.13246786629785845,-131.91603141964092,0.052601183441836195,0.01024745862095897
2026-09-20 20:34:00,12.523184482323208,25.728901169621853,-4.693675744714562,129.80927938244164,0.0,-0.004736356860737168,0.0006496410950648731,0.04674378716850004,-63.28453297748023,0,-0.7927877248703847,0.03870901375473679,-129.80927938244164,0.046987623356780646,0.0102853443652121
2026-09-20 20:35:00,12.672482193811174,25.590818969827854,-4.457305683340445,125.64721632666632,0.0,0.014265963532412643,-0.019230453746584285,0.04394322787242822,-64.50501580309347,0,0.1492977114879661,-0.13808219979399894,-125.64721632666632,0.050043334647641116,0.010182978438848158
2026-09-20 20:36:00,12.655993261509051,25.711673241943753,-4.619427699669316,130.22672911801013,0.0,0.014646961593010493,-0.022707826477464627,0.05689506828329059,-60.56353140239585,0,-0.01648893230212245,0.12085427211589916,-130.22672911801013,0.06298593225632267,0.011000941002180414
2026-09-20 20:37:00,12.354100758912645,25.61568035129736,-4.716244425289924,133.1465924256261,0.0,0.015951312453719082,-0.05230937920007699,0.066361813010571,-63.845348519452756,0,-0.3018925025964059,-0.09599289064639294,-133.1465924256261,0.08599189349783856,0.014734561987830444
2026-09-20 20:38:00,12.386429642954733,25.532984010252996,-4.644552635749496,129.91235078243804,0.0,-0.005904025062053924,0.034944746570197825,0.07661318651757835,-63.14314637151807,0,0.032328884042087225,-0.08269634104436463,-129.91235078243804,0.0844131101972079,0.01733221730728003
2026-09-20 20:39:00,12.16799687444358,25.43602394118196,-4.623785053516769,132.32534536476726,0.0,0.012290944753017357,0.011114626382060048,0.04260370951531413,-61.106278360881554,0,-0.21843276851115334,-0.09696006907103438,-132.32534536476726,0.04571299932185349,0.01686593188515091
2026-09-20 20:40:00,11.671609855141398,25.54066473778681,-4.689967153300084,126.86341154297784,0.0,0.022181989309534376,-0.002335282426126103,0.03179124448181931,-61.88331593110408,0,-0.49638701930218154,0.10464079660484771,-126.86341154297784,0.03883526000223093,0.01695308092680629
2026-09-20 20:41:00,12.012557721123882,25.569618401291144,-4.360159901104597,129.92121762019045,0.0,-0.0020954402336306865,-0.013344464737732962,0.0555919643407834,-62.66918117999445,0,0.34094786598248383,0.02895366350433548,-129.92121762019045,0.057209545603651234,0.016555107897619076
2026-09-20 20:42:00,11.426496495667246,25.52385731913056,-4.6232527850570735,128.12646863473427,0.0,-0.010269767275481073,-0.05752064564092834,0.06610484735323204,-63.35085606614273,0,-0.5860612254566355,-0.04576108216058472,-128.12646863473427,0.08822666058757919,0.0183889153803781
2026-09-20 20:43:00,11.742351727932926,25.690063225829384,-4.985200631876669,132.24094252031412,0.0,0.026854952066335317,-0.014570577524429687,0.05813689967040729,-63.02640218284336,0,0.3158552322656796,0.16620590669882418,-132.24094252031412,0.06567639822011852,0.018165099267177295
2026-09-20 20:44:00,11.973938512707262,25.606736410759126,-4.608616567415431,130.094474686786,0.0,-0.013088914671026143,0.014317326743281525,0.06606347039530311,-62.92683797939477,0,0.23158678477433625,-0.08332681507025796,-130.094474686786,0.06885265175002614,0.01737468460278913
2026-09-20 20:45:00,11.34836866989073,25.694050035098957,-4.887029704668421,132.07022102900984,0.0,0.01258952994228954,0.018843486071877375,0.04774513329397881,-61.99461994747695,0,-0.6255698428165317,0.08731362433983136,-132.07022102900984,0.052850458699699523,0.017130838566835862
2026-09-20 20:46:00,10.954729061613193,25.66861325784333,-4.626330638757996,133.2631312784736,0.0,-0.001168446210397227,0.012845839872066032,0.04390425560226872,-61.81270962903284,0,-0.3936396082775371,-0.025436777255627874,-133.2631312784736,0.04575985717367021,0.018197204787156966
2026-09-20 20:47:00,11.14465855735114,25.785807786735976,-4.275038017840244,132.07485572536416,0.0,-0.03683131232969121,0.0031678391150493698,0.051154359074013125,-62.17534088028345,0,0.18992949573794604,0.11719452889264659,-132.07485572536416,0.06311377999184624,0.016382361612024318
2026-09-20 20:48:00,10.813375324975686,25.7116852374327,-4.829434250557317,130.81935530288092,0.0,0.022571881349571603,0.02607748291862758,0.04669446812633112,-62.10945093674026,0,-0.3312832323754531,-0.07412254930327578,-130.81935530288092,0.05805082511585347,0.014180948664374256
2026-09-20 20:49:00,11.125694164695858,25.828458071431715,-4.469431362800409,127.00536322446578,0.0,-0.05515707259094736,-0.006570744441770807,0.056630940213403445,-63.18484499337529,0,0.31231883972017194,0.11677283399901484,-127.00536322446578,0.07932553642287063,0.014801998935012183
2026-09-20 20:50:00,10.791996396024802,26.001612876429284,-4.9936597487409,129.9916416679993,0.0,-0.03968256133515218,0.021703778322687228,0.059697677780034916,-61.92476078462318,0,-0.3336977686710565,0.1731548049975693,-129.9916416679993,0.07489707871424184,0.012852649868152936
2026-09-20 20:51:00,11.243543223614102,26.10229872926577,-4.4949592681814625,128.4007287939525,0.0,0.010546601589613434,-0.007691648874404259,0.06048083664571886,-61.040462329095774,0,0.45154682758930065,0.10068585283648446,-128.4007287939525,0.061873450436057714,0.01260479623059376
2026-09-20 20:52:00,10.97937197988949,26.228845315887607,-4.783135907455913,128.96780812988732,0.0,0.010541423973562307,-0.017622826177555246,0.0551059267080439,-62.60545025773098,0,-0.2641712437246113,0.12654658662183849,-128.96780812988732,0.05880772721528207,0.009961061711364396
2026-09-20 20:53:00,10.49049632621347,26.40621318056091,-4.727695407535084,128.87639754774924,0.0,-0.012751597157550714,-0.02011425960845042,0.052458223266753,-62.76437193290121,0,-0.48887565367602015,0.1773678646733039,-128.87639754774924,0.057611212953461596,0.010039356134607427
2026-09-20 20:54:00,10.663550963371428,26.279336288137653,-4.758122414955583,127.06022327565327,0.0,0.0029564418060648986,-0.021289928423459056,0.057944266892508485,-62.655292184917236,0,0.1730546371579571,-0.12687689242325817,-127.06022327565327,0.061802424435768805,0.009757155559709418
2026-09-20 20:55:00,10.25023645164728,26.457059140878197,-4.2867120488104105,124.12798423259802,0.0,-0.050628600915560096,0.013181360576049706,0.03037008092347279,-61.79199359748604,0,-0.41331451172414724,0.1777228527405441,-124.12798423259802,0.060492522782581784,0.009300933973188754
2026-09-20 20:56:00,10.304983297351178,26.716554695910798,-4.369809516184516,127.9955708550167,0.0,0.014139509289411985,-0.01485491142194157,0.05210570752333942,-63.99133079117314,0,0.05474684570389776,0.2594955550326006,-127.9955708550167,0.05599641839266944,0.007723251329875185
2026-09-20 20:57:00,10.12053070721227,26.76605818828526,-4.658899326917315,130.58013835577248,0.0,0.00499450974107194,-0.020660576900698877,0.050524780571704515,-61.84538014440178,0,-0.1844525901389087,0.04950349237446261,-130.58013835577248,0.054813848772388214,0.008166466214964922
2026-09-20 20:58:00,10.400930858124312,27.32632883003481,-4.671294943342771,125.95546886371753,0.0,-0.0009128570666759082,0.0142747043932272,0.05213080395971555,-63.086449837213415,0,0.2804001509120422,0.5602706417495504,-125.95546886371753,0.054057573151451176,0.008492113802683023
2026-09-20 20:59:00,10.551049562214647,27.19467508199302,-4.32663277525833,130.04704670941487,0.0,0.0004168296427554404,0.006559407809444656,0.04912376453745769,-63.700793369878,0,0.15011870409033534,-0.13165374804179208,-130.04704670941487,0.04956151551449238,0.006774772877723669
2026-09-20 21:00:00,22.239594462157342,27.992166915106985,1.4596612518935517,135.70080527293288,180.7736170413784,0.009865083523860637,0.019251839656916042,0.05431855493461617,-60.78676116333568,0,11.688544899942695,0.7974918331139662,45.07281176844552,0.05846758600535228,0.0038495039016803374
2026-09-20 21:01:00,22.476497657468318,28.114996310000095,1.3572765882674944,133.0691696657567,183.1802950168402,-0.000578030469957219,0.010251990225455969,0.04425397078465985,-63.192472713774784,0,0.23690319531097614,0.12282939489310962,50.1111253510835,0.045429630782305185,0.005032230564304262
2026-09-20 21:02:00,22.676243697758032,28.28433032823648,1.9159852902767902,134.9306245273616,186.01123419935215,-0.03748111005462441,-0.015062231603946236,0.0612952342945363,-61.519524769066514,0,0.199746040289714,0.16933401823638405,51.080609671990544,0.07340851571200635,0.007530731175056441
2026-09-20 21:03:00,22.76312930659481,28.49968739311917,1.7015178341298818,131.17338363079818,185.00262115882737,0.043926644690450455,0.0015220483293717489,0.054736497774134744,-61.66295317036145,0,0.0868856088367771,0.21535706488269213,53.82923752802918,0.07019936562003876,0.008591201336751312
2026-09-20 21:04:00,22.452891475417164,28.66999167112096,2.0152314424645,133.50252946895932,184.39280061436995,0.024016016388569025,0.0025026598153935447,0.05150685857883861,-63.10058422544958,0,-0.3102378311776448,0.17030427800179027,50.89027114541062,0.0568857524340505,0.008516672074564557
2026-09-20 21:05:00,23.499907292843044,28.77231682752103,2.0329269794372773,127.82810580859663,186.88443233421154,-0.025698893239096562,-0.018383173169480047,0.043024834293638806,-61.796032677264684,0,1.04701581742588,0.10232515640007023,59.05632652561491,0.05338080680814643,0.008575756653050135
2026-09-20 21:06:00,23.723404074654884,28.946230631119636,2.1875005481520566,128.06697919893404,185.93620040014412,-0.006902744609531809,-0.022092499481879854,0.05815316885207905,-62.083947134948396,0,0.22349678181183918,0.1739138035986052,57.86922120121008,0.06259007480455427,0.008723429526859377
2026-09-20 21:07:00,23.301427348827797,29.25920815891346,2.5912787685018333,121.78257938158758,186.48998295894683,-0.004720683803120817,-0.013614432182354091,0.05206659698494491,-62.67484434019496,0,-0.42197672582708634,0.31297752779382293,64.70740357735924,0.054023773848275725,0.008757789783656766
2026-09-20 21:08:00,23.44646399466975,29.409466873593356,1.647953084770172,133.5584364221269,186.47073243756776,0.02157699133017927,0.04073164713344161,0.042445166064630835,-61.77952066243882,0,0.14503664584195164,0.1502587146798966,52.91229601544086,0.06265960225950945,0.008771750853123305
2026-09-20 21:09:00,23.923585632319533,29.436809581481075,1.8989241407672124,134.62097193945965,190.96009581393906,-0.043185378706395355,-0.008254881884430978,0.04943338457586762,-63.376687645736205,0,0.477121637649784,0.027342707887719087,56.33912387447941,0.06615723331251329,0.00842189497311614
2026-09-20 21:10:00,24.082946004971863,29.41179853495067,2.0719152230484705,128.3404682639582,186.77785251619494,-0.009980165288595784,0.02465733582773429,0.0562908261924124,-62.71244202190746,0,0.15936037265232983,-0.025011046530405423,58.43738425223674,0.06225949745005772,0.0084145734171709
2026-09-20 21:11:00,24.03016509509673,29.72722491629007,2.548176841276949,129.2381448808083,191.97680904997057,-0.03521272886675007,-0.009373210189595959,0.055515735388198255,-63.30626740805118,0,-0.052780909875131954,0.3154263813393996,62.73866416916226,0.06640625135628457,0.006605088862706488
2026-09-20 21:12:00,23.88356219690386,29.94881847140991,2.1033843652771216,127.73841365892712,190.320119107153,-0.005701910316566768,0.01777677639079984,0.05487008967808155,-63.99378990540325,0,-0.14660289819287087,0.22159355511984202,62.58170544822589,0.05795905711264962,0.005573552008052954
2026-09-20 21:13:00,24.51245598016909,30.042416292480837,1.869992434029327,131.14796065443247,186.83696950456806,-0.009450017861698088,0.018049833111156943,0.05092531391741077,-63.09195763956178,0,0.6288937832652302,0.09359782107092585,55.68900885013559,0.05484967557346043,0.004909829029956223
2026-09-20 21:14:00,24.742301710403428,30.082463244516994,2.1390209097525084,133.37479763590972,190.58979588586743,0.0015938813476542447,0.019051810159040897,0.060258195333018974,-64.02807970802007,0,0.22984573023433796,0.040046952036156824,57.214998249957716,0.06321836784415431,0.004912444712007052
2026-09-20 21:15:00,24.94430138450498,30.245919757548325,2.0632404253000436,124.77168407835688,185.7748968507373,-0.012097487980183667,0.0077565468401791715,0.0623779650381161,-65.52703937152374,0,0.2019996741015504,0.16345651303133124,61.00321277238041,0.06401190324159263,0.004355298807542719
2026-09-20 21:16:00,24.974212195304354,30.194326476772968,2.174020764870608,131.22831559192676,191.24675206407713,-0.015020467827810484,0.027547331575623026,0.05737322615675541,-66.09535338480902,0,0.029910810799375298,-0.051593280775357186,60.01843647215037,0.06539233143372249,0.004526206550077631
2026-09-20 21:17:00,24.923787076052598,30.327383700976824,1.922447029579949,129.16998468484258,191.68711107050265,0.012393133835262957,0.007567079387054558,0.044125487251442934,-63.7503821266171,0,-0.050425119251755746,0.13305722420385635,62.51712638566008,0.04645330001072021,0.006254694048611409
2026-09-20 21:18:00,25.431508250361816,30.262020158285548,2.521922460710525,130.34018317590008,188.55376439747783,0.009093454818851609,0.03427059458680559,0.039419382827094826,-66.00838850222372,0,0.5077211743092178,-0.06536354269127642,58.213581221577755,0.05301935793976331,0.006687581228693754
2026-09-20 21:19:00,25.273416568427272,30.41449641659778,1.8137836633582052,131.37698200502288,189.7100962687853,0.011027966855564843,-0.03239839606376867,0.04456060233028407,-64.75822554096082,0,-0.15809168193454326,0.15247625831223033,58.33311426376241,0.05618646990610797,0.006400165871526444
2026-09-20 21:20:00,25.226407034922172,30.562798177805334,2.2058600467760963,129.43539268368153,193.0012891357574,-0.003538001809816853,0.006965724953336369,0.06953656747976723,-65.23221875041497,0,-0.04700953350510062,0.14830176120755567,63.56589645207586,0.06997408804550455,0.007248678406523269
2026-09-20 21:21:00,25.41549688776235,30.40468198382246,2.062480964909517,129.68923943978265,187.62060025796487,-0.011434771644503787,0.00566647185071333,0.052816959138273535,-65.90326994391937,0,0.18908985284017987,-0.1581161939828739,57.93136081818221,0.054336857457999266,0.007017826282743525
2026-09-20 21:22:00,25.041038730503246,30.40031416689121,2.404279568540881,129.3583744973361,185.9671488640827,-0.0023770496404154156,-0.018730396916109823,0.07126441827526385,-63.82192592164115,0,-0.3744581572591059,-0.00436781693124999,56.608774366746616,0.07372309981098038,0.00848909792150004
2026-09-20 21:23:00,25.59638321378852,30.507994754225617,1.7889390695751506,132.91094860536484,190.4203789266924,0.010023241401369043,0.011591684435274766,0.048798016564125635,-65.83737279516733,0,0.5553444832852747,0.10768058733440711,57.50943032132756,0.05114761907293232,0.008818630840561564
2026-09-20 21:24:00,25.934687299831303,30.47626778723136,2.519009623745415,131.2562798803825,190.6798061865731,-0.04353559401943697,-0.029801653511532362,0.047411863295070786,-65.49280702695935,0,0.3383040860427826,-0.031726966994256145,59.42352630619061,0.07093215970035839,0.009469433772441357
2026-09-20 21:25:00,25.897873384064116,30.553434666486453,2.1275197274890894,130.6617506132121,185.99211278473527,0.00788223860741716,-0.013083686515206572,0.049259434633559265,-66.18635328059504,0,-0.036813915767186955,0.07716687925509191,55.33036217152318,0.051573291912678544,0.009771575117847486
2026-09-20 21:26:00,26.310431993563125,30.421723835863123,2.261661741752799,126.18714483672315,187.17793978903134,0.0061827637466959585,-0.03998175625795616,0.04907825919946697,-66.9152273614447,0,0.41255860949900836,-0.1317108306233301,60.99079495230819,0.06360379648313565,0.009662906655238798
2026-09-20 21:27:00,25.824000957101926,30.60646303875576,1.8778050434192486,128.86426077036054,186.95675063340005,0.0012430181217145397,0.031172530339256294,0.04226349088132276,-66.90360961840416,0,-0.4864310364611981,0.18473920289263646,58.0924898630395,0.0525306996267746,0.008943835980282056
2026-09-20 21:28:00,26.087992868869833,30.26240423391481,1.8702605896742133,132.69600748101752,181.86491303648228,-0.002986268437433503,-0.004630989878905909,0.03851151731833323,-65.61373165358914,0,0.2639919117679064,-0.3440588048409481,49.16890555546476,0.03890373802861649,0.01099462366530937
2026-09-20 21:29:00,26.20867401704209,30.462873705374367,1.6877595291600511,130.11308971937177,181.42188162140408,-0.05132238771864828,0.043337680696326236,0.05501336627180863,-66.15754020923107,0,0.12068114817225606,0.20046947145955585,51.30879190203231,0.08682518366140182,0.014157142309553502
2026-09-20 21:30:00,26.69283704890244,30.196758644233395,2.106702061287565,131.9785944087674,183.87294910690812,-0.008797065262008118,0.0160589985303899,0.06054900717597364,-65.4514444149522,0,0.48416303186035137,-0.2661150611409724,51.89435469814072,0.06325711075459582,0.013858973790193733
2026-09-20 21:31:00,26.04256470409272,30.0192890705855,1.5374411577772753,135.2995354009829,183.78583518174992,0.03578877422154746,0.00896196426702049,0.07444981300666402,-67.32289326310062,0,-0.6502723448097214,-0.17746957364789395,48.48629978076701,0.08308987796676254,0.015303380072511847
2026-09-20 21:32:00,25.685038258506815,30.138549423049753,1.6711612324818712,133.11581820762646,180.54202028607293,0.0002580259113661136,-0.011724553885619986,0.04566287093308978,-68.54491677033987,0,-0.3575264455859042,0.11926035246425215,47.426202078446465,0.047144771958720494,0.015646085720818527
2026-09-20 21:33:00,26.24183873982226,29.99578021094759,1.5454967873425156,130.27947501309922,176.66291435156342,-0.006145796773494362,-0.020927000713748402,0.04647344513135925,-68.2134240802572,0,0.5568004813154452,-0.14276921210216287,46.3834393384642,0.05133703613602736,0.015633075439155302
2026-09-20 21:34:00,26.526377448600414,29.807779208169833,1.6936267901473785,128.46703248941282,181.41871120313058,0.00033812391180225177,0.010459431477938905,0.04228770705548983,-69.04636760051203,0,0.2845387087781539,-0.18800100277775655,52.95167871371777,0.04356333553152646,0.016074928237720963
2026-09-20 21:35:00,25.839179174427763,29.639577015174286,2.0443666317975664,122.33935121183231,175.43022592747985,0.007095457372560171,-0.001430280185459643,0.061257274293735675,-67.1573877226867,0,-0.6871982741726512,-0.1682021929955475,53.090874715647544,0.06168342460201692,0.01593031859593185
2026-09-20 21:36:00,26.147714985094705,29.68782187265073,1.7288658484864667,129.49484523258144,174.90452000470856,0.013176404893789287,-0.02678540630970602,0.05814987454796265,-68.55589380587858,0,0.30853581066694247,0.048244857476444025,45.40967477212712,0.06536423752362532,0.01599406635425632
2026-09-20 21:37:00,26.213719228469877,29.659682520393854,1.8976717450425151,129.02196251254946,175.3863142598943,-0.004577603263158836,-0.03033716833016637,0.04123065418125474,-71.0502281635919,0,0.06600424337517197,-0.028139352256875583,46.36435174734484,0.05139323961516681,0.01605204932956863
2026-09-20 21:38:00,26.090320013940705,29.487094969896763,1.2804050979589463,131.17109858318614,176.98974193200237,0.008498392047873674,-0.019174074582871677,0.04097801913027057,-65.5352812918803,0,-0.12339921452917224,-0.1725875504970915,45.81864334881624,0.04603331245250236,0.015182422643075975
2026-09-20 21:39:00,25.75350641675755,29.294424094437588,1.8304057848320936,129.53828431907593,174.8302903612647,0.03353301605522719,0.036419344505324615,0.059525147585958976,-68.55299016672996,0,-0.3368135971831556,-0.19267087545917505,45.292006042188774,0.07742141186446964,0.013536146999722503
2026-09-20 21:40:00,25.427647579838784,29.191066323911304,2.08047768199834,129.03884482168962,173.26170604764454,0.020125015988654304,0.04426555836022608,0.05383196151208408,-68.52161293961905,0,-0.3258588369187656,-0.10335777052628359,44.222861225954915,0.07254196031073791,0.014162360034161737
2026-09-20 21:41:00,25.525065610129428,28.98980936492659,1.6268861657758171,124.66180320847833,172.74380594959212,0.04680600431713959,0.004099782946178196,0.05758388713011144,-66.21560359824329,0,0.097418030290644,-0.20125695898471463,48.08200274111378,0.07432034928170936,0.012774287742619673
2026-09-20 21:42:00,25.590417602758784,28.694497951086728,1.9572859760146966,127.1800965125498,171.37127161315107,-0.013135407167034327,0.002978855924825768,0.04117231521661087,-69.0176215126699,0,0.0653519926293562,-0.2953114138398618,44.19117510060127,0.043319418790660306,0.013220888862444678
2026-09-20 21:43:00,25.62006192042151,28.536599861883364,1.3946772648430625,131.42995312240168,171.95461966154247,0.033523790150040304,-0.006726407436590421,0.031222751360897937,-66.57542071960444,0,0.029644317662725683,-0.15789808920336412,40.52466653914078,0.04630279975953303,0.013622072275708464
2026-09-20 21:44:00,25.334169129678074,28.49657601282874,0.8068443457848161,135.14772289339808,165.42485910571625,-0.015813472798451893,-0.018689706966190045,0.04125034983319831,-68.18330297223274,0,-0.28589279074343565,-0.04002384905462364,30.27713621231817,0.047968348207861757,0.013159752621011914
2026-09-20 21:45:00,24.998320397589513,28.336734691513062,1.3647327992488651,129.70742384876314,169.63148390520942,0.007071322934809267,0.02750358115214488,0.056877667300112275,-68.78547351661554,0,-0.3358487320885608,-0.1598413213156782,39.92406005644628,0.06357294724757726,0.013221807609844285
2026-09-20 21:46:00,25.149434745551808,28.27223802298799,1.6225801011342185,130.98343322072236,170.54573383349893,0.014649530584761988,0.037471527877942716,0.07111057978634891,-65.6046927578816,0,0.15111434796229517,-0.06449666852507008,39.56230061277657,0.0817033579812483,0.015008685822468304
2026-09-20 21:47:00,25.103918931486223,28.096378488260736,1.0766970173287504,132.8574344708584,167.69873925712,-0.010215543838089449,-0.01786838171678571,0.04570536010472392,-66.22001078481605,0,-0.04551581406558469,-0.17585953472725535,34.84130478626159,0.05012600466212301,0.015098803433022142
2026-09-20 21:48:00,24.815735739128947,27.914577943006947,1.4243494951938975,127.56731819139925,170.8110005472647,0.001759285549485514,-0.0016567675684920314,0.07275855881876866,-66.0409298780758,0,-0.28818319235727685,-0.18180054525378964,43.24368235586546,0.07279868024768618,0.01464826859317521
2026-09-20 21:49:00,24.300202674176518,27.660101307077536,1.499639647241785,131.10044212985633,169.76653143178444,0.018209222049036824,-0.008997326014203359,0.05829819767491688,-66.39748874979702,0,-0.5155330649524288,-0.25447663592941083,38.66608930192811,0.061734977890825174,0.013745297638247132
2026-09-20 21:50:00,24.33946676600067,27.385514875800272,1.6485827008118603,127.77852968100352,173.9217086499996,-0.014205417966238159,-0.008404781497299544,0.03606967698291174,-65.95800524307619,0,0.03926409182415114,-0.2745864312772639,46.14317896899608,0.0396668104246417,0.014693408308489272
2026-09-20 21:51:00,24.515081102489408,27.402354358639524,1.5916895659144685,132.59447331547304,173.8878926271524,0.03338766919095294,0.02371816510859724,0.05214033837811032,-67.57042049448943,0,0.1756143364887386,0.016839482839252184,41.29341931167937,0.0663016040251443,0.013910933416851515
2026-09-20 21:52:00,23.647100144662513,27.254069622505156,1.4682670924626302,130.4542091438552,170.23384230456216,-0.02769193249454698,-0.026239230907322435,0.05863974278411861,-65.99851909364295,0,-0.8679809578268944,-0.148284736134368,39.779633160706965,0.06995684239356378,0.01346919760481509
2026-09-20 21:53:00,23.26016875844218,26.806652331761203,1.5416498750775744,130.89535544194433,171.3756501546276,0.03879382885456768,0.009329393818726125,0.025745171014473135,-66.80305565704533,0,-0.38693138622033274,-0.4474172907439531,40.480294712683275,0.047484866818670146,0.01334007245611244
2026-09-20 21:54:00,24.161944375978525,26.810265073104603,1.5018346123194888,127.65220420774423,172.12445999322335,0.020026522695991842,0.014564762146117311,0.05644451157913383,-67.02132791735539,0,0.9017756175363445,0.003612741343399506,44.47225578547912,0.06163746259437535,0.012637072984019228
2026-09-20 21:55:00,23.68006854471589,26.67770194078975,1.4720669281612393,132.12109707883235,172.04127779197685,-0.001794511526555572,-0.0028430234720363836,0.061727211798231124,-64.97513977096226,0,-0.48187583126263434,-0.1325631323148535,39.920180713144504,0.06181870049155979,0.012617234571131944
2026-09-20 21:56:00,23.52197160137965,26.617318567829138,1.1653555712050985,136.25413876369305,174.07738358933304,-0.008053364224734629,0.017861356539735456,0.05398868124131143,-63.9789695985562,0,-0.1580969433362398,-0.06038337296061158,37.82324482563999,0.057433983276033704,0.010400925800782211
2026-09-20 21:57:00,22.82686695728206,26.390019229366633,1.9005551360197155,126.97626491371538,172.97658043624844,-0.010140565255820473,0.0029530368107490036,0.04938278789318577,-65.27056236556413,0,-0.6951046440975901,-0.2272993384625046,46.00031552253306,0.05049961613929919,0.010366537018461304
2026-09-20 21:58:00,23.178255735895892,26.338209444136908,1.4485745051697492,128.98072297705744,173.09274753598737,-0.002715912805140297,0.024342598423122246,0.04827073416998593,-64.85006374573717,0,0.3513887786138312,-0.051809785229725236,44.11202455892993,0.054129493417765934,0.009208460932498165
2026-09-20 21:59:00,22.844265195714616,26.200003093690707,1.8976206895453738,130.69482242250427,177.50665579949816,-0.0009699172309765252,-0.030444106098517085,0.04768677672308178,-65.52957089203673,0,-0.3339905401812757,-0.13820635044620033,46.81183337699389,0.0565845651199138,0.009061187149911812
2026-09-20 22:00:00,12.831988968372704,26.092078814576404,-4.773836343481839,132.35921863598745,0.0,0.025104524932691632,-0.006975505220137386,0.03824020196232891,-64.14179629752242,0,-10.012276227341912,-0.1079242791143038,-132.35921863598745,0.046273187606777254,0.007853760239397205
2026-09-20 22:01:00,13.630835988989801,25.931697309026607,-4.542505952996093,128.3213611441316,0.0,0.03937308200769168,-0.001436262857020692,0.04312476168095033,-63.152436737609804,0,0.7988470206170977,-0.1603815055497968,-128.3213611441316,0.05841273412379901,0.007209036699482094
2026-09-20 22:02:00,13.142072550235351,25.84365198239535,-4.438311093377132,121.50090912957178,0.0,0.0039875984130801545,-0.053444147689426985,0.045834059543478405,-62.89203214440015,0,-0.48876343875445016,-0.08804532663125642,-121.50090912957178,0.07051906747531768,0.007327530632809343
2026-09-20 22:03:00,12.861696452857618,25.71303386298796,-4.991683674894037,134.07756848249207,0.0,-0.016912569759788085,-0.021719054671570696,0.05113494346225742,-62.918567392643546,0,-0.28037609737773295,-0.13061811940739076,-134.07756848249207,0.05807352920733024,0.0066136447686030555
2026-09-20 22:04:00,12.748822548238326,25.782257983236214,-5.073292018905076,132.28151835875244,0.0,-0.01091452081272388,-0.016271985087175728,0.04443185242342934,-63.87302069761702,0,-0.11287390461929192,0.0692241202482542,-132.28151835875244,0.04856020771193278,0.0069949385997533035
2026-09-20 22:05:00,12.135520062295363,25.73457400968223,-4.667177596309206,124.77115740854,0.0,-0.0036618156922256897,0.018964119896466992,0.0413087075750207,-63.70767842924667,0,-0.6133024859429632,-0.04768397355398335,-124.77115740854,0.04560105326776979,0.0074223290249025905
2026-09-20 22:06:00,12.792666719846249,25.543933020263676,-4.642542257238232,128.17729362466133,0.0,-0.02060244210593551,-0.01413686692629201,0.057597708591258456,-62.07858620388529,0,0.6571466575508857,-0.19064098941855434,-128.17729362466133,0.06278381688129228,0.007830187197366063
2026-09-20 22:07:00,12.565071172074752,25.727159334229775,-4.768500853112151,134.70454728858198,0.0,-0.023578828042147577,-0.016361579746119542,0.05370613971947856,-61.89318844787013,0,-0.2275955477714966,0.18322631396609879,-134.70454728858198,0.06089344683295524,0.007835069472548813
2026-09-20 22:08:00,12.297976756384326,25.508509052327156,-4.595902325035262,134.3433892553736,0.0,0.04194254424746054,0.016349715613123834,0.04460770463210433,-62.7243060470261,0,-0.26709441569042625,-0.21865028190261881,-134.3433892553736,0.06337458111203002,0.008106565040183318
2026-09-20 22:09:00,12.607850616105612,25.668791053295998,-4.83257720867497,132.81592006803683,0.0,0.006052270518925082,-0.03235821291580109,0.05506278471487588,-62.842594656081125,0,0.3098738597212858,0.1602820009688415,-132.81592006803683,0.06415289691117101,0.008400277526042142
2026-09-20 22:10:00,11.676255063778408,25.438399989872018,-4.800380106357735,129.4716626981204,0.0,-0.016662662673606936,-0.04142488134887144,0.045468421063140654,-61.13121847026744,0,-0.9315955523272041,-0.23039106342397986,-129.4716626981204,0.06372630882231878,0.007487951580449224
2026-09-20 22:11:00,11.77908261364988,25.297890534696336,-4.940291609216168,130.24896225643752,0.0,0.016332071407154255,-0.007231846001386929,0.0506306502948812,-62.55920684518349,0,0.10282754987147236,-0.1405094551756818,-130.24896225643752,0.053688908559577884,0.007717346751042602
2026-09-20 22:12:00,11.569999556692991,25.549808260401633,-4.53281665444138,129.6072225846216,0.0,-0.023566922496136913,-0.028954135361567105,0.05975044054722867,-61.373556915525114,0,-0.20908305695688867,0.25191772570529736,-129.6072225846216,0.07045464453151958,0.0077068095413348895
2026-09-20 22:13:00,11.609028696472445,25.554547550794588,-4.487101073712935,133.38471934980652,0.0,-0.02192024095742107,-0.02819358589319298,0.04396258906833737,-62.196555248776434,0,0.039029139779453104,0.0047392903929548424,-133.38471934980652,0.05663995486173825,0.007741917605011486
2026-09-20 22:14:00,11.581938773039397,25.5642120584824,-4.2957508314271236,127.37247278051467,0.0,-0.0160608480212849,0.011468675833759639,0.038275883921662576,-63.0678746413553,0,-0.027089923433047502,0.009664507687812574,-127.37247278051467,0.043064192254438735,0.008700186339777908
2026-09-20 22:15:00,11.561679686216953,25.538466065497754,-4.414534915918673,127.58260103534738,0.0,0.03309026561730067,0.017519476758251582,0.048548654169786584,-60.389339605302794,0,-0.020259086822443706,-0.025745992984646193,-127.58260103534738,0.06130962050285391,0.007453730544249958
2026-09-20 22:16:00,11.202081964672955,25.651799493741148,-4.623392185136053,133.03082376050804,0.0,-0.0050576013155674785,0.015777284317042502,0.036365349838145385,-61.88370755058266,0,-0.3595977215439987,0.11333342824339354,-133.03082376050804,0.039961740456826024,0.009673122822601738
2026-09-20 22:17:00,10.919548180766164,25.667115395623323,-4.29857937382475,129.8669156334653,0.0,-0.04883413973804974,0.022175533206144658,0.04722551490649025,-62.737430231540195,0,-0.28253378390679096,0.015315901882175353,-129.8669156334653,0.07146171517053956,0.010591289730445633
2026-09-20 22:18:00,11.568768742330379,25.76112840406644,-4.72413378151526,134.13540206636142,0.0,0.024201318663511863,0.024822686400296036,0.04719362520686544,-63.46104279059114,0,0.6492205615642153,0.09401300844311677,-134.13540206636142,0.058558584728000164,0.010468107765078262
2026-09-20 22:19:00,11.670833521442988,25.9584611333295,-4.441683471190107,127.98546337905836,0.0,-0.006127627283247149,-0.042571804176538615,0.025363158760944374,-63.4241225964178,0,0.10206477911260947,0.19733272926306,-127.98546337905836,0.04993191513752316,0.010550561538535378
2026-09-20 22:20:00,10.879379021846265,25.985098244034056,-4.70114480519124,129.83566491898353,0.0,-0.036988160117568114,0.009008239198589332,0.0553063516374451,-62.590808294941674,0,-0.791454499596723,0.026637110704555766,-129.83566491898353,0.06714212458499197,0.010847955596447066
2026-09-20 22:21:00,10.50358013800847,26.12908391984323,-4.816435854366242,127.23276104546814,0.0,-0.006333669759268196,-0.010592163991391176,0.0481731023331868,-60.39585208239917,0,-0.37579888383779547,0.14398567580917288,-127.23276104546814,0.04972883568960448,0.011061417417075165
2026-09-20 22:22:00,11.07311134049898,26.154897282930705,-4.780415781681012,130.0220880442707,0.0,0.010420077932098062,-0.014948484919808722,0.06181896452771936,-63.02732045465565,0,0.5695312024905093,0.02581336308747595,-130.0220880442707,0.06444858106109218,0.010381303136508537
2026-09-20 22:23:00,10.102393345659353,26.26197215675256,-4.486273207314202,125.5643591890036,0.0,0.008080983330659385,0.011208292644174108,0.05215531979794083,-61.13463039412554,0,-0.9707179948396263,0.10707487382185477,-125.5643591890036,0.053954661511433105,0.010404073953314198
2026-09-20 22:24:00,10.348436245568053,26.30648515223033,-4.578453630397423,128.53709973713512,0.0,0.035968299583296386,-0.034605909597915034,0.057356085703155486,-62.869056905573174,0,0.24604289990869965,0.044512995477770545,-128.53709973713512,0.07603294102690322,0.01106737352661694
2026-09-20 22:25:00,10.159372258992244,26.51750073438241,-4.103715629215195,125.69123840521564,0.0,-0.01705535725139861,-0.0350221721174464,0.06190038753207044,-64.09134884834712,0,-0.18906398657580858,0.21101558215207916,-125.69123840521564,0.07313751245029719,0.011911428701453267
2026-09-20 22:26:00,9.946935566666482,26.36148597624446,-4.70095062718085,132.08176969957378,0.0,0.000934402405299446,0.012671454881634344,0.04868282917229254,-63.5698189801849,0,-0.21243669232576146,-0.15601475813794963,-132.08176969957378,0.05031358397978564,0.01027128691088305
2026-09-20 22:27:00,10.144953696240831,26.779472354835043,-4.483865883311977,132.14976801927895,0.0,-0.013991385571568439,0.009755720350217958,0.04999176811136098,-64.57721540387136,0,0.19801812957434883,0.41798637859058374,-132.14976801927895,0.05282149021623717,0.009942889933267265
2026-09-20 22:28:00,9.91174244641721,26.980364588186788,-4.544487298620512,124.80921180854696,0.0,-0.03084385788374446,0.0027346531174302045,0.03426456776609768,-64.3636405286125,0,-0.23321124982362207,0.20089223335174466,-124.80921180854696,0.04618314087437965,0.010819405253913068
2026-09-20 22:29:00,10.12494941844637,27.19947048550302,-4.848108649885251,134.00165723650173,0.0,0.017710547446119097,-0.017598268094462736,0.062395377452342415,-64.61522212745278,0,0.21320697202916072,0.21910589731623276,-134.00165723650173,0.06720525022783638,0.01070086881809447
2026-09-20 22:30:00,22.00815315030174,27.973132212247503,1.2948346708557232,137.49224537925957,181.19005893167113,0.009265391382950404,0.014876592691642486,0.048543026002784456,-63.903803867481265,0,11.883203731855371,0.7736617267444821,43.69781355241156,0.051609939557214074,0.010691861097037781
2026-09-20 22:31:00,22.01351716002612,28.20131059153298,1.6281582867119222,130.138019160209,179.88348806025164,0.005673568993977054,0.013606057841209518,0.03994269449652019,-60.4976145710836,0,0.005364009724377894,0.22817837928547746,49.745468900042624,0.04257620272816848,0.01155174177690616
2026-09-20 22:32:00,22.288179659609153,28.11436769041676,2.001254865570524,128.07665721932608,181.16069766366374,0.008535803865172891,0.0017060903009490837,0.05739722486487428,-61.830553275088945,0,0.2746624995830338,-0.08694290111622038,53.08404044433766,0.05805352800587261,0.011319196904384326
2026-09-20 22:33:00,22.528497839523283,28.49098964176696,1.5239696673613137,138.47299177300914,181.10180544891878,-0.0137094570537684,-0.02354642082539543,0.028202188080357484,-62.77954114048617,0,0.24031817991413007,0.3766219513501987,42.62881367590964,0.039214111731819115,0.012666754787274241
2026-09-20 22:34:00,23.037631141516073,28.490843198567497,2.2524523874524633,126.04309450509247,183.83130508233694,-0.020113901746363867,-0.008504966914590135,0.045707257771268224,-61.9433714146224,0,0.5091333019927902,-0.00014644319946199857,57.78821057724447,0.05065626238334024,0.010500703358202027
2026-09-20 22:35:00,22.94508701669884,28.69715639042445,1.9304321724209077,130.06031940060728,183.09739811766042,0.0007529474433872055,0.016756673550488856,0.05908311041211841,-63.09215119386057,0,-0.09254412481723406,0.20631319185695318,53.037078717053134,0.06141796947393109,0.00848621160618593
2026-09-20 22:36:00,23.429491348881186,28.95482930098524,1.9385740230487716,130.53886681789578,186.79268036043274,0.023224228048232282,0.026543824456035738,0.04562278148034095,-65.03831427969864,0,0.484404332182347,0.2576729105607889,56.25381354253696,0.05766608687254651,0.008640479656425913
2026-09-20 22:37:00,23.547335124888203,29.252406100177357,2.1737665522985146,134.03544286135724,182.87044388850867,0.03216154270907094,-0.0065307320675265694,0.04282078049051419,-59.53941458727848,0,0.11784377600701745,0.2975767991921181,48.835001027151435,0.053950296872047096,0.008649025999477802
2026-09-20 22:38:00,23.729132578304824,29.308137053675257,1.9589008804970316,131.07921692538036,186.45430156409031,0.01590865413614866,-0.004993459356165248,0.0458384520288705,-62.4527383409921,0,0.18179745341662112,0.055730953497899804,55.37508463870995,0.04877687563967516,0.008463676854358365
2026-09-20 22:39:00,24.15621592754871,29.4134292832013,2.3730068175847636,128.50409831263465,188.43548377465834,0.0005834885353619189,-0.0032337821605012223,0.029900707355314266,-63.393946432693305,0,0.4270833492438868,0.105292229526043,59.931385462023684,0.030080726491902077,0.009653725248279971
2026-09-20 22:40:00,23.58188489049304,29.543971468727634,2.12104144411563,127.14644688883614,188.78237888072397,0.005395678587998721,0.005497860178219443,0.05715478431783034,-64.91667807942827,0,-0.5743310370556713,0.130542185526334,61.63593199188783,0.057671563047848325,0.009992262954923649
2026-09-20 22:41:00,23.9487939838305,29.602011711305718,2.474905838352205,128.97453453926158,194.29814092857535,0.0002318771865074288,-0.011621346001200477,0.048771139580230875,-64.66874342073842,0,0.3669090933374619,0.058040242578083934,65.32360638931377,0.05013714696573394,0.009647687782047788
2026-09-20 22:42:00,24.787559533670013,29.73899188591154,2.437059310103321,126.97921791716456,190.0199909088081,-0.020518866793988563,-0.057883701151431675,0.047276753900052385,-61.72460115284067,0,0.8387655498395112,0.1369801746058208,63.040772991643536,0.07750250455839358,0.012744258331417858
2026-09-20 22:43:00,24.34355067276738,29.948175786831676,2.0946982762984687,130.14347595935405,187.6274726604879,0.000492947564210859,0.023855380032941933,0.04731331383590959,-62.092903775882085,0,-0.4440088609026347,0.20918390092013794,57.48399670113386,0.052989355723130085,0.011835827324040062
2026-09-20 22:44:00,23.73233364197901,29.870484607391578,1.7203947492209626,128.30741146041854,189.66356880570646,-0.026696536351769863,0.035893778943250985,0.050140797984645845,-63.06712892467198,0,-0.6112170307883673,-0.07769117944009807,61.356157345287926,0.06719500013055586,0.012443419332001208
2026-09-20 22:45:00,24.665664537148974,30.162982867048044,2.1788137271346826,125.51788662013075,186.42245719910764,-0.0024815445220607918,-0.012247997192114252,0.05653437370672067,-65.169109951224,0,0.9333308951699628,0.29249825965646536,60.90457057897689,0.05789910974137821,0.012314055037439512
2026-09-20 22:46:00,24.909906222647066,30.15013734281318,2.2485598369340245,133.7654373651247,189.83453653182153,0.03272210221192638,-0.02133306737837548,0.049479364588007516,-62.784313292114014,0,0.24424168549809266,-0.012845524234862182,56.069099166696816,0.06304001314221815,0.012539765467105267
2026-09-20 22:47:00,24.219987685331805,30.34712911148041,2.2391945080630564,128.50698242971288,188.25053599052316,0.016457184455667035,-0.0027420104478044437,0.03638363451820188,-64.08965697675595,0,-0.6899185373152612,0.19699176866722823,59.743553560810284,0.04002657120286234,0.013518154070781352
2026-09-20 22:48:00,25.533488330476317,30.42620706064127,2.4239416062897137,126.19558958507406,191.56925685990225,-0.018462383684730594,-0.0037500776745754585,0.05575516121544068,-64.13286394664536,0,1.3135006451445115,0.07907794916086175,65.3736672748282,0.05885202372091665,0.01341664379600343
2026-09-20 22:49:00,25.039548279997813,30.217961469731634,1.7580021036065563,129.4952225965374,188.36392032768308,-0.001448581392845664,0.01991037154325919,0.054985696910042264,-64.59143908991818,0,-0.4939400504785034,-0.20824559090963746,58.86869773114569,0.058497420009136776,0.009999510385736052
2026-09-20 22:50:00,25.46445287378784,30.37168667708556,1.9507064051065366,130.20511469790299,188.85944243666634,-0.016687526235094757,0.0010927888329007572,0.05205526998216461,-66.79415782866923,0,0.42490459379002843,0.1537252073539257,58.65432773876336,0.05467557820632843,0.01006777893043738
2026-09-20 22:51:00,25.40189843877285,30.378071556177087,2.3179993176737534,124.7605998232629,187.36097798367993,-0.0012502753635442005,-0.015852456607423664,0.060752413069613195,-66.73289911769535,0,-0.06255443501499158,0.006384879091527296,62.60037816041704,0.06279903870885162,0.009748802375839909
2026-09-20 22:52:00,25.17832401448453,30.305185713330324,2.245209646090423,130.9949430013773,191.56266674190255,0.02082215633049126,-0.026368189011160982,0.05030378676412959,-66.28881254526486,0,-0.2235744242883193,-0.07288584284676247,60.56772374052525,0.06049226850425389,0.007439603603652343
2026-09-20 22:53:00,25.329903320651457,30.394992532702307,2.3842204737266584,126.8585272939292,186.81456658953138,0.013060158766198076,0.01731268369639347,0.061113760889892565,-65.37340710609466,0,0.1515793061669264,0.08980681937198298,59.95603929560218,0.06484742503659363,0.0075588725873782575
2026-09-20 22:54:00,25.44763149294064,30.743059592130294,1.9455502012885508,135.13308642757235,190.4197458924699,0.04968288161490672,0.011990224823284991,0.06407211021478397,-67.62887259188457,0,0.11772817228918342,0.34806705942798644,55.286659464897554,0.08195968230934757,0.01031377822307366
2026-09-20 22:55:00,26.121640050177437,30.549470884000655,2.082634225514974,131.5718815362302,187.6130249652761,0.02384954805015143,0.021211197561836377,0.055823128855244826,-66.64651591087903,0,0.674008557236796,-0.19358870812963858,56.04114342904592,0.06430348014993437,0.010346303737752492
2026-09-20 22:56:00,25.809971285238724,30.658778585318405,2.050376532072449,128.80030002967206,186.1191471728854,0.004080007621553829,-0.019363735014421877,0.04252066378122063,-66.86029744849027,0,-0.31166876493871243,0.10930770131774992,57.31884714321333,0.0468999738197826,0.011207031643113378
2026-09-20 22:57:00,25.746333776341114,30.51752892119732,1.8471388958398807,127.76449668904795,185.01126509697332,0.013542999482665864,0.03676873799056658,0.048692142814975595,-66.09178117884065,0,-0.06363750889761022,-0.14124966412108364,57.24676840792537,0.06250022160217035,0.00892598686690876
2026-09-20 22:58:00,25.66141624617677,30.31718752761007,1.4935695630911379,129.68509687730912,184.13747609799157,-0.004048863483666714,-0.03487389014114474,0.06238856034058374,-66.39760288364197,0,-0.08491753016434345,-0.20034139358725156,54.452379220682445,0.07158850445746621,0.009389690707307398
2026-09-20 22:59:00,26.329697030608195,30.299323107084987,1.7540153637366844,131.83837222474986,178.5371481334486,-0.022550084941729925,0.014192020428029592,0.03502372133930493,-68.25587143088363,0,0.668280784431424,-0.017864420525082636,46.698775908698735,0.044006599859136214,0.01109960617928335
2026-09-20 23:00:00,26.429240328173293,30.332087185088238,1.8537150016130182,129.9235176142444,180.85343329229715,0.026115531565750413,-0.038191655343938036,0.046080463318213916,-65.9567446771535,0,0.0995432975650985,0.03276407800325032,50.929915678052765,0.06529956069142515,0.010890151073736252
2026-09-20 23:01:00,26.35455822636943,30.242637964391207,1.760564955441113,129.34852357858944,182.10612256670154,0.020179829538632958,-0.015806627633969356,0.04657035163553256,-68.7077751848238,0,-0.07468210180386237,-0.08944922069703054,52.75759898811211,0.05315893761941069,0.011277542673646921
2026-09-20 23:02:00,26.146025613912272,30.057027705844032,1.4312851503511943,130.1751108724537,179.31846419877598,-0.004821084291879285,0.03122045860895918,0.041347893996462666,-66.57574026273838,0,-0.2085326124571587,-0.18561025854717528,49.143353326322284,0.052034682928272485,0.011672218580035207
2026-09-20 23:03:00,26.07440912637689,29.870241692491057,1.819652908548577,128.18842320628914,175.61216336496037,0.005478714738626765,0.01662728508951979,0.05872878949918787,-68.32305203424578,0,-0.0716164875353833,-0.1867860133529753,47.42374015867122,0.061282572079469154,0.01158422186024572
2026-09-20 23:04:00,25.601877896417104,30.24751626369901,1.6742944801289563,128.97038221947088,177.33978007857675,0.024818783747696128,-0.010924408309743639,0.053768150710407775,-67.69466345528006,0,-0.4725312299597846,0.37727457120795194,48.369397859105874,0.06021900658803685,0.008765434404934998
2026-09-20 23:05:00,25.86219804948243,29.79359973711153,2.117009089913979,123.74262268328499,179.90037875561478,0.016927028524120404,-0.010376740856433765,0.04288941643399508,-67.69844439145768,0,0.26032015306532585,-0.45391652658747716,56.15775607232979,0.04726206816789353,0.009082539154724064
2026-09-20 23:06:00,25.69023246250885,29.656084062059616,1.985216859852487,132.9211786925571,178.0685789981209,-0.029262025024993976,0.0020124422167088424,0.056055129202358396,-67.77227004909254,0,-0.171965586973581,-0.1375156750519153,45.14740030556379,0.06326526331354403,0.008639100399809052
2026-09-20 23:07:00,25.29744717920579,29.573432277622004,1.1317580107652625,130.8963933409653,174.57763057218298,0.0048724004297964855,0.010282819815214455,0.04841583765331782,-67.32041101883782,0,-0.3927852833030592,-0.08265178443761201,43.68123723121769,0.04973499778800513,0.008850900573617551
2026-09-20 23:08:00,26.102313376499268,29.404326761657018,1.578104380287716,127.67963246789971,175.784319644689,-0.0033526305097672806,0.025031587653653934,0.041098054267776574,-67.60759749227668,0,0.8048661972934781,-0.16910551596498635,48.104687176789284,0.04823764687870554,0.007486606254246037
2026-09-20 23:09:00,25.507089876097794,29.301026320324212,1.2685934281718474,135.69620494406573,172.38932436742417,0.022260013982773615,-0.009124680092169891,0.04287081589757133,-67.1987398983711,0,-0.5952235004014739,-0.1033004413328058,36.69311942335844,0.04915968739751274,0.006837067693835588
2026-09-20 23:10:00,25.99597227953332,29.27187629520117,1.6753646074039767,130.26104944117716,169.02423187326727,0.020620854775653227,-0.03223570126974403,0.054360510747759404,-67.48040205378811,0,0.48888240343552525,-0.02915002512304099,38.763182432090105,0.06647875763571415,0.007042196850197663
2026-09-20 23:11:00,25.813973394761508,28.980075930195735,1.211173954338074,126.89156928407441,169.9682969130968,0.0263721565635609,0.0031393725409752005,0.05939009878521839,-69.1516705498295,0,-0.18199888477181148,-0.29180036500543594,43.076727629022386,0.0650578983328081,0.007659143167922928
2026-09-20 23:12:00,25.61985285958552,28.721199331456987,1.8814510461528768,132.57021226441137,174.41001981288053,-0.022357886774404152,-0.009148616750167897,0.04513231767045214,-67.53957098731439,0,-0.19412053517598693,-0.25887659873874824,41.83980754846917,0.05119080374212868,0.007715474178735464
2026-09-20 23:13:00,25.531460384722944,28.662524880957847,1.4234643881460816,131.1941446495278,170.29035446884686,-0.015682230681124777,-0.026012674094968945,0.05544441333669012,-68.27589650864293,0,-0.08839247486257662,-0.05867445049914011,39.09620981931906,0.0632192576906501,0.007880089893524457
2026-09-20 23:14:00,25.04939145065625,28.470452687586217,1.3669952728640202,131.18373995645265,169.99721130235483,0.022281648722708772,0.0059533783062558875,0.06581754157577482,-68.705123006716,0,-0.48206893406669593,-0.1920721933716294,38.81347134590217,0.06974140349991843,0.008904028602224945
2026-09-20 23:15:00,25.669647832938885,28.495189913874356,1.421184091811721,128.72273318604522,169.62502243079928,-0.011832916306848913,-0.004262275081855783,0.037411294436297475,-67.75151796469599,0,0.620256382282637,0.02473722628813846,40.90228924475406,0.039468846557730086,0.010139001307962732
2026-09-20 23:16:00,24.995758477992794,28.304251661611072,1.431314392545326,131.3514871713341,173.8713631428114,-0.030428659618286148,0.006130244129395888,0.05355669872838624,-67.12717492022465,0,-0.6738893549460911,-0.1909382522632832,42.51987597147729,0.0619015605452289,0.01004748437050077
2026-09-20 23:17:00,24.93647291669899,28.03140056592634,1.7824076420590593,129.21472512933673,173.25268525508312,0.010651929752281306,-0.017888884003743607,0.05830655691295408,-66.8934327038908,0,-0.059285561293805245,-0.2728510956847323,44.037960125746395,0.06191227953637697,0.009883976934283098
2026-09-20 23:18:00,24.507129822134612,27.726191055949126,1.3151562071692382,131.66782435493752,174.47591437853785,-0.010944368805319456,0.009734210606509973,0.049048501834011694,-65.90490611745058,0,-0.429343094564377,-0.30520950997721386,42.80809002360033,0.051188764361330207,0.009612486621252128
2026-09-20 23:19:00,24.27170923030493,27.56554035204126,1.6966620082926456,124.28516663796809,169.85738345295658,0.03579581540616801,-0.02634196393509957,0.06238283210855647,-65.45783517761421,0,-0.23542059182968345,-0.16065070390786573,45.572216814988494,0.07659541243726602,0.010685924024348847
2026-09-20 23:20:00,24.53707737905865,27.52509241896974,1.4340074747086187,128.69837961106242,171.0020062308628,0.005923691079769271,-0.016554627793931662,0.07198837038261284,-66.2208260453965,0,0.2653681487537227,-0.04044793307151906,42.30362661980038,0.07410446199621452,0.011394661803680622
2026-09-20 23:21:00,24.295988918347305,27.394779541865052,1.0097912668849132,135.16646529342458,167.7085680778811,0.0032051857328333107,-0.004858284621745554,0.053433553483863035,-65.82115609273197,0,-0.24108846071134593,-0.1303128771046893,32.54210278445652,0.05374961193311724,0.011555500514099983
2026-09-20 23:22:00,23.82519977751508,27.164090409246334,2.1750709158952053,127.6987976337991,174.11932229503503,-0.007384877832315141,0.03483636829919429,0.04766410267722001,-66.01482091771196,0,-0.470789140832224,-0.2306891326187177,46.42052466123593,0.05949769458474757,0.011117612831047173
2026-09-20 23:23:00,23.456594149526907,26.99748851958825,1.5535701957972872,128.18848510752045,169.3417664752251,0.031816706678539426,0.015696507370969875,0.05976982807661957,-65.10706719294491,0,-0.368605627988174,-0.16660188965808587,41.153281367704665,0.06950622645363355,0.011421985170564766
2026-09-20 23:24:00,23.328542594737055,26.834418968445007,1.6958599041934894,128.65611598465009,172.7059062519654,0.007171089197796418,0.021543850085355795,0.05842068860377902,-65.14539925945527,0,-0.12805155478985242,-0.1630695511432414,44.0497902673153,0.06267805719486488,0.011087531808139784
2026-09-20 23:25:00,23.88548408333666,26.744467982504744,1.8130700024443154,126.35558159233408,170.7499916890304,-0.008169990363124128,0.02834154066686289,0.024811690450818158,-65.44058119552808,0,0.5569414885996053,-0.08995098594026274,44.39441009669632,0.03854363310499161,0.011289739998329058
2026-09-20 23:26:00,23.155976456228597,26.36720731250949,1.4705315215250108,123.37515767131524,172.5095999677994,-0.01588167413210894,0.07205664271621746,0.049972644439088866,-62.985136587211436,0,-0.7295076271080632,-0.3772606699952554,49.13444229648417,0.08911594989117667,0.01439332337129179
2026-09-20 23:27:00,23.048239485667427,26.360222609766232,1.904400485663516,129.30824080442918,172.81861971192424,-0.0014694610912843575,0.0008317813511686799,0.046054005332608866,-65.43337690477789,0,-0.10773697056117015,-0.006984702743256577,43.51037890749507,0.04608494963966996,0.015442408620076262
2026-09-20 23:28:00,23.392099394483648,26.279317816474638,1.060017471881908,130.40757827224496,174.1382276845108,-0.019552936743096112,0.02840801846259711,0.05396705691513917,-63.1835938966943,0,0.34385990881622064,-0.0809047932915945,43.73064941226585,0.06404510973003831,0.014960114243059196
2026-09-20 23:29:00,22.425045420998185,26.341806907221198,1.4655504019571401,129.84248479438403,175.18298794539967,0.020577548833578884,0.020252705088038822,0.0480634171970621,-65.74571317328062,0,-0.9670539734854628,0.06248909074655984,45.34050315101564,0.056068704747303036,0.014342693410744446
2026-09-20 23:30:00,13.089188794012106,26.026612397537285,-4.719140774427078,129.56536431415634,0.0,-0.03616684108048468,0.019920650066150517,0.04914823907728998,-63.33539690715886,0,-9.335856626986079,-0.3151945096839128,-129.56536431415634,0.06419051407488112,0.013690101401756674
2026-09-20 23:31:00,12.972920916139435,26.0213835525798,-4.531123991739869,130.12912261255116,0.0,-0.002790280566661416,0.035484792360803624,0.04136787240538919,-62.475944498271375,0,-0.11626787787267112,-0.00522884495748599,-130.12912261255116,0.0545734094763979,0.013648398846032167
2026-09-20 23:32:00,13.579888097499545,25.93020476289512,-4.708703647294999,133.0685244146523,0.0,0.012202670901758687,-0.00838626061968953,0.057345292184244875,-65.59077895213584,0,0.6069671813601101,-0.09117878968467963,-133.0685244146523,0.059225983149411715,0.01365073229992097
2026-09-20 23:33:00,13.578536692856122,25.950852219532106,-4.655815142504405,129.42866144221236,0.0,0.006842388402193143,-0.009973700478727589,0.06655042221468732,-63.32479299521939,0,-0.001351404643422427,0.020647456636986306,-129.42866144221236,0.06764060671844233,0.013524666942500123
2026-09-20 23:34:00,13.087688439654544,25.870508979875243,-4.583747764237623,128.2777522687382,0.0,-0.014345659460313378,0.006395310269637231,0.041523280507849654,-62.53917548917844,0,-0.49084825320157854,-0.08034323965686241,-128.2777522687382,0.04439460285811523,0.01436469921092001
2026-09-20 23:35:00,12.975102051171348,25.671713449943603,-4.808341159895076,129.15662354533575,0.0,0.013205174134130984,-0.003653995438437743,0.03602944976853027,-62.805585781691455,0,-0.11258638848319613,-0.1987955299316404,-129.15662354533575,0.03854671914962273,0.014364225531242903
2026-09-20 23:36:00,12.44055923910102,25.573446341157265,-5.004376488870776,131.73804027927034,0.0,-0.01772078776771815,0.0063700170599634625,0.05020003219827464,-62.49583474151926,0,-0.5345428120703275,-0.09826710878633804,-131.73804027927034,0.05361573154551326,0.009484293265503546
2026-09-20 23:37:00,13.07071255597232,25.5087120143455,-4.648843412519565,134.23608063562975,0.0,-0.00044769312993620143,0.03125497570106023,0.049713443389647366,-62.568964217710196,0,0.6301533168712989,-0.06473432681176305,-134.23608063562975,0.05872393369715734,0.009018872578560393
2026-09-20 23:38:00,12.436509672391853,25.515862874824784,-4.436814805438922,128.11556878249246,0.0,0.013036831439607113,-0.009562934454125567,0.0617093278612036,-63.6465588879558,0,-0.6342028835804658,0.0071508604792818176,-128.11556878249246,0.06379223960984713,0.00899445033121849
2026-09-20 23:39:00,12.480238133205031,25.47236915548398,-4.336558316435969,130.29680136108666,0.0,0.009258255589862265,-0.006093579251874609,0.03770805047621468,-60.04837715636,0,0.043728460813177605,-0.04349371934080182,-130.29680136108666,0.03930323237830251,0.010442224828349672
2026-09-20 23:40:00,12.059755287845874,25.557975448191,-4.837113145284753,131.0150723258079,0.0,-0.01350078022838936,0.0034862200705315406,0.044620448249759026,-62.80200342702894,0,-0.4204828453591567,0.0856062927070198,-131.0150723258079,0.04674836039012352,0.01007557777928807
2026-09-20 23:41:00,11.87770458036188,25.5425792941048,-4.39794645721887,127.02226597981353,0.0,0.023949890331287266,-0.004566368520503385,0.028522967607331473,-61.76509694159134,0,-0.18205070748399343,-0.015396154086200653,-127.02226597981353,0.03752344133304689,0.011105151818888328
2026-09-20 23:42:00,12.323914710999942,25.5687685970249,-4.701786042160045,130.06125150163876,0.0,0.001733891429710681,-0.03828011656026974,0.06374983636211823,-62.76632881713432,0,0.44621013063806103,0.026189302920098356,-130.06125150163876,0.07438020798273363,0.013196768365853193
2026-09-20 23:43:00,11.854584294325402,25.655621411426306,-4.247725661103222,125.60297842797371,0.0,0.01485990821878303,-0.01160255285397879,0.052505446283233635,-64.33557526393903,0,-0.46933041667453956,0.08685281440140713,-125.60297842797371,0.055787615062857454,0.012175242954075393
2026-09-20 23:44:00,11.997110403783344,25.747059591091663,-4.248923483549436,124.6928490887818,0.0,0.03058202013346495,0.013747464844750088,0.04536567086019204,-62.94485473406727,0,0.14252610945794153,0.0914381796653565,-124.6928490887818,0.05641185015310677,0.012011919916648236
2026-09-20 23:45:00,11.50927408059706,25.61515565268291,-4.639909521000708,131.10023922367677,0.0,0.02235041097549214,0.02875093501865293,0.03677728521408824,-63.449258437601635,0,-0.48783632318628456,-0.13190393840875458,-131.10023922367677,0.05175640871369068,0.010992045612778858
2026-09-20 23:46:00,11.051664039677561,25.765203093429296,-4.6696337376191845,128.84837577600766,0.0,0.022402588126620878,-0.023092371350754533,0.03769523941822749,-60.91220390708965,0,-0.45761004091949786,0.15004744074638765,-128.84837577600766,0.04955869897575657,0.011074340895258928
2026-09-20 23:47:00,11.007752021449086,25.683075323026856,-4.47234360795205,130.60684122286366,0.0,0.003853598596989445,-0.02318564798461686,0.054142668997913916,-62.63355426769656,0,-0.04391201822847535,-0.08212777040244035,-130.60684122286366,0.05902417386826313,0.011090777575322933
2026-09-20 23:48:00,11.093856230138629,25.909864059057917,-4.511558919240649,129.94631506897494,0.0,0.015878702418210194,0.0006046760543467123,0.0389257495439929,-62.584328461995895,0,0.08610420868954272,0.22678873603106098,-129.94631506897494,0.042044176780838965,0.010964343022130202
2026-09-20 23:49:00,10.759391399093419,25.980448823470578,-4.675130932346115,127.07079985400861,0.0,0.004271931491286322,-0.04151190129755673,0.05104005423148569,-63.198452510784705,0,-0.3344648310452101,0.07058476441266137,-127.07079985400861,0.06592855590680974,0.010972653321727806
2026-09-20 23:50:00,10.50415459769335,26.06751811807535,-4.903568202342564,129.86423709410698,0.0,-0.024186489355568268,-0.008899404059742549,0.07042944861135031,-62.12386149213197,0,-0.2552368014000681,0.08706929460477042,-129.86423709410698,0.0749966192015641,0.012457899820533785
2026-09-20 23:51:00,11.091039357650837,26.077495765229184,-4.568445726027624,126.30069608495543,0.0,0.006054875850100847,-0.03472084119102787,0.0465241237705518,-63.03743948229405,0,0.5868847599574867,0.009977647153835534,-126.30069608495543,0.05836687782630089,0.010470435403092858
2026-09-20 23:52:00,10.467014079939236,26.111248317194196,-4.488807132430508,134.1729170740042,0.0,0.0051272196747693104,0.027381225996849303,0.04038555556025621,-61.45030384473462,0,-0.6240252777116009,0.033752551965012145,-134.1729170740042,0.04906131894470856,0.009285333530408228
2026-09-20 23:53:00,10.577878301895288,26.15672104754649,-4.268277174161254,125.9320889654201,0.0,0.011674587230436384,-0.015386623087008089,0.053820072054527636,-62.28004590338258,0,0.11086422195605117,0.04547273035229438,-125.9320889654201,0.057180803710487185,0.009287349214123823
2026-09-20 23:54:00,10.537708319945182,26.417829684567085,-4.844345643473197,129.41264418709426,0.0,-0.0025599395042679037,0.03305668372678054,0.03774208259218273,-63.310119022694536,0,-0.04016998195010579,0.2611086370205946,-129.41264418709426,0.05023706229143033,0.009491923221274531
2026-09-20 23:55:00,10.191761436799963,26.707805649864145,-4.764736670174922,126.87318523585826,0.0,-0.015229111135277014,0.022270427069166782,0.06719984530329404,-62.05996540540842,0,-0.3459468831452188,0.28997596529706016,-126.87318523585826,0.07241351363247293,0.01068340847140202
2026-09-20 23:56:00,10.73003607169425,26.662612941666964,-4.449036927209902,131.71126352008238,0.0,0.013130121663504541,-0.012926345953948336,0.06403619668528335,-63.08866726871126,0,0.5382746348942877,-0.04519270819718102,-131.71126352008238,0.06663426296235204,0.010569411986239395
2026-09-20 23:57:00,9.893818437755979,26.917007210011615,-4.834473819742834,129.00570588615548,0.0,-0.02626544574504496,-0.02143919273692155,0.04835828381046356,-63.274730574443964,0,-0.8362176339382721,0.25439426834465095,-129.00570588615548,0.05905959903766798,0.010569207673486054
2026-09-20 23:58:00,10.24948164924363,27.072947145957766,-4.485426643883612,128.44399984113636,0.0,0.029176382717129384,-0.0038709149833517724,0.041027068185757805,-64.97030698038058,0,0.3556632114876521,0.15593993594615085,-128.44399984113636,0.05049223321644195,0.009268293221303148
2026-09-20 23:59:00,10.194988391114748,27.11473449798329,-4.857485837179932,132.55960463515467,0.0,-0.004628361224099848,-0.0020929324851640643,0.0457423012722464,-63.80056019836218,0,-0.054493258128882616,0.04178735202552275,-132.55960463515467,0.04602347465901679,0.01006140041335502
